-0.0108336 0.116804 -0.0157483
0.0449549 0.0889654 0.0201657
-0.00260981 0.0434451 -0.0255195
0.0280342 0.0346822 0.009507
-0.0228318 0.114095 -0.016802
0.0376787 0.105425 -0.00281358
-0.0494896 0.157875 0.00921755
-0.00975763 0.0742329 -0.0379217
-0.0166719 0.128014 0.0194984
-0.0774993 0.127442 0.0532862
-0.0266217 0.0436536 -0.0288174
-0.0859012 0.0899317 0.000454719
-0.0768829 0.108524 0.037335
-0.0573985 0.155942 0.000257732
0.0232916 0.104676 0.0408599
-0.00349112 0.118315 0.0390164
-0.0701097 0.156012 0.00122102
-0.0846364 0.0845811 0.0264985
-0.0841353 0.146019 0.0379782
0.0143759 0.121374 -0.0108038
-0.0778811 0.104813 -0.00803583
-0.00546375 0.117984 -0.0150376
0.02824 0.0686155 0.0425458
-0.0614858 0.175719 -0.0606762
-0.0241255 0.089259 0.0519927
-0.0736067 0.154075 -0.0289008
0.0171824 0.126495 -0.000336309
-0.0495789 0.046041 -0.00928879
-0.0641121 0.152654 -0.0038572
-0.0817829 0.110167 0.0313299
-0.0155135 0.0631057 0.0533345
0.028771 0.0495105 -0.0157345
-0.0765967 0.152807 -0.00988734
-0.0828255 0.0924347 -0.00656966
0.0327554 0.116907 0.00609585
-0.0197571 0.0971344 0.046022
0.0562979 0.0633024 0.00123284
-0.0733702 0.171289 -0.0318245
-0.0851762 0.106326 0.0223754
0.0203456 0.053671 -0.0267089
0.0185111 0.114004 0.0370685
0.0137184 0.0699424 0.0531931
-0.0308996 0.107699 -0.0200324
-0.0654729 0.17978 -0.0563035
-0.0444987 0.125316 -0.00848377
-0.0428901 0.0435976 -0.0193145
0.0122157 0.0346138 -0.0197432
-0.0844521 0.153452 0.0225801
-0.0384866 0.112537 0.0353486
-0.0240484 0.159369 -0.0122932
0.00149286 0.100277 0.0469858
-0.0527544 0.03448 0.0379838
-0.0227774 0.0713561 -0.0378898
-0.0335401 0.0732865 0.0413362
0.0289099 0.0929198 0.0437028
0.0214853 0.0948038 0.0473574
0.0142784 0.11622 -0.015243
-0.0580097 0.136726 0.0336791
0.0528846 0.0533107 -0.0017243
0.0273536 0.106086 0.0379553
0.0420841 0.090131 -0.00780186
-0.0173959 0.0348327 0.0487444
0.0418505 0.0929433 -0.00581175
-0.00868086 0.056987 -0.0336771
-0.0477053 0.0708612 -0.0154107
0.0450752 0.0819431 0.00117926
-0.0471085 0.0683456 0.0397676
-0.0839561 0.144602 0.00415973
0.0415851 0.0779004 0.0302476
-0.0669938 0.0358141 0.0313063
-0.0338762 0.105703 -0.0205658
-0.0638047 0.152122 -0.00224548
-0.0586226 0.156199 0.00971481
-0.0788477 0.0773102 0.0306071
-0.0404973 0.0972715 0.0419896
-0.0577531 0.141417 -0.00374252
0.0123862 0.0342845 -0.0119874
-0.0569183 0.115707 -0.0143002
0.00230145 0.0612209 -0.0331693
-0.00712049 0.126279 0.0302479
-0.0822477 0.106043 -0.00262262
0.022067 0.0981797 0.0461337
-0.0404833 0.111172 0.036485
-0.0861178 0.0953813 0.000442214
0.028326 0.0882981 -0.0214817
-0.0560415 0.0335011 -0.000906542
-0.0861936 0.111308 0.0401352
-0.0462534 0.123907 0.0259058
-0.0757023 0.177226 -0.0456228
-0.020238 0.0938075 -0.0335417
-9.29522e-05 0.131467 0.0096514
-0.0086601 0.174145 -0.0268323
0.0406295 0.0806796 0.0323988
0.0145324 0.0686382 0.0526166
0.0256473 0.0420743 0.0363142
-0.0815418 0.0912589 0.0328461
-0.0698236 0.144589 -0.0179026
-0.0127593 0.0728576 -0.0383837
0.015268 0.0341755 -6.02454e-05
-0.0898842 0.145774 0.0282412
-0.0921228 0.126953 0.0372491
-0.0666208 0.161046 -0.0135117
-0.0564798 0.081975 0.044689
0.00710547 0.0893998 -0.032814
0.0373216 0.0901862 0.036514
-0.00271622 0.0627636 -0.0349069
-0.0174665 0.17272 -0.016673
-0.034503 0.0874637 0.0428605
-0.0537672 0.0812389 -0.0213883
0.0307633 0.0476275 0.0336614
-0.0295864 0.0462965 0.0488628
-0.071716 0.148756 -0.0367532
-0.0714268 0.173765 -0.0397048
-0.0910601 0.132402 0.0282222
-0.00771091 0.0627931 -0.0356131
-0.0281559 0.0380199 0.00608926
-0.0357211 0.0710689 -0.0174927
0.000702847 0.0392103 -0.00758345
0.000940682 0.0357179 -0.0155776
0.0153634 0.050802 -0.0265798
-0.0454987 0.120637 0.0275066
0.0333802 0.116202 0.0163348
-0.0335083 0.11115 0.0363293
0.00641397 0.0375702 -0.0238447
-0.0567617 0.0782351 -0.019665
-0.0615083 0.170965 -0.0565878
0.0146913 0.0820798 0.0529703
0.0456774 0.0904203 0.00916591
-0.0943085 0.12145 0.0162821
-0.0154115 0.128891 0.0141212
0.039504 0.0914002 0.0327084
0.0387128 0.0407096 0.0245464
-0.0217726 0.172729 -0.0141007
-0.0228147 0.0826618 -0.0384205
-0.0453211 0.0345932 0.035979
-0.051025 0.159915 -0.00453945
0.0257124 0.0795754 0.0477924
-0.0624754 0.163097 -0.0475912
0.0560761 0.0692634 0.0230866
0.00953036 0.10442 0.0445691
-0.0516597 0.0416063 0.0458402
-0.0675927 0.17056 -0.0354212
0.0344174 0.0430387 -0.00433126
0.0396909 0.105526 0.00119339
-0.0723907 0.151114 -0.0412874
0.0192573 0.0903239 -0.0256184
-0.03164 0.0581442 -0.0153958
-0.0263139 0.182659 -0.010558
-0.0282153 0.125116 0.00364014
0.0216001 0.0346735 0.00635285
0.00438413 0.0465246 -0.0275852
0.00324634 0.0726279 -0.0347233
-0.0386619 0.0336282 0.00792475
0.053298 0.0648217 0.0277585
0.0303546 0.107428 0.0353018
-0.0636347 0.156368 -0.0124044
-0.0829482 0.128017 -0.00457928
-0.0804551 0.134426 0.050865
0.0443888 0.0846966 -0.000809941
-0.0332159 0.0709306 -0.0214641
-0.0881528 0.129472 0.0022725
-0.0858754 0.148602 0.0326009
-0.0384895 0.050603 0.0393394
0.0322123 0.0856789 -0.0192748
-0.0627796 0.16313 -0.0285907
-0.0704025 0.156596 -0.000355665
-0.0630317 0.060472 0.0203248
0.0591828 0.0594427 0.0211715
0.0204946 0.0878829 0.0490965
-0.00536465 0.129031 -0.000823415
0.0503218 0.0589081 -0.00447436
0.000512384 0.127929 0.028588
-0.0915032 0.133721 0.0182157
-0.074873 0.120838 -0.00772479
-0.0921915 0.114676 0.0133297
-0.038215 0.0471675 -0.018189
-0.0249013 0.0382346 0.0282196
-0.0571198 0.115445 0.0365816
-0.0399375 0.150681 0.00347523
-0.0918084 0.11461 0.0202058
-0.0607079 0.149875 -0.000940868
-0.0537353 0.0753205 -0.0183524
0.021889 0.0963552 -0.0220144
-0.00688511 0.0982482 0.0516445
-0.00405402 0.0391419 -0.01222
-0.09079 0.1297 0.0392322
-0.0275879 0.0384125 -0.00879832
0.0297353 0.111221 -0.00987421
0.00210157 0.111597 -0.0202587
-0.0102345 0.169322 -0.0249254
-0.030521 0.0636541 -0.0224277
-0.033489 0.172734 -0.00156283
-0.0568164 0.0333332 -0.00454462
-0.0363729 0.176071 -0.00683571
0.0172148 0.0820814 -0.0286624
-0.0335515 0.0373466 -0.0164398
-0.0446861 0.130064 0.0166863
-0.0623267 0.035582 -0.00867786
-0.0518449 0.146252 0.0164181
-0.0615581 0.145382 0.0374116
0.00550383 0.0716948 0.0562222
-0.0384924 0.0478181 0.0398313
0.0172732 0.0792708 -0.0288683
-0.0725432 0.15415 0.0310449
-0.0794167 0.137236 0.0495785
-0.0467161 0.0738381 -0.0169211
-0.0472373 0.134368 0.0171539
-0.0252695 0.156633 -0.00336931
0.0435663 0.0408867 0.018056
-0.051624 0.0589527 -0.00929309
-0.035558 0.0430076 -0.0284728
-0.0386362 0.117281 -0.0140679
-0.0818428 0.103274 -0.0045788
-0.0180555 0.0909221 -0.0366017
-0.0220536 0.0952953 -0.0290683
0.0444988 0.0569914 0.0320977
0.0171905 0.116688 -0.0137466
-0.023911 0.123885 -0.00309916
-0.00449056 0.130995 0.0108991
0.02895 0.086199 0.0437135
0.01814 0.0713245 0.0508426
-0.032145 0.0863362 -0.0265533
-0.0892569 0.122633 0.00330914
-0.0916784 0.144722 0.0181573
-0.00649716 0.0619561 0.0561245
-0.0231171 0.0347933 0.0492623
-0.0125091 0.0815143 0.0575917
0.0202561 0.0791555 -0.0271913
-0.0201767 0.0929008 -0.0346271
-0.0197661 0.0728664 -0.0388949
-0.0485551 0.129676 -0.000935313
0.00119043 0.0895238 -0.0341779
-0.0188178 0.158773 -0.00942574
-0.0114724 0.180094 -0.0295969
0.0216857 0.0374896 0.0372608
-0.0600247 0.0335577 0.00903367
-0.0405044 0.166738 0.00354035
-0.0557536 0.0782586 -0.0197587
-0.0346788 0.0636729 -0.0139354
-0.0160362 0.0338015 -0.0209075
0.0259452 0.0364961 0.0239139
-0.0414667 0.104283 0.0404247
-0.065804 0.0609905 0.0192925
-0.0488446 0.119728 0.0310062
-0.0666072 0.0846933 0.0437683
-0.0152029 0.16973 -0.0225848
0.0166896 0.0645037 0.050425
-0.0852375 0.1104 0.00532111
-0.000266462 0.0936214 -0.0332218
-0.0607661 0.0796035 -0.0191344
-0.0875073 0.0954698 0.00341799
-0.0415011 0.0506114 0.0394281
-0.0153278 0.0389782 0.0349161
-0.0169176 0.183111 -0.0193016
-0.0351226 0.169652 -0.0145814
-0.0545817 0.152467 0.0257328
-0.0514978 0.10289 0.0412322
-0.0648688 0.0938916 -0.0183701
-0.0343438 0.0384811 -0.00836679
-0.0389284 0.111648 -0.0181691
-0.0826044 0.1367 0.0480323
-0.069513 0.17974 -0.0519891
-0.0838753 0.135332 0.0479212
-0.0649278 0.105334 -0.0156241
-0.0547437 0.0337519 0.0206417
-0.0105903 0.0377043 -0.0258398
-0.0873651 0.0927561 0.00443631
0.0484774 0.0431365 0.00824398
-0.0142459 0.168321 -0.0155387
-0.062529 0.150617 -0.0195776
-0.0374976 0.0861098 0.0439188
-0.0680503 0.114246 0.0489904
-0.0431779 0.113636 -0.0162215
0.0137018 0.0888713 -0.0301465
-0.0624573 0.163073 -0.0525854
-0.0607249 0.0737695 -0.0169262
0.0483875 0.0444574 0.00325794
-0.0236112 0.0386852 0.0334692
-0.0797359 0.0706327 0.0105539
-0.0200678 0.0384268 0.0272406
-0.00749956 0.121159 -0.0124082
-0.0763652 0.1528 -0.0108857
-0.0104895 0.115533 0.0397944
0.0589666 0.0552427 0.017183
-0.0660379 0.0349778 0.0329828
0.0252819 0.100786 -0.0187149
0.0416849 0.100037 0.02216
0.0113671 0.0479427 -0.0268055
-0.0669072 0.0448192 0.00702222
-0.0105008 0.103039 0.0436514
0.0400149 0.0829397 -0.0117765
-0.0480757 0.15465 -0.00633475
-0.0228243 0.0868132 -0.0375213
-0.0872007 0.147399 0.00826035
-0.0216559 0.0972103 0.0449705
0.0343886 0.107359 0.0305696
0.00849857 0.118254 0.0373924
0.0103698 0.0351865 0.034574
0.0582887 0.0538074 0.00917936
-0.0728418 0.0685704 -0.00149472
-0.0331206 0.0356024 -0.0184705
0.0113495 0.0553023 -0.0296776
-0.0106511 0.0496684 -0.0311061
-0.0844149 0.0777754 0.0115138
-0.0769031 0.149462 0.0386995
0.0473913 0.0422357 0.0119475
-0.00175381 0.0993639 -0.0251444
-0.0419573 0.15213 0.00584722
0.0315994 0.0505647 0.0349136
-0.0364983 0.059104 0.0398977
0.0586626 0.0538435 0.0111779
0.00449781 0.0519669 0.0532713
-0.0417806 0.126404 -0.00562318
-0.0238639 0.0825121 0.0547585
-0.0434655 0.127159 0.0186744
-0.0926703 0.124234 0.0402542
-0.0305006 0.116618 0.0322439
0.00349695 0.0519735 0.0532512
-0.0444607 0.0902688 0.0428496
0.027859 0.114683 -0.0075901
-0.0869174 0.117103 0.00125292
-0.0232564 0.171248 -0.0127378
-0.0635933 0.167459 -0.0411888
-0.0610187 0.152669 0.0336579
-0.0660018 0.133981 0.0432166
-0.0543206 0.140979 0.0284164
-0.0865319 0.0910336 0.0265354
-0.0427476 0.159417 0.00474491
0.039324 0.106993 0.0191699
-0.0515872 0.0558557 0.0146208
0.045415 0.0763654 0.00219579
0.0313753 0.111403 0.0314731
-0.0885624 0.127032 0.0457658
-0.080968 0.0967089 0.0335048
-0.0384968 0.104212 0.0394832
0.0426284 0.0719164 -0.00480026
-0.0164937 0.0758406 0.0558352
-0.0726057 0.158224 -0.0359121
-0.0685681 0.156629 -0.0529972
-0.0470957 0.0376632 0.0453493
-0.088725 0.0942104 0.00844208
-0.0304966 0.0545819 0.0366047
0.0567453 0.0707667 0.0204115
-0.0746849 0.14995 -0.0294029
0.0269727 0.112042 -0.0107557
-0.0147995 0.0382136 0.0194957
-0.0139638 0.180133 -0.0220777
0.00632209 0.0596079 -0.030662
-0.0695102 0.148387 0.0405048
-0.0672645 0.175508 -0.0482636
0.0480441 0.0725423 0.0171549
-0.0230608 0.0594124 0.0433799
-0.0591321 0.0334434 -0.0069378
-0.00523048 0.0381888 0.0482681
0.0395752 0.0602985 0.0307005
0.00233442 0.0539469 -0.0306143
-0.0789386 0.168616 -0.0354931
-0.00538883 0.122125 -0.0114557
-0.0849504 0.136625 0.0461206
-0.0376796 0.16681 0.00156763
-0.00710159 0.0387114 0.00061319
0.0435234 0.0433666 0.0249665
-0.0334943 0.11802 0.0311453
-0.0130193 0.115677 -0.016537
-0.083332 0.0992842 -0.00460735
-0.0929793 0.125561 0.0282631
-0.0250231 0.0373676 -0.0184933
-0.0648797 0.106687 -0.0146649
0.0104883 0.0936688 0.0521003
-0.0426307 0.0338188 -0.00946517
-0.030561 0.0774145 0.0410957
-0.0157015 0.164 -0.0105798
-0.0893812 0.113196 0.0217139
0.033406 0.0822268 0.04133
-0.0688541 0.147497 -0.029579
-0.0268549 0.175688 -0.00910606
-0.0344162 0.168264 -0.00253059
-0.0427934 0.0869807 -0.0215837
-0.0777335 0.153443 0.0307864
-0.0322922 0.122832 0.0242564
0.0581094 0.0704417 0.00814168
-0.0123701 0.125297 0.0298351
-0.0472066 0.134653 0.0142236
0.0174279 0.12392 0.0289777
-0.0554619 0.115432 0.0354757
-0.00948303 0.0703233 0.0561585
-0.0498456 0.123179 -0.0101809
-0.0511988 0.137011 0.0243968
-0.0158845 0.0910066 -0.0366604
-0.0577489 0.0479998 -0.00135721
-0.0620073 0.155313 -0.0175819
-0.0743656 0.172848 -0.0365047
0.0454321 0.0861887 0.0181684
-0.0231943 0.0388081 0.0352395
-0.00564979 0.0511569 -0.0315211
-0.0716377 0.0368114 0.00909586
0.0104732 0.0962984 0.0498872
-0.0726772 0.112018 0.047983
-0.0394972 0.0591632 0.0405173
0.0595491 0.0594739 0.0201736
-0.0643144 0.0445281 -0.000908113
-0.0158582 0.107196 -0.0215252
0.0249679 0.0605263 0.0447882
-0.0436679 0.0621935 -0.0131864
-0.0489426 0.0614374 0.0351759
-0.0577187 0.146758 0.0323537
-0.0114785 0.0965129 0.0526113
-0.0628015 0.0867155 -0.0190743
-0.047649 0.128193 0.0275289
0.0398079 0.0440192 0.0290809
-0.0468429 0.132502 0.00641278
-0.0596113 0.0581543 0.0105384
0.0365396 0.111887 0.0174946
-0.090997 0.129691 0.0382289
-0.0596856 0.0659756 -0.00895149
0.0057743 0.0347896 0.0375885
0.0609018 0.0651278 0.0131549
0.0223162 0.0649555 -0.0263733
-0.0153478 0.0972963 0.0501876
0.0310013 0.118944 0.0140014
-0.0505374 0.138563 0.00240881
-0.00248857 0.0703789 0.0573235
-0.0838556 0.139345 0.0449552
-0.0534968 0.0973516 0.0432358
-0.0646221 0.122809 0.0487379
0.0563341 0.0711373 0.00671617
-0.0632815 0.159908 -0.0475928
-0.0623807 0.147545 -0.00857398
-0.0618754 0.0967815 -0.0181397
-0.0738001 0.0651206 0.00865838
-0.0583019 0.0447396 0.0435847
0.0556876 0.0493473 0.0181935
0.00626682 0.131047 0.00486423
-0.0613646 0.0394268 0.0439671
-0.0232836 0.0382816 -0.000419572
0.0603421 0.0650847 0.0181826
-0.0260145 0.0688342 -0.034504
-0.0886162 0.100967 0.00940891
-0.0509112 0.0517382 0.0331779
-0.0103882 0.129888 0.00873113
0.0210547 0.0358177 -0.00168489
-0.077237 0.0721326 0.0266059
-0.0423463 0.0344667 0.0367209
0.0339055 0.0599168 -0.014725
-0.0758824 0.100651 -0.0113429
-0.0185539 0.095955 -0.0297446
-0.0165553 0.128252 0.0064647
-0.0698407 0.127049 0.051763
-0.00157082 0.0341515 -0.0183868
0.00953188 0.0455622 0.0461832
-0.0323351 0.172733 -0.00297212
0.0127465 0.0672208 0.05354
-0.0469317 0.0369443 -0.0162782
0.0262273 0.117277 0.0307934
-0.0618022 0.142496 0.0370478
-0.0518302 0.0344778 0.0329457
0.0404227 0.0885874 -0.0107894
-0.092911 0.118706 0.0113064
-0.0882504 0.0900881 0.0054683
0.0162169 0.116863 -0.0139359
-0.029592 0.0522946 -0.0203629
-0.0522762 0.123638 -0.00859751
0.0392277 0.108354 0.00916622
-0.0216077 0.0350207 0.0511065
-0.0602113 0.0697286 0.0375341
-0.0888439 0.150092 0.0112242
-0.00333997 0.039253 0.0353398
0.0247646 0.122114 0.0259409
-0.0206926 0.0385034 0.0288434
0.0354946 0.0642547 -0.0137843
-0.0708142 0.0694524 -0.00574088
0.0368852 0.111459 0.00613554
-0.0313268 0.0609036 -0.0184352
0.00248882 0.121002 0.0363406
0.0159612 0.0887478 0.0513106
-0.0408554 0.101386 -0.0212924
0.00647808 0.111357 0.041027
-0.00997021 0.129828 0.00744342
-0.0602206 0.142504 0.0358229
-0.074349 0.162439 -0.0349528
-0.029469 0.17882 -0.00554327
-0.0236064 0.038163 0.0249493
0.0191276 0.0370481 -0.0116797
-0.0785581 0.153669 0.00407716
0.00157852 0.12719 -0.00497022
0.0598096 0.0622539 0.00613597
0.020479 0.0822082 0.0508036
-0.0608849 0.0381036 0.0449409
-0.0738377 0.169377 -0.0450494
-0.0271239 0.117991 -0.0128729
-0.0810819 0.0814326 -0.00557353
-0.0580927 0.0577897 0.0147789
-0.00423381 0.0382248 0.0479393
0.00416104 0.0393786 0.0331643
0.0114806 0.097647 0.0487825
0.00445885 0.0387258 0.0265895
0.0521231 0.0734583 0.0172399
0.034401 0.0461473 -0.00601616
-0.0404973 0.10005 0.041322
-0.0317622 0.0338243 0.0127586
0.041088 0.0912985 0.0296287
0.0552517 0.0720728 0.0198735
-0.0143481 0.129147 0.0116153
0.0381223 0.106958 0.0251953
-0.0841614 0.142011 0.042356
0.00121056 0.115576 -0.018509
-0.0866821 0.0819953 0.0154888
0.00250545 0.0842781 0.0574483
0.0470243 0.0458757 -0.000608958
-0.0644638 0.129733 0.0437115
0.0186953 0.0943115 -0.0238444
0.0146846 0.037467 0.0442233
-0.032982 0.0423452 0.0495212
-0.0584939 0.0847167 0.0439692
-0.0738057 0.149865 -0.0338746
-0.0707687 0.155356 -0.0469258
-0.0534716 0.0490986 0.0276613
-0.0473115 0.134637 0.0112388
0.0203688 0.0459169 -0.020834
-0.00832405 0.129364 0.00227931
-0.0778526 0.159695 -0.0239243
-0.0776336 0.147268 -0.0038625
-0.0205096 0.124449 -0.00369667
-0.0246551 0.0507167 -0.0273858
-0.091424 0.144749 0.0231531
-0.0463694 0.113628 -0.0162147
-0.035474 0.0519266 0.0383228
0.000176932 0.0881362 -0.0348875
0.0481666 0.0731681 0.01124
-0.0845462 0.119028 0.0490922
-0.0895055 0.0902528 0.0184453
-0.062769 0.175495 -0.0615699
0.0228628 0.0351973 0.0171792
-0.0475093 0.0504634 0.0377677
-0.0423878 0.124291 -0.00941969
0.0202287 0.0385462 -0.010699
-0.0617546 0.0335347 0.00511487
-0.0255078 0.162179 -0.0150106
0.0383558 0.102292 -0.0062663
-0.00970298 0.0627929 -0.0357349
-0.0801842 0.0990978 -0.00757647
0.0108274 0.0362708 -0.0225637
-0.0908997 0.126938 0.0424248
0.00434041 0.0596672 -0.031584
-0.0671166 0.134015 0.0451603
-0.0472614 0.125357 0.0280089
-0.091474 0.148846 0.0181354
-0.0697355 0.134074 0.048407
0.00144074 0.0344391 0.0153316
0.0465716 0.0440008 0.0231655
0.0103725 0.130878 0.016344
-0.0194987 0.0828823 0.05729
-0.0629676 0.160574 -0.0208244
0.037495 0.0513025 0.031739
0.00141145 0.0376391 -0.024717
-0.0404977 0.0986657 0.0417206
0.00550789 0.0910775 0.054811
-0.0558806 0.138039 -0.00386657
0.0133515 0.0566849 -0.029233
-0.0577142 0.0723919 -0.0167433
0.046038 0.0679968 0.0252834
-0.0184671 0.10319 -0.0232847
-0.0592101 0.142401 0.0336275
-0.0633941 0.159891 -0.0485891
-0.0655859 0.0333717 0.000880867
-0.0225807 0.159177 -0.00302445
-0.0668607 0.154942 0.00387089
-0.016912 0.0931258 -0.0348233
-0.054442 0.0373135 0.0469328
0.00852849 0.0646614 0.0551736
-0.0864494 0.107673 0.0113573
-0.0915486 0.143335 0.0161726
-0.0213746 0.0936314 -0.0333712
-0.0311133 0.0510509 -0.015361
-0.0401601 0.165169 -0.0119868
-0.0520176 0.136681 0.0271356
-0.0627925 0.0838575 -0.0191674
0.00450679 0.0702611 0.0557926
-0.0214752 0.0609386 0.0459919
-0.0726455 0.0655594 0.00286688
-0.0274904 0.108416 0.0392888
0.0591522 0.0552732 0.011174
-0.0484907 0.0833394 0.0445457
-0.0899881 0.118599 0.00429898
0.0230618 0.0389706 0.0372995
-0.0791181 0.10724 -0.00560787
0.0411799 0.0844321 -0.00979241
-0.0166266 0.172732 -0.0172138
-0.0256504 0.178665 -0.00908499
-0.00688399 0.107372 -0.022762
-0.0615025 0.16984 -0.0615386
-0.0110869 0.111309 -0.0199045
-0.0548939 0.161294 0.00305835
-0.00349601 0.0619414 0.0556852
-0.0724896 0.12743 0.0524304
-0.0329958 0.0793378 -0.0275102
-0.0637307 0.0344451 0.0269565
-0.00193982 0.12966 0.0247961
-0.070971 0.166609 -0.0480118
-0.0759568 0.136911 -0.00615991
-0.0630792 0.17626 -0.0613621
0.00225805 0.0711729 -0.0343766
-0.0685252 0.175096 -0.0570393
-0.0551272 0.0478339 0.0400497
0.0213663 0.0593118 -0.0264401
-0.0638039 0.0881523 -0.0190251
-0.0843731 0.110309 0.0377873
0.0363164 0.11089 0.0231265
0.00766079 0.0616753 0.0549139
-0.0144941 0.122325 0.033097
0.0100263 0.0352289 0.0272451
0.0377445 0.110141 0.00501649
-0.00234994 0.125819 -0.00745455
0.035717 0.0533288 0.0320909
-0.0933703 0.118789 0.0242915
-0.0192952 0.097132 0.0469462
-0.0855432 0.111388 0.0330811
0.00647697 0.0459611 0.0484012
-0.0764653 0.177807 -0.0519745
-0.0896679 0.144435 0.0294634
0.0246905 0.0477085 0.0389599
-0.0547757 0.0826557 -0.0215494
-0.030101 0.160758 -0.0141091
0.00824435 0.0966482 -0.0263491
-0.0137942 0.0386802 -0.0156021
0.0373196 0.105416 -0.00382358
-0.0654784 0.133956 0.0422213
-0.0718351 0.180364 -0.0513557
-0.0735009 0.117559 0.0527975
-0.00375638 0.13079 0.0183493
-0.087216 0.0937177 0.0257149
0.02849 0.120167 0.00308975
0.0179261 0.0900567 0.048881
-0.0302302 0.0537755 -0.0183734
-0.0605498 0.0341606 0.0243603
-0.048864 0.162635 -0.0057974
-0.0393467 0.0392853 0.042122
0.0258436 0.0563286 -0.0217568
-0.0649061 0.108122 -0.0141961
-0.0324907 0.0817336 0.0416408
-0.0113995 0.128605 0.00179072
-0.0404418 0.0351129 -0.0289386
-0.00137013 0.0367929 0.00718583
-0.0085531 0.0385596 0.00412906
-0.0643928 0.0366139 0.0414145
0.0235133 0.0407023 0.0389233
-0.00181216 0.086792 -0.0360393
-0.0868944 0.122556 -0.00173403
-0.0711998 0.15079 -0.0434624
-0.0369254 0.170672 -0.0129456
-0.0683794 0.0434664 0.00169373
0.0417869 0.088692 -0.00877741
-0.0810675 0.11076 0.0435122
-0.0514997 0.047729 0.0396118
-0.0672887 0.121448 0.0519139
0.0252705 0.0346338 0.0163557
-0.0225303 0.159751 -0.00283877
-0.023441 0.181825 -0.0105699
-0.0165401 0.0997826 0.0440769
-0.0708234 0.155869 0.0257344
-0.0639661 0.0690471 0.0355624
-0.0275816 0.0549129 -0.0253866
0.0243112 0.0999667 -0.0198415
-0.0660333 0.155202 -0.00458552
-0.015413 0.0343578 -0.0194213
0.00149843 0.0965502 0.0531993
-0.0772165 0.0934484 -0.0125951
-0.0797197 0.143117 -0.0027917
0.00773558 0.128847 0.0268569
-0.087234 0.0981695 0.00341761
-0.0407693 0.0826515 -0.0208197
0.0144923 0.104443 0.0448169
0.00274784 0.0953419 -0.0309592
0.0386678 0.106943 0.0231645
-0.0841107 0.0938743 -0.00455389
0.0330982 0.0626311 -0.0167961
-0.0631574 0.159924 -0.0465929
-0.092816 0.124239 0.0392636
-0.0714085 0.0715566 0.0335759
-0.0605435 0.0660534 0.0336067
-0.0923754 0.118793 0.0312942
0.0377238 0.110496 0.0121805
-0.0244963 0.105758 0.0419767
-0.0493842 0.0558982 0.0343669
-0.0534975 0.100135 0.0423919
-0.0728912 0.11354 -0.00756484
-0.0207287 0.058287 -0.0332963
0.0182222 0.0631608 0.0491228
0.0167477 0.0563074 0.0486799
-0.0692662 0.0692944 0.0324707
-0.0704758 0.123201 0.0533571
0.0102657 0.0954683 -0.0270889
0.00350969 0.0897377 0.0556751
-0.0725121 0.144203 0.0447958
-0.0221125 0.0389367 0.0353489
-0.030456 0.158107 0.0014598
-0.0135829 0.03702 0.0510108
-0.091634 0.141989 0.0201675
-0.0843197 0.0830919 -0.00150258
-0.0352015 0.153653 0.00157065
-0.0624412 0.150596 -0.00171821
-0.0842709 0.104792 0.000381661
-0.0906385 0.147509 0.0131579
-0.02847 0.045966 0.0500228
-0.016864 0.128415 0.0107007
-0.0265758 0.0533991 -0.0263925
-0.0558858 0.106922 -0.0182628
-0.0847653 0.103459 0.000382003
0.0328487 0.0876389 0.0423414
-0.0154901 0.11097 -0.019533
-0.0570338 0.131087 -0.00617819
-0.0806333 0.120347 0.049427
-0.0667245 0.0765676 -0.016644
-0.00771915 0.0642161 -0.0356843
0.00221584 0.0364728 0.00081639
-0.0104996 0.03868 -0.00189881
0.0138178 0.034673 0.033937
-0.0561028 0.133503 -0.00512832
-0.0249827 0.0918474 0.0485489
-0.0941104 0.126894 0.0182531
-0.00129201 0.123843 -0.0093277
0.0437177 0.0457281 0.0283091
-0.0320271 0.0553591 -0.0124271
-0.0786005 0.174957 -0.0470491
-0.0400438 0.127998 0.000725921
-0.0733818 0.155466 -0.0289107
-0.00350265 0.0689326 0.0566398
-0.0703503 0.159267 -0.00619145
-0.0510476 0.139892 0.00172061
-0.022979 0.0380859 0.023348
0.0370837 0.103994 -0.00683208
0.0232083 0.0449556 0.0403488
-0.0224768 0.123487 0.0248086
0.0112459 0.129755 0.00240428
-0.0261116 0.0809919 0.0513952
-0.0744896 0.128852 0.0526631
0.00351232 0.0575709 0.0538233
-0.0674749 0.0861001 0.0436947
-0.0550812 0.153793 0.0226168
-0.0886021 0.087516 0.0174642
-0.0843142 0.152356 0.00793113
-0.0495247 0.141678 0.0113921
-0.0644149 0.0731789 0.038947
-0.0584973 0.0875674 0.0446281
-0.0109396 0.165104 -0.0156606
-0.0390449 0.0344196 0.0339502
-0.0455312 0.131052 0.00748081
-0.0624126 0.161536 -0.0416011
0.0241356 0.0632152 0.0453534
-0.0438717 0.105649 -0.0205239
-0.003234 0.0960652 -0.0317479
0.00508145 0.125851 -0.00757191
-0.0118175 0.0387383 -0.00407256
-0.0117022 0.0613984 -0.0359464
-0.0608162 0.0881975 -0.019441
-0.038039 0.126372 -0.00365101
-0.0549513 0.0339195 0.0239841
-0.0654627 0.0598015 0.0150426
-0.0599778 0.148254 0.0362061
-0.0310269 0.122601 -0.0056394
0.00372554 0.105196 -0.0213905
-0.0536041 0.0588172 -0.00776341
0.0427154 0.0482477 0.0316879
-0.00234233 0.10113 0.044176
0.015269 0.034844 0.035887
-0.0945603 0.124158 0.0182654
-0.0145068 0.0730096 0.0554058
-0.0705682 0.0382102 0.00943236
0.0577493 0.0579199 0.00320063
-0.0690913 0.143 -0.0123014
-0.0348784 0.10713 -0.0202183
0.000110958 0.036978 0.020027
0.0445162 0.087501 -0.00181141
-0.0288195 0.0384506 0.0326078
-0.0155013 0.0716083 0.0551341
-0.0783198 0.147274 -0.0028373
-0.0757282 0.0754387 0.0328339
-0.0794589 0.155317 0.0154304
0.0302902 0.078207 0.0438447
-0.0651714 0.128382 0.0462127
-0.0729777 0.138423 -0.00695981
-0.00324688 0.0367886 -0.0155194
-0.0729148 0.110726 -0.0089954
-0.0794858 0.0940336 0.0349322
-0.000378579 0.101174 0.0451223
0.0600369 0.0650499 0.00814341
-0.0114987 0.0471911 0.0478612
-0.0796522 0.0704439 0.0152371
-0.0457346 0.0337173 0.00640665
0.0072822 0.0344718 -0.00192729
-0.0789524 0.0921836 -0.0106406
0.0396278 0.103602 -0.00160767
-0.0617979 0.154608 0.0289232
0.00750734 0.0990008 0.0480837
-0.0595653 0.0407951 0.0449735
0.0535357 0.0635428 0.028124
0.0131559 0.129936 0.00738875
-0.0396922 0.0460798 -0.021311
-0.0276636 0.0522618 0.0383069
-0.0650165 0.0356472 0.0166692
0.0254616 0.0727112 0.0456024
-0.0489654 0.138607 0.014392
-0.0614844 0.158425 -0.031588
-0.0718381 0.155405 -0.0399144
-0.0431813 0.165147 -0.00997877
-0.0407972 0.128426 0.00338476
-0.065557 0.158804 -0.0559152
-0.00251199 0.107268 0.0437857
-0.070065 0.148313 -0.0344143
-0.0789661 0.0859916 0.0360799
-0.0778914 0.162484 -0.0299302
-0.0686943 0.154419 0.0308917
-0.0507328 0.121196 0.0335979
-0.0529375 0.0335557 0.00508499
-0.00960244 0.0420101 -0.025949
0.0199305 0.0645206 0.0480779
0.0178682 0.0672532 0.0504022
0.0258636 0.0344283 0.00929921
-0.0170034 0.127025 0.0015954
0.0303543 0.0942493 0.0422823
-0.0495972 0.118308 0.0316941
-0.0130394 0.0384127 0.00153612
-0.0799536 0.133905 -0.00443135
-0.0164902 0.112704 0.0398029
0.0043588 0.0510132 -0.0293749
0.0318042 0.0661523 0.0406683
-0.0172908 0.177187 -0.018141
-0.0913152 0.114759 0.0363194
-0.00707285 0.12974 0.0027455
-0.0100919 0.126182 -0.00573829
-0.0554939 0.0477978 0.0398952
-0.0345153 0.0780634 -0.0235017
0.00923557 0.129984 0.00166977
0.0365208 0.0713424 0.036933
0.0387097 0.105846 2.20656e-05
-0.0414124 0.128336 0.00169512
-0.0846449 0.0777798 0.00851725
-0.0301817 0.12316 -0.0042413
-0.0678239 0.15109 -0.0436673
0.0444321 0.0482656 0.0306384
-0.0335873 0.154463 -0.00838872
-0.0476953 0.0723623 -0.0159721
-0.0236256 0.0464233 -0.0274769
0.0581659 0.056561 0.00517446
0.0265802 0.0345508 0.0130494
-0.0476623 0.135572 0.0124001
-0.0569101 0.0984236 -0.0203516
0.00208806 0.113117 -0.0199282
-0.0665386 0.0804536 0.042224
-0.0382901 0.126893 -0.00216373
0.0212923 0.0982999 -0.0220426
-0.0548931 0.111218 -0.0174922
-0.0506187 0.0531538 -0.00831388
-0.0343047 0.125361 0.0205265
-0.0250671 0.0385158 0.031526
-0.0678577 0.102354 -0.0152646
0.0366467 0.0673305 0.0371158
-0.0488158 0.0912881 -0.0217052
0.0274866 0.0994982 0.0416519
-0.0678845 0.116524 -0.00880656
0.00124491 0.0726488 -0.0351082
-0.035656 0.0591967 -0.0115208
-0.064714 0.0600149 0.00783247
-0.00282516 0.102957 -0.0229221
-0.0891577 0.092949 0.0214162
0.0142088 0.034798 0.0302902
-0.0684915 0.0902546 0.0428415
0.0410434 0.0689808 -0.00777311
-0.0144886 0.109993 0.0419529
-0.0527869 0.124083 0.0359567
0.0388076 0.0807597 0.0350812
-0.0288186 0.0862428 0.0454609
0.0183 0.0651194 -0.0285252
-0.0351753 0.160922 -0.000113952
-0.0138611 0.0386244 0.0283378
0.0305676 0.0350004 0.0115893
-0.00249479 0.0590139 0.0541301
-0.014608 0.0421127 -0.0270124
-0.0621205 0.0458041 0.0366793
-0.00962948 0.168316 -0.023669
0.0294478 0.0506302 0.0370841
0.0222403 0.0416489 -0.00972259
0.0423783 0.0676875 -0.00279832
0.0408807 0.0948081 -0.00628698
-0.071833 0.152571 -0.043913
0.0118091 0.0576645 0.0520801
0.0405445 0.0610221 0.0298369
-0.0147406 0.129011 0.0158201
0.0203853 0.049027 -0.0227929
0.00306398 0.0374048 0.023868
0.0513156 0.0588831 -0.00408417
0.0342272 0.113045 -0.000582475
0.0034971 0.091096 0.055256
-0.0747099 0.0713354 -0.00558545
-0.0625131 0.11843 0.0430565
-0.0790203 0.0935614 -0.0105962
-0.0792595 0.0894709 -0.0095871
-0.0130965 0.169821 -0.0173751
0.037196 0.0699864 0.036159
0.0211822 0.0909362 -0.0242734
-0.0557401 0.0547516 -0.00240302
0.0092913 0.0739064 -0.0330363
-0.0802909 0.104732 0.0311813
0.0189959 0.104672 0.0434338
-0.0686887 0.0620968 0.00507892
-0.00412302 0.0390868 0.0317249
0.0202669 0.0819781 -0.0271085
0.0446543 0.0959754 0.00716634
-0.0466544 0.0636155 -0.0134601
0.0397873 0.104095 -0.000789682
-0.0435279 0.0506014 0.0392212
-0.0694635 0.0618968 0.00696654
-0.059855 0.0594826 0.0200848
0.0416741 0.0642804 0.0284921
-0.0894038 0.140678 0.0331776
-0.0304105 0.0861968 -0.0305753
0.0203005 0.047637 0.041402
-0.0687909 0.0354139 0.0127136
0.0274881 0.0349726 0.0165028
-0.0205102 0.0461853 0.0521703
0.00148921 0.104407 0.0433078
-0.0669297 0.105269 -0.0144963
-0.0456062 0.127883 0.0223049
0.0104513 0.122961 -0.0105071
0.0133608 0.0494245 -0.0271921
0.00330684 0.0583228 -0.0321215
-0.0615203 0.153356 0.00130737
-0.0414959 0.0705202 0.0419075
0.0296088 0.12015 0.0163431
-0.0230647 0.0402418 0.0541248
-0.0829949 0.0843947 0.0302754
-0.049553 0.0432181 -0.0104928
-0.068364 0.143961 0.043402
-0.0655596 0.171143 -0.0433207
-0.0491155 0.0337431 -0.0125383
-0.0828365 0.116201 -0.00217327
0.0119148 0.0630446 0.0522963
-0.0186701 0.0971551 0.0477534
0.0339646 0.0916099 0.0404552
-0.0134961 0.0472092 0.0480936
-0.0240991 0.0708914 0.0469009
-0.0396241 0.0520021 -0.0108773
-0.0572015 0.0336196 0.0184714
-0.0425159 0.17187 -0.00332083
-0.0540284 0.131061 -0.00500164
-0.0386286 0.0534191 -0.0107521
0.0554262 0.0714159 0.00640835
0.0292084 0.0350186 0.0149853
0.00623037 0.129867 0.000104943
-0.0579061 0.0357757 0.046064
-0.0290239 0.0918566 -0.0266024
0.0399613 0.0806226 0.0334139
-0.0901845 0.132425 0.0322244
-0.053757 0.152473 0.0202331
-0.0192289 0.178619 -0.0235673
-0.0676913 0.172275 -0.0570278
-0.063913 0.169258 -0.0441943
0.0579126 0.0523842 0.0101848
-0.0230309 0.0906523 0.0522978
-0.0450603 0.156487 0.00667449
-0.0293612 0.0383343 -0.00169706
0.0445518 0.069148 0.0246508
-0.0800241 0.0745873 0.0239149
0.029447 0.119051 0.00204245
-0.0588719 0.102608 -0.018764
-0.0638595 0.159101 -0.0532849
-0.0466281 0.0592297 -0.0120314
-0.0766628 0.155608 -0.00789132
0.00534877 0.131711 0.0116581
0.0282135 0.118937 -0.00132982
-0.0125497 0.0445369 0.0499253
-0.0256486 0.050648 -0.0266189
-0.0324736 0.0532348 0.0372028
-0.0190668 0.12797 0.0127969
-0.0611633 0.0698433 0.0372322
0.00140103 0.0390882 -0.0248121
-0.0377619 0.0480619 -0.0149351
-0.0104958 0.0939039 0.0555039
-0.0826845 0.0884898 0.0312484
-0.0704743 0.121802 0.053345
-0.0922566 0.126816 0.00926569
-0.0698172 0.0908437 -0.0164973
0.0144228 0.120472 -0.0118376
-0.0494036 0.13704 0.0193807
-0.0633155 0.125546 0.0454063
-0.075338 0.161792 -0.0134783
0.027252 0.0549488 0.0409918
-0.0347052 0.0384254 -0.0102399
-0.0195125 0.0800523 0.0567242
0.0459498 0.0806271 0.0191734
-0.0671901 0.0335697 -0.00322908
0.00252922 0.0387278 -0.0124032
-0.0828981 0.101969 0.02963
0.0567172 0.0621967 0.0256596
-0.0151083 0.184586 -0.0219884
-0.0602281 0.059992 0.0213112
-0.00441308 0.12096 -0.0123131
-0.0884317 0.131079 0.0440854
-0.073851 0.0979023 -0.0138506
-0.0370341 0.127886 0.0121304
-0.0394569 0.124785 -0.00795634
0.0355897 0.0411906 0.0271165
-0.0767885 0.154209 -0.0148974
0.0503466 0.0615208 -0.00363326
-0.0448632 0.102817 -0.0213129
-0.050518 0.054445 0.0327051
-0.0199243 0.0387302 -0.0112686
0.0164623 0.11028 -0.0168584
-0.00986994 0.104508 -0.0232523
0.0440424 0.0496996 0.0318585
-0.0464641 0.122081 0.0270508
-0.0852257 0.114326 0.001271
0.0230836 0.12416 0.0238853
-0.0147562 0.0388704 -0.0103641
-0.0646486 0.156189 0.0162701
-0.0849646 0.0925759 -0.00355765
-0.0255118 0.0931431 0.0461963
-0.0817516 0.140386 -0.000790241
0.0116725 0.130674 0.0125466
-0.0901888 0.139114 0.0151891
-0.0749507 0.0661289 0.00944516
-0.0385209 0.128019 0.0130694
-0.0548497 0.0941617 -0.0218342
-0.0184644 0.0528818 0.0482087
-0.0753389 0.14722 -0.0108566
0.0376363 0.109584 0.0207569
-0.0037118 0.0655569 -0.0347446
0.0405486 0.0596459 0.0301455
-0.0171973 0.174198 -0.0240623
-0.0142885 0.0390252 0.0350884
0.0224682 0.0520683 0.0428376
0.0226208 0.0505695 0.0412719
0.0381172 0.0659142 -0.0117557
-0.0496209 0.0517545 -0.00857532
-0.0518697 0.144272 -0.000239851
0.0333229 0.0997779 -0.013667
-0.0134957 0.0925258 0.0558596
-0.00428899 0.0367463 -0.0156853
-0.0598434 0.0384999 0.0207227
0.0267602 0.0365817 2.43485e-05
-0.000605671 0.129033 0.0267429
-0.0617895 0.083881 -0.0194032
-0.0146765 0.0526113 -0.0325234
0.0524989 0.0718135 0.00595977
0.0124259 0.130345 0.00996559
-0.0552963 0.0473377 0.0123212
-0.0678037 0.166983 -0.024036
-0.0496185 0.140151 0.0144011
-0.0254692 0.0509386 0.0434079
-0.0192371 0.0959207 0.0497533
-0.0229321 0.055215 0.043371
-0.0667119 0.155932 -0.00484005
-0.0718543 0.111061 0.0453722
-0.0262667 0.110544 -0.0190457
-0.0665818 0.173704 -0.0590137
-0.000675964 0.056864 -0.0322097
0.0110249 0.0988999 -0.0227192
-0.0664067 0.0336797 0.00582425
-0.0785045 0.111148 0.0455755
-0.0074977 0.0801462 0.0578122
-0.0364985 0.120712 0.0292752
0.0233331 0.0354178 0.02435
-0.0561697 0.0684762 0.0377129
-0.0644959 0.084745 0.0443622
-0.0857374 0.0792227 0.0125087
0.0473251 0.0497353 0.0295737
-0.0290126 0.0606872 -0.0244213
-0.0414957 0.0762285 0.0430404
-0.0476682 0.165409 0.0039929
-0.0517306 0.164095 4.31123e-05
-0.0740415 0.112641 0.0489542
-0.0269495 0.0511315 0.0418642
-0.0609787 0.126745 -0.00811044
0.0442212 0.0804374 0.0252067
0.0600492 0.0581198 0.0161748
-0.0618301 0.0924936 -0.0189652
0.0454513 0.052559 0.0321398
-0.053977 0.0335099 0.00491422
-0.021864 0.108885 -0.0213157
-0.0567451 0.0768007 -0.0192338
-0.0561495 0.0341243 0.0270787
-0.00349731 0.0456721 0.0469862
0.00897858 0.127106 -0.00499333
-0.0163209 0.175704 -0.0185048
-0.0115071 0.0801438 0.0578104
-0.0528683 0.0367334 -0.0118941
-0.0216593 0.0509046 -0.0292926
-0.0911763 0.131044 0.0302322
-0.0685649 0.0705046 -0.00966184
-0.0752605 0.157705 -0.0064221
0.0555795 0.068697 0.0240751
-0.0734863 0.173577 -0.0500848
-0.0574617 0.0399955 0.0466824
-0.067172 0.174543 -0.0467986
-0.0550791 0.134447 -0.00412579
0.002489 0.103843 -0.0219556
-0.0167995 0.0347343 0.0471976
0.00528142 0.0509933 -0.0292119
-0.0294958 0.0960659 0.0449891
-0.03748 0.0548048 0.0392179
-0.0023893 0.0424447 0.047211
-0.0556924 0.159448 0.00648476
0.0389971 0.039341 0.0203664
-0.000786782 0.0826169 -0.0366787
-0.037487 0.115255 0.0329307
0.0438775 0.06952 0.000229591
-0.0675666 0.163787 -0.0559757
-0.0237052 0.0596068 -0.0321069
-0.0901396 0.13244 0.0372222
-0.0433556 0.0337438 -0.00770024
0.00956448 0.122301 -0.0117968
0.0319294 0.118052 0.0100791
0.0449595 0.0889486 0.000172046
0.0156377 0.0348863 0.0377268
-0.0444966 0.100126 0.0423688
0.00114443 0.118463 -0.015597
-0.0626699 0.13529 0.0374908
-0.0743851 0.163815 -0.0369793
-0.0102872 0.0344076 -0.0184603
-0.0487946 0.0869761 -0.0218357
-0.0350082 0.162373 -0.00163299
-0.0672538 0.152901 0.0344187
-0.0494962 0.100168 0.0429965
-0.0527991 0.0578707 0.0222512
-0.0600953 0.0345101 0.0398512
-0.0206243 0.0436469 -0.0283402
-0.0713305 0.0628284 0.00935991
-0.0865012 0.0967606 0.00143514
-0.0518654 0.101358 -0.0214215
0.0022525 0.0986072 0.0504164
-0.056091 0.0334157 -0.00629765
0.0293522 0.0768437 0.0442363
0.0515991 0.0496316 0.0251833
-0.0776802 0.121779 0.0520726
0.0094791 0.0347704 0.0365664
-0.0304965 0.0917653 0.0441169
0.0224909 0.107012 0.0395338
-0.072674 0.131225 0.051196
0.0399806 0.105624 0.0191716
0.0274801 0.0445395 -0.0065618
0.00249002 0.112797 0.0416669
-0.0629568 0.15367 -0.0336031
-0.0615042 0.121243 0.0426924
0.0327041 0.0686805 0.0402125
0.0139874 0.0924572 -0.0278842
-0.0251041 0.0945178 -0.0276305
-0.0694907 0.0930374 0.0422024
-0.0171544 0.0383178 0.00624466
0.0314417 0.115539 0.0270138
-0.00974239 0.0387292 0.0290909
-0.0580048 0.0366442 0.0464062
-0.0707693 0.176767 -0.0466577
0.0288353 0.0368345 0.0223773
-0.019615 0.127443 0.00679651
-0.053967 0.0687802 0.0379578
-0.0700187 0.074071 0.0369567
-0.00771141 0.130468 0.0154714
-0.0765269 0.165965 -0.0237196
-0.0192998 0.0985099 -0.0244
-0.0782584 0.1764 -0.0490322
0.00450201 0.0745047 0.0565768
-0.0908157 0.133668 0.01022
-0.0810823 0.146103 0.0405774
0.0496058 0.0730794 0.0103455
0.0215717 0.0401714 -0.00970048
-0.0538875 0.139905 -0.00121756
-0.0853874 0.0978708 0.0280062
-0.0469776 0.034208 0.0289371
-0.0174992 0.03427 -0.0197565
-0.072774 0.083565 -0.0157894
-0.0643667 0.159406 -0.0155654
-0.0318682 0.101497 -0.022474
-0.0451957 0.131364 0.0135329
0.0225815 0.0632207 0.0466294
-0.0517937 0.0583908 0.0296448
0.0114372 0.12283 -0.0103617
0.0375018 0.0527008 0.0316063
0.0512217 0.0595245 0.030012
-0.0321537 0.168198 -0.0161712
-0.0437453 0.0348723 0.00757323
-0.0649149 0.0392337 0.0390271
0.00228893 0.0341509 0.0103163
-0.0384869 0.0860997 0.0437907
0.000501079 0.0620074 0.0565701
-0.0825915 0.143398 0.0421649
-0.0334032 0.0765382 -0.0275106
-0.0210328 0.0946153 0.0501685
-0.0201946 0.0918367 -0.0355405
-0.0205283 0.125395 0.0225414
-0.0891497 0.139122 0.0375101
-0.0708965 0.0341323 0.00629169
-0.0768619 0.116386 -0.00596474
-0.0472223 0.168222 -0.000777409
-0.051788 0.0855011 -0.0215694
-0.0676468 0.0338307 -0.00583252
0.0132792 0.0343795 0.0214237
-0.0248084 0.0826031 -0.0377611
-0.0331235 0.126633 0.00621772
0.0226739 0.0430625 -0.011732
0.0360023 0.103374 0.0311349
-0.0707786 0.0690222 0.0306409
0.0221884 0.0973608 -0.0216774
0.0422406 0.0986762 0.0221715
-0.0933214 0.129622 0.0172404
-0.0864209 0.080641 0.0154973
-0.0814849 0.0872077 0.0329213
0.024788 0.0591582 0.0445118
-0.0506516 0.033429 -0.00887801
-0.0749694 0.0749712 0.0333987
-0.0668006 0.086643 -0.0182518
-0.0201913 0.175663 -0.0226485
-0.0870302 0.13217 0.00132034
-0.0588172 0.123244 -0.00816875
-0.0906083 0.131058 0.0342318
0.0372267 0.0827114 -0.0157704
-0.0714505 0.16941 -0.0490283
0.0220764 0.0741142 0.049509
-0.0570341 0.144219 -0.00185162
-0.0945025 0.125547 0.0202583
-0.0895421 0.090213 0.0124508
-0.062838 0.15526 0.00677387
-0.0322408 0.125589 0.00213325
0.0168017 0.105866 -0.0181237
0.0102886 0.13098 0.0134608
0.0124741 0.0347469 0.026362
-0.0658988 0.116581 -0.00961273
0.0260175 0.0991397 -0.0189626
0.01504 0.0343531 -0.00213727
-0.0816886 0.154881 0.0175845
-0.0689178 0.168027 -0.0530164
-0.0640428 0.0593154 0.0139941
0.0296461 0.118491 0.000643936
0.0536516 0.0710277 0.00477709
-0.000607228 0.0419595 -0.0248688
-0.0787597 0.163865 -0.0299483
0.00448236 0.11415 0.0407558
0.0180716 0.0350245 0.0344937
-0.0294944 0.0889496 0.044252
-0.0547546 0.035972 0.0465789
0.0273486 0.110085 0.0362063
-0.0560741 0.15232 0.0295584
0.0380257 0.084795 0.0357219
-0.0195242 0.0336044 -0.023287
-0.0914492 0.117418 0.0293041
0.00372222 0.0941665 -0.0317421
0.00823122 0.079605 -0.0335706
0.0460436 0.0778241 0.00519064
-0.00149054 0.131258 0.0163007
-0.0660641 0.0384249 0.0148213
-0.0526926 0.151783 0.016281
-0.0296256 0.0384042 -0.00919904
-0.0625429 0.143922 0.0377415
-0.0385594 0.173184 -0.00190958
-0.0840796 0.0818676 0.0264914
-0.0463678 0.13079 0.00400616
0.0172066 0.068625 0.0512164
-0.0532397 0.146242 0.0224016
-0.0401622 0.123949 0.0243503
0.000231956 0.0755133 -0.0357459
0.0306772 0.118704 0.0210209
-0.0646073 0.15754 -0.0113176
-0.00749339 0.119159 -0.0142858
0.0427418 0.0916392 0.0261768
0.0269552 0.122658 0.0110745
-0.0659221 0.115196 -0.0104247
0.0311264 0.0469699 -0.00653546
-0.0690262 0.170476 -0.0316587
-0.0642915 0.169488 -0.0607786
0.0162463 0.0722881 -0.029887
-0.02088 0.107273 -0.0222055
-0.00949487 0.11143 0.0422271
-0.00549096 0.105886 0.0440438
-0.0749035 0.113464 -0.00617122
-0.00273397 0.0346073 0.0449802
-0.0626161 0.12969 0.0410793
-0.0874242 0.111776 0.00733879
-0.0275094 0.107088 0.0401149
-0.0328931 0.0486572 0.0421875
-0.0204364 0.038385 0.0254029
-0.0887459 0.132238 0.00325707
-0.0679376 0.162368 -0.0549778
-0.0278785 0.0535209 -0.0244081
-0.0716176 0.109058 0.0379622
-0.067283 0.161835 -0.0137578
-0.0203175 0.0933679 0.052311
-0.0524893 0.105673 0.0402508
-0.0690003 0.160066 -0.00858817
0.0383178 0.106879 0.000185785
0.0510761 0.0567889 0.0297952
-0.0190349 0.0930706 -0.0347914
0.00929873 0.115842 -0.01682
-0.0212315 0.0839098 0.0563274
-0.0432318 0.0365168 -0.0263599
-0.0513349 0.057067 0.0306313
0.0125066 0.10443 0.0450477
-0.00973422 0.0712867 -0.0371391
-0.0572144 0.154757 0.0232881
-0.0368227 0.0914861 -0.023804
-0.019502 0.109944 0.0407387
0.0133103 0.0753629 0.0544488
-0.019905 0.038668 0.0324503
-0.0464961 0.102903 0.0415914
0.00548706 0.108567 0.0416722
-0.064655 0.115706 0.0452756
0.0219313 0.0605513 0.0474343
-0.0608758 0.0968112 -0.0186271
-0.0766564 0.0773474 -0.00857073
-0.0544972 0.0959632 0.0436086
0.0192377 0.117984 0.0350388
0.0456444 0.086201 0.0151659
-0.0655423 0.145055 -0.0169033
0.000507304 0.0828912 0.0574668
0.00349864 0.0505127 0.0525247
-0.0758603 0.151341 -0.0198831
-0.0896787 0.135012 0.00721892
-0.0835274 0.0979539 0.0303801
-0.0484961 0.113915 0.0346796
0.0289502 0.0888845 0.043761
0.0127323 0.0860509 0.0536553
0.0130281 0.0916311 -0.029044
-0.0592051 0.0411249 -0.00803844
-0.0629848 0.136718 0.0370028
-0.0698935 0.122364 -0.00881274
-0.0309131 0.0848198 -0.0305724
-0.0304968 0.071744 0.0399232
-0.0151158 0.0388065 -0.0122456
-0.0610791 0.151413 0.0351388
-0.0877422 0.114422 0.00426669
-0.085242 0.115675 0.000251725
-0.0305455 0.0776911 -0.0335901
-0.0689729 0.181022 -0.0546459
-0.0707552 0.0792696 -0.0152786
0.00979876 0.0631089 0.0545118
-0.0818959 0.141783 0.000186922
-0.0397368 0.0739371 -0.0178005
0.0364352 0.0371002 0.0145635
-0.0110606 0.128229 0.000136123
-0.047565 0.0370224 -0.0142792
-0.0651326 0.157423 -0.0100634
-0.0239356 0.0374925 -0.0183912
0.0277057 0.120723 0.00280565
-0.0104962 0.0897854 0.05669
0.00679264 0.0379024 -0.00704418
-0.0720199 0.063399 0.00874547
-0.0674898 0.0986608 0.0416951
-0.0850671 0.0831487 0.00248224
-0.0306482 0.0819602 -0.032565
0.008486 0.0532759 0.0521458
0.014283 0.0681091 -0.0306905
-0.00450192 0.0718383 0.058171
-0.00710449 0.125174 0.0317411
0.0147654 0.125019 -0.0047274
-0.0580744 0.136937 -0.00566118
-0.0779175 0.0954136 0.0361479
-0.022273 0.0879769 0.0544159
-0.0614955 0.104283 0.0410789
-0.0276134 0.0408758 -0.0294796
-0.0236196 0.0436733 -0.0286374
-0.0338617 0.168258 -0.00349456
0.0562407 0.0648113 0.00118357
-0.0425055 0.108838 -0.0192163
0.00906582 0.123154 0.0343752
-0.0617514 0.175333 -0.0614739
0.0550352 0.064867 0.0267865
-0.0241328 0.0565311 0.0416958
-0.00250067 0.110029 0.0428965
-0.0599536 0.123822 -0.00839074
0.015329 0.118191 -0.013375
0.0606816 0.0664976 0.015162
-0.0775221 0.104823 0.0340694
0.00416774 0.034456 0.0194982
-0.0774962 0.131676 0.0527303
-0.0454967 0.109818 0.0383281
-0.0208664 0.103024 -0.023442
0.0344074 0.0446243 -0.00536213
-0.0389556 0.0350986 0.042208
0.0311691 0.0942449 0.0417029
-0.0257476 0.0682496 -0.0344079
0.0214143 0.0463213 0.0412437
-0.0655994 0.0349763 0.0155159
-0.0415729 0.151549 -0.00635576
-0.0526201 0.14007 0.0244025
0.0420818 0.101483 0.016165
-0.0729908 0.139888 -0.00698816
0.00286804 0.129802 0.0250965
0.0344134 0.0655586 -0.0158419
-0.0330104 0.126012 0.0180287
-0.0464848 0.12067 0.0277891
0.0159863 0.0860656 0.0513294
-0.0678831 0.155252 0.000581516
-0.0251276 0.16525 -0.016804
-0.0086058 0.172644 -0.0268228
-0.0175218 0.187118 -0.0194148
-0.00271064 0.0641639 -0.0348647
0.00432828 0.0582523 -0.0314184
-0.00939357 0.0354504 -0.0173725
-0.0508195 0.0927229 -0.0217389
0.0371109 0.0630101 -0.0117592
-0.0144925 0.0559441 0.0511232
0.0249135 0.0390596 0.0323329
0.0415181 0.0484385 0.0321463
-0.0719403 0.179282 -0.0559874
-0.06586 0.154377 -0.00304604
-0.0843669 0.106153 0.00138874
0.0272261 0.0451183 -0.00768323
-0.0245658 0.115393 0.0346209
-0.0307766 0.0720324 -0.0295197
-0.0667905 0.0852019 -0.0183581
-0.0223108 0.122995 -0.00618559
-0.051638 0.0663266 -0.0117848
-0.074876 0.107788 -0.00905848
-0.0228589 0.0637031 0.0444908
0.050668 0.0451751 0.0191374
-0.0534934 0.0747559 0.0420439
-0.0921816 0.132336 0.0152245
-0.0458838 0.129671 0.00293555
-0.0749897 0.139866 -0.00647617
0.0457714 0.0848094 0.0151676
-0.0574847 0.0623327 0.0283417
0.0254197 0.0394349 0.0320923
-0.0799103 0.125126 -0.00560703
0.0310879 0.115727 -0.00269046
-0.0245152 0.111258 0.0385919
-0.0384864 0.0548303 0.0394681
-0.029726 0.121561 0.0251755
-0.0445141 0.050571 0.038927
0.0424994 0.0597124 0.0306347
-0.000774843 0.0783346 -0.0358957
0.0034868 0.107186 0.0422902
0.0248886 0.0970269 -0.0206985
-0.0831522 0.148677 0.0355101
-0.031899 0.0595768 -0.0154053
-0.00273996 0.130454 0.0216129
-0.0491191 0.159098 -0.00622225
-0.0162544 0.183109 -0.0200888
-0.0515418 0.0389441 -0.0114685
-0.0631313 0.0343469 0.025414
-0.0154952 0.087016 0.0568367
-0.0248582 0.0752289 0.048914
-0.0921325 0.117269 0.0252198
0.0131167 0.108671 -0.0187213
-0.0148858 0.0985034 0.047376
-0.0400971 0.153595 0.0050429
-0.0409612 0.0344092 -0.00782476
-0.0436408 0.0408205 -0.0223011
-0.0125029 0.0673483 0.0540527
-0.0723854 0.155427 -0.0359059
0.0302544 0.115002 0.0294335
-0.0394983 0.0690894 0.041721
-0.0166425 0.0970062 0.0498004
-0.000334987 0.0965293 -0.0302242
-0.0033226 0.122983 -0.0103909
-0.0777065 0.155692 0.0145746
-0.0375104 0.0344317 -0.0164034
-0.00849166 0.110041 0.0429425
-0.0633588 0.166271 -0.0375898
-0.0597781 0.0668249 0.0348598
-0.0316113 0.0409091 -0.0301005
-0.0454996 0.0464888 0.0408011
-0.0656399 0.11715 0.0490043
-0.084288 0.111698 0.0438155
-0.0114926 0.0604332 0.0544994
-0.0581231 0.149655 0.0336366
0.00434602 0.0346139 0.0410512
-0.0521163 0.12407 0.0351298
0.00534141 0.0341316 0.016402
-0.00415334 0.0367895 0.0481682
-0.0064872 0.119657 0.0377321
-0.0313926 0.112895 -0.0174931
-0.00855639 0.121127 -0.0123669
-0.0204394 0.0725535 0.0530664
0.0142349 0.129723 0.0106274
-0.0859939 0.0940196 0.000445293
0.0228866 0.122341 0.0280976
-0.0897923 0.144692 0.013139
-0.0248162 0.0593033 0.0409035
-0.0675391 0.124252 0.0515729
-0.0847868 0.0979024 0.0288114
0.0493343 0.0532247 -0.0043679
0.043364 0.0547822 -0.00644446
0.0226817 0.0618915 0.0467691
-0.0164643 0.0842755 0.0572298
-0.0776418 0.158287 -0.0219264
-0.0344954 0.118007 0.0312549
-0.0348901 0.0738831 -0.020486
-0.0269668 0.0674701 -0.0325423
-0.0832597 0.10897 0.0263609
0.0383861 0.0476151 -0.00591592
-0.0615271 0.0344278 0.0378839
0.0162217 0.120841 -0.0102336
-0.0272212 0.114809 -0.0155223
-0.0380808 0.0483205 -0.0131774
-0.0631669 0.152168 -0.0312981
-0.0859766 0.117044 0.000228439
-0.0581769 0.137607 -0.00562722
-0.0899696 0.15095 0.0147905
-0.0334907 0.0932064 0.044455
0.0546767 0.0732977 0.0167178
0.00619086 0.131536 0.009113
-0.0255449 0.0384207 -0.00839698
-0.0323521 0.0336874 -0.0296376
0.0411176 0.0661976 -0.00575682
0.00950521 0.0772084 0.0556135
-0.0461849 0.131841 0.0072241
0.0603913 0.0595429 0.0161691
-0.0502854 0.11522 -0.0158495
-0.0688031 0.0659098 0.026726
-0.0227345 0.0390118 0.0369431
0.00350624 0.0619975 0.0564502
-0.0017512 0.0769296 -0.0360915
-0.0471129 0.13404 0.0104021
0.0234605 0.0367801 -0.00165856
-0.0142563 0.178628 -0.0276625
-0.00125765 0.0383424 0.0470318
0.0286979 0.0806527 -0.0216026
-0.0748775 0.0739125 0.0325733
-0.0699012 0.105141 -0.0130553
-0.0356548 0.0459643 -0.0252685
0.0442902 0.0875035 0.0241471
-0.0719279 0.153998 -0.0419035
-0.0788159 0.0818529 0.0346403
-0.0358563 0.126885 0.000788129
-0.0787949 0.0758277 -0.00557109
-0.0104903 0.0604984 0.0550813
-0.0254977 0.107106 0.0408331
0.0335012 0.0795469 0.0414506
0.0335661 0.0612752 -0.015761
0.0271939 0.0479684 -0.0167032
-0.00121369 0.0389243 -0.000247464
-0.0706839 0.0363372 -0.00115986
-0.040497 0.0705056 0.0418211
-0.0538783 0.0999149 -0.0214389
0.00330662 0.0597508 -0.0323981
0.00826699 0.0696219 -0.0321852
0.0224472 0.0375897 0.0352799
-0.0891519 0.0956005 0.0104313
-0.0647828 0.177875 -0.0546137
-0.0619058 0.105434 -0.0174028
-0.0191672 0.0596981 0.049368
-0.0689104 0.122371 -0.00889897
-0.0485787 0.153602 0.0103738
-0.0486882 0.138613 0.0123943
-0.0524843 0.150872 0.017395
-0.0553453 0.138992 -0.00307013
-0.019145 0.0893155 0.0554734
0.0423862 0.047532 -0.00502925
-0.0903381 0.144712 0.0141544
-0.0263524 0.059005 -0.029433
0.0186225 0.0355557 -0.00967449
0.0258633 0.0505634 0.0389033
0.00385238 0.131766 0.0125385
-0.000497657 0.066177 0.0565989
-0.0526515 0.0504392 0.0286525
0.0179914 0.120614 0.0332262
-0.079558 0.151858 0.0332132
-0.0528865 0.15117 0.0191272
-0.0737584 0.0914853 0.0405847
-0.0522913 0.124591 -0.00759738
-0.0266054 0.0916781 -0.031606
-0.0170833 0.0896859 -0.0373218
-0.0372497 0.126436 -0.00264816
-0.0424979 0.0817557 0.0420871
-0.0201905 0.172698 -0.0217858
0.0213321 0.100802 0.0450693
-0.0277533 0.155598 -0.00253083
-0.036486 0.0619956 0.0409573
-0.0525858 0.147787 0.0204037
-0.0738652 0.150214 0.0382196
-0.0344903 0.0505305 0.0383369
0.00329581 0.06408 -0.0335736
-0.093041 0.12831 0.0262642
0.0546048 0.0478149 0.0122009
-0.0633264 0.159631 -0.0180726
0.0227131 0.118044 0.0330191
2.76528e-05 0.0391548 -0.0114154
-0.0138651 0.0987904 -0.0246748
-0.0569634 0.0335771 0.00964709
-0.0884616 0.136381 0.00620417
-0.0623204 0.0448503 0.0109236
-0.0736872 0.176894 -0.0449171
0.0159137 0.128436 0.00413586
-0.0616544 0.15599 0.0144357
-0.0908661 0.142018 0.0261694
0.0278652 0.0996344 -0.0174729
0.0240424 0.122784 0.0256717
-0.0620479 0.155306 -0.016587
-0.0393536 0.0336231 0.00416845
0.0375907 0.0937201 -0.0111657
-0.0268707 0.103016 -0.0234914
-0.0606822 0.0362429 0.0450162
0.0204758 0.0975716 0.0468126
-0.0671575 0.17049 -0.0366968
-0.0150259 0.185694 -0.0231645
-0.0480228 0.144604 0.00545108
0.0321413 0.0366814 0.019545
0.0209713 0.0966458 -0.0223043
-0.0166484 0.0480949 -0.029815
-0.040502 0.120714 0.028794
-0.0665414 0.155108 -0.00331096
0.0328144 0.0654355 -0.0177831
-0.0155009 0.0951913 0.0533641
-0.00251219 0.0378133 0.00785027
-0.0658189 0.0895406 -0.0182783
-0.0231138 0.0666037 0.0460408
-0.0640884 0.160897 -0.0576117
-0.0166094 0.128602 0.0136868
-0.0249563 0.0383168 0.00102848
0.0174963 0.116768 0.0361173
-0.0444951 0.104328 0.0415155
-0.0138771 0.164812 -0.0186885
-0.0301429 0.0551656 -0.0193914
0.0093755 0.0479282 -0.0271091
-0.0675133 0.108346 0.0377589
-0.0694997 0.166373 -0.0203616
-0.0599597 0.121237 0.0413621
-0.0621593 0.13389 0.0382274
0.01346 0.094917 0.0501359
-0.0434945 0.0676224 0.0409141
-0.0385432 0.0337417 -0.0196892
0.0195332 0.12729 0.0154357
-0.0633961 0.0610267 0.0215327
-0.0588165 0.0667309 0.0351477
-0.0689131 0.06155 0.0163724
-0.000261091 0.0350803 0.00896105
-0.0226026 0.0379508 -0.0287016
0.0206753 0.126786 0.0115854
0.0416569 0.0832977 0.0303966
-0.0903937 0.142028 0.0281621
-0.0287922 0.165339 -0.00670006
-0.0246455 0.126418 0.012252
0.0117081 0.0589891 0.0519593
-0.0467288 0.054632 0.0374442
0.00727173 0.0667978 -0.0321541
-0.00613038 0.0999315 0.0488982
-0.0104381 0.171321 -0.0205524
-0.0200013 0.0389743 0.053287
-0.0398868 0.108509 -0.0195593
-0.0164973 0.088378 0.056467
-0.00159817 0.0419657 -0.0250292
-0.065153 0.0712063 0.036955
-0.0448105 0.126695 -0.00590468
-0.0452834 0.0395877 -0.019291
-0.0185117 0.0387718 -0.0147573
0.0200484 0.122759 0.029923
0.0215063 0.107058 0.0398344
-0.0275574 0.156658 -0.00139783
-0.0242451 0.0337053 -0.0224295
-0.0285 0.0960446 0.0448096
-0.0163928 0.0384645 -0.00103951
0.0148847 0.0378033 0.0441286
-0.0816004 0.110405 0.0418977
0.00787676 0.127927 0.0283381
0.0030519 0.130996 0.00365966
-0.0809226 0.0926448 0.0335946
0.0122214 0.13032 0.0170232
0.0246944 0.0835826 0.0481083
-0.0439866 0.0342955 -0.0250034
-0.0353519 0.169773 -0.000327923
-0.058406 0.0598457 0.000248469
-0.0308539 0.0958394 -0.0237431
-0.0445183 0.0675631 0.0404632
0.0183688 0.0727072 0.0511848
-0.063479 0.0384929 -0.0076832
0.00697892 0.131225 0.0065571
-0.0672863 0.151256 -0.0426939
-0.0586931 0.0693474 -0.0143558
-0.0672464 0.173921 -0.0582812
-0.0618817 0.161578 -0.0325898
0.0343592 0.0519767 -0.00689954
-0.0256593 0.0810401 0.0523557
-0.0618211 0.164489 -0.0586698
-0.0624902 0.155293 -0.0145941
-0.0897683 0.091592 0.0154417
-0.0117661 0.182389 -0.0287496
0.0284552 0.0607955 -0.0208488
0.0044338 0.117686 -0.0167913
-0.0809274 0.12805 -0.00535084
-0.0920212 0.128183 0.00926455
-0.0417723 0.0826397 -0.0208385
0.0211195 0.109025 -0.0155233
-0.0702074 0.0394853 -0.000301673
-0.0348371 0.155104 0.00211833
-0.0451841 0.16983 -0.00497124
-0.0641214 0.155412 0.0266328
0.0416942 0.0655359 -0.00371801
0.00723812 0.0725784 -0.0338132
-0.0139293 0.126622 0.0263262
0.0214018 0.0473917 -0.0206345
-0.065316 0.0625169 -0.002419
-0.0796195 0.104749 0.0319273
-0.0859393 0.101835 0.0256124
0.000189104 0.0867348 -0.0351526
-0.0634115 0.166723 -0.0396505
-0.0873971 0.140576 0.0399568
-0.0308936 0.0901442 -0.0248987
-0.043282 0.147753 0.00390043
-0.0258496 0.0864897 0.0509722
-0.0696571 0.0662079 0.0262916
0.0303225 0.119467 0.0166127
-0.0628785 0.0393963 0.0426563
-0.0574961 0.0904385 0.0452768
0.00697022 0.12731 -0.00520393
-0.0212772 0.0382158 0.00549847
-0.0115772 0.0991016 -0.0249869
-0.0251149 0.163764 -0.0159045
-0.0356854 0.0435567 0.045098
-0.0656817 0.0705232 -0.0118151
-0.0592659 0.0599215 0.0215991
0.0138891 0.0942573 -0.0257865
-0.0713326 0.0345571 0.00760774
-0.0620293 0.135502 -0.00717407
-0.0619624 0.0371632 0.0192279
0.0125423 0.120941 -0.012332
0.0435987 0.0482711 0.0311843
-0.0404951 0.0747761 0.0426102
-0.0273471 0.0735222 0.0429845
-0.0461338 0.160629 -0.00828859
-0.0604951 0.097348 0.0432235
0.00902499 0.0346466 0.0239397
-0.060198 0.152175 0.0339452
-0.0415 0.0930514 0.0423592
-0.0820552 0.1102 0.0401793
0.00846054 0.0341727 0.000449307
-0.0134871 0.123689 0.0319378
-0.033107 0.125984 0.00180258
-0.0378631 0.100009 -0.0219618
-0.0261594 0.066324 0.0406106
-0.0309385 0.0622798 -0.0204312
-0.0604981 0.105663 0.0403307
-0.0539078 0.109837 -0.0181931
0.0211703 0.0458979 -0.0197309
-0.01605 0.0946681 0.0536372
0.0291715 0.104768 0.0370747
-0.0711896 0.155374 -0.0449035
0.0381002 0.078079 0.0357853
-0.0451911 0.163637 -0.00858913
-0.000727236 0.069749 -0.034387
-0.0590287 0.0481317 0.00366474
-0.0681352 0.166058 -0.0212868
-0.0012394 0.131315 0.00922853
-0.0591403 0.039472 0.0459797
-0.0502228 0.125461 0.0326401
-0.0708414 0.0994113 -0.0147342
-0.0861558 0.100815 0.00240792
-0.0581251 0.0334091 -0.00125013
-0.0774982 0.133088 0.0521596
-0.0396636 0.0340515 0.0270767
-0.0896848 0.0929338 0.0144339
0.00550054 0.0990386 0.0482677
0.0254683 0.121415 0.0262007
-0.0305995 0.121953 0.0248664
-0.0922608 0.117447 0.0323019
-0.0136795 0.0987823 0.0477955
-0.0743787 0.145821 -0.0108474
0.00803706 0.0343648 -0.0148062
0.0296649 0.110072 0.0343033
-0.0824678 0.0844329 0.0311552
-0.0889313 0.0875027 0.0114635
-0.0432762 0.0450842 -0.0143236
-0.0510409 0.034583 0.0365198
-0.0436328 0.056346 -0.0115255
-0.0892338 0.0888828 0.0134587
-0.0368415 0.0943464 -0.0233446
-0.0565065 0.0629707 0.0300974
-0.0298496 0.180049 -0.0116061
0.0105239 0.101777 0.0472989
0.0133552 0.13008 0.0103074
0.0445042 0.0650854 0.0275412
-0.0169241 0.181626 -0.0193127
-0.0679787 0.154919 -0.0513588
-0.0237817 0.0727523 -0.0377511
-0.0628433 0.16149 -0.0495873
0.044544 0.0748845 0.0238506
0.0183373 0.109817 -0.016338
0.0426589 0.0598822 -0.00401987
0.0183138 0.0348993 0.0256062
-0.00492317 0.0389099 -0.00470281
-0.00430704 0.037991 -0.0149598
-0.0345086 0.0775176 0.0416541
-0.00798473 0.0348553 0.0472244
-0.05979 0.0839541 -0.0202843
-0.028646 0.0535523 0.0364431
0.00190257 0.130874 0.00322319
0.0169782 0.128539 0.0144983
-0.025483 0.0988427 0.0444451
0.0231929 0.110938 -0.0135659
-0.00457894 0.0383459 0.0160278
0.0142674 0.0709686 -0.0310685
0.0215976 0.121636 0.0305088
0.00852018 0.0702413 0.0555324
-0.0817304 0.107364 -0.00260486
0.0403849 0.0533789 -0.00673496
0.0233356 0.0389315 -0.00470356
-0.0691773 0.0628504 0.020491
-0.0651886 0.172101 -0.0460875
-0.0518913 0.130385 -0.00375074
0.0426825 0.0805137 0.0283126
-0.0045009 0.116806 -0.0157814
-0.0700699 0.0415411 0.00206928
-0.0657828 0.082373 -0.0185031
-0.0495787 0.0503337 -0.00863311
0.00141943 0.122927 0.0347542
-0.0713342 0.065071 0.0216423
-0.0644858 0.152894 -0.00250698
0.0257185 0.0699313 0.0441746
-0.0384034 0.0343958 0.0323426
-0.0534027 0.0336932 0.022744
-0.00450341 0.0703715 0.0573471
-0.064574 0.0418551 0.0316967
0.0143357 0.0566765 -0.0290221
-0.0712669 0.0381904 0.00872646
-0.0224128 0.163867 -0.00803238
-0.0136738 0.0526181 -0.0325173
-0.0204956 0.109916 0.0405701
-0.0809707 0.15134 0.0022444
0.0262422 0.122687 0.00652555
0.0451001 0.0791381 0.000209359
-0.0825182 0.0816676 0.0298907
0.0383914 0.0390949 0.00219016
-0.0686442 0.156175 0.0235781
-0.0719363 0.129668 -0.0086833
0.0238985 0.104719 0.0399907
-0.00905798 0.034739 0.0470958
-0.00851553 0.0759427 0.057359
-0.0521615 0.159088 -0.00368491
-0.0320742 0.0383234 -0.000421092
-0.0239275 0.1816 -0.0100979
-0.0388302 0.173903 -0.00342781
-0.056967 0.0535025 0.000612409
-0.0202678 0.159643 -0.00488449
-0.0835554 0.0925405 0.0305699
-0.0508568 0.0999518 -0.0219402
-0.0404258 0.0418709 -0.0242648
0.0222628 0.0359732 0.0163557
0.000501495 0.0457296 0.0472541
-0.0564446 0.0520481 -0.00138381
-0.0102645 0.038442 0.0220215
-0.0800217 0.102057 0.0324029
-0.0111161 0.125335 -0.00680126
-0.0413959 0.1089 -0.0192706
-0.0598038 0.0341949 0.0280011
-0.0707265 0.080778 -0.0161096
-0.0354822 0.0590569 0.0395591
0.0444941 0.0637658 0.0284543
-0.0303619 0.0381166 0.0307902
-0.0398464 0.0957237 -0.0225845
-0.00496131 0.0393649 0.0367022
-0.0523188 0.0518 0.026645
-0.0198832 0.0335337 -0.0251748
0.0463722 0.0764454 0.00719365
-0.0237378 0.0654511 -0.0345337
-0.0874477 0.148578 0.0299355
-0.00484252 0.0384695 0.0194856
-0.0226813 0.0349023 0.0509736
-0.0846331 0.0781756 0.0181083
0.0608524 0.0609661 0.0101561
-0.015485 0.0673895 0.0543529
-0.0662836 0.114247 0.046332
-0.0755022 0.131669 0.0524935
-0.006733 0.0684593 -0.0359965
-0.0256808 0.0663835 0.041558
-0.0585008 0.0732388 0.0410714
-0.0636896 0.064322 -0.00564195
-0.0597431 0.093988 -0.019461
0.0140142 0.0519753 0.0481823
0.0324897 0.100233 -0.014155
-0.0364055 0.0394201 0.0459276
-0.0782928 0.163856 -0.0319501
-0.0497211 0.131062 0.0298847
-0.0674006 0.0406253 -0.00334064
-0.0464927 0.165223 0.0045927
-0.0317716 0.0863018 -0.027557
-0.0387388 0.0753845 -0.0180569
-0.0458334 0.0927472 -0.0217986
-0.0176564 0.0480544 -0.0295902
-0.0636907 0.124164 0.0466174
-0.0601038 0.0347331 -0.00989443
-0.0815589 0.10988 0.0387619
0.0437773 0.0804492 0.0262342
-0.0714952 0.123214 0.0534125
-0.0644925 0.0903995 0.0447493
0.0403868 0.0966272 0.0286723
-0.0561131 0.145329 0.0311927
0.0210051 0.0618768 0.0478546
-0.0807416 0.0720213 0.00853917
-0.0498987 0.124057 -0.00910218
-0.0396087 0.0392284 -0.0278507
0.00735972 0.130718 0.020957
-0.0644326 0.152123 0.0354487
0.0252655 0.0864752 -0.0236184
-0.0394944 0.0492076 0.0395541
-0.0898981 0.135185 0.0362087
0.0524799 0.0636428 -0.00173686
-0.0328117 0.0335416 -0.0258378
-0.0194949 0.122198 0.0303074
-0.0495672 0.135498 0.00241956
-0.0504991 0.105636 0.0396146
-0.0754488 0.151352 -0.0128993
-0.0896944 0.133694 0.0395953
-0.0665084 0.0903473 0.0440273
-0.00558664 0.0376733 -0.0253626
0.0115292 0.119123 0.0361473
0.0223132 0.124739 0.023599
-0.0616692 0.167812 -0.0545903
-0.0374998 0.0691046 0.0417769
-0.00971544 0.177216 -0.0294611
-0.00196689 0.131088 0.00752604
-0.0354987 0.113848 0.0338946
-0.0611522 0.045903 0.0393286
-0.0386347 0.0548667 -0.0110053
-0.0553377 0.0457536 -0.00639551
0.0121361 0.105839 -0.0196306
0.0404388 0.0427247 -0.00185446
-0.0690953 0.0751628 0.0379926
-0.0587181 0.0481161 0.00163754
-0.0188763 0.105884 -0.0226282
0.036686 0.110763 0.0218417
-0.0710553 0.181198 -0.0554882
0.00652044 0.0799801 0.0556018
-0.0205114 0.0512056 0.0456176
-0.0551968 0.138069 -0.00309725
-0.03015 0.171175 -0.0170282
-0.0348703 0.102876 -0.0215726
-0.0381489 0.0448685 -0.0242105
-0.0283736 0.0336157 -0.0231629
-0.0908359 0.114163 0.0368153
0.0303038 0.118886 0.0223059
0.014824 0.0950266 -0.0246047
-0.055962 0.148162 0.0296522
0.00164525 0.0348132 0.00406568
-0.0656715 0.0684169 0.0339875
-0.0355056 0.0705073 0.0417804
-0.055503 0.0918468 0.0452512
-0.0628937 0.146875 -0.0135938
0.00533357 0.055349 -0.0305496
-0.0494961 0.159354 0.00844009
-0.00790609 0.0389527 -0.0109414
-0.0476607 0.120291 -0.0131944
-0.0833313 0.0829966 0.0292517
-0.0603223 0.0385556 0.0217181
-0.0590026 0.0609591 0.0242669
-0.0142597 0.180104 -0.0279187
0.00248615 0.104372 0.0430232
-0.00552471 0.130134 0.0220582
-0.063796 0.145383 -0.0141799
-0.0377299 0.0739307 -0.0178742
0.0199488 0.115322 0.0360728
0.0409145 0.07739 -0.0077683
0.00805559 0.124767 0.0327601
-0.0478872 0.0335336 -0.00475407
0.0516174 0.0711387 0.00464104
0.00338055 0.0465728 -0.0280809
-0.000114754 0.120081 -0.0133088
-0.0812898 0.0735018 0.0165324
-0.000691446 0.0612541 -0.0338404
-0.0651151 0.138224 0.0409979
-0.0258056 0.0550238 0.0391969
-0.0237931 0.0698259 -0.0366341
-0.0222638 0.126605 0.016039
0.0309373 0.119109 0.0111337
-0.0716942 0.1568 -0.0399156
-0.0291786 0.175627 -0.0167894
-0.0310416 0.0763051 -0.0325503
0.0519851 0.0567984 0.0293579
-0.0764634 0.157616 -0.00941011
-0.00241533 0.0389975 -0.0136337
-0.0508607 0.133588 0.0291236
-0.070351 0.158156 -0.0469171
-0.0127734 0.171309 -0.0186592
-0.0589463 0.0436711 -0.00636451
-0.0679476 0.156599 -0.00385029
-0.0847077 0.140411 0.00224002
-0.08839 0.0995952 0.00742201
-0.0067913 0.0812637 -0.0377236
0.00838362 0.046349 -0.0258656
-0.0337405 0.075174 -0.025488
-0.0243375 0.1639 -0.00728245
0.0145003 0.108488 0.0407955
0.0259904 0.108758 0.0377477
-0.0299153 0.155169 -0.001314
-0.0358448 0.0971832 -0.0228124
-0.0504372 0.0529682 0.0186225
-0.0809107 0.103235 -0.00559799
0.0270604 0.0795391 0.0462139
-0.0351444 0.0865581 -0.0244792
-0.0293203 0.0381642 0.0309659
-0.0884925 0.144689 0.01017
-0.0916814 0.147477 0.020141
0.0300578 0.0632721 0.0416198
-0.0922485 0.120133 0.0292903
-0.046474 0.0903329 0.04369
-0.0298946 0.0436977 0.0506861
-0.0576821 0.0438911 0.0236882
-0.0640545 0.149152 -0.0269946
-0.0738208 0.0921589 -0.0148323
-0.0572916 0.0479655 -0.00237378
-0.0494324 0.0586474 0.0343285
-0.0105486 0.0921685 -0.035821
0.0241216 0.0968854 0.045587
-0.0617744 0.0585089 0.0133805
-0.0237608 0.156715 -0.0053038
-0.0644726 0.165628 -0.0285568
-0.0478947 0.122501 0.0288841
0.0226208 0.102094 0.0434114
0.0454245 0.0904044 0.0131633
-0.011946 0.163588 -0.0146751
-0.0279306 0.125506 0.00666413
0.0123622 0.0523525 -0.0283928
0.0180016 0.125305 0.0262968
0.0421124 0.0467315 0.0307997
-0.050201 0.0344166 0.0315946
-0.0264336 0.0535943 0.0384453
-0.0487526 0.0782553 -0.019094
-0.0892037 0.0956419 0.0194144
-0.042493 0.0690949 0.0416622
-0.0277318 0.0385796 0.0327127
-0.0424861 0.107068 0.0398635
-0.0630274 0.166296 -0.040584
-0.0701785 0.136914 0.0477863
0.0352633 0.113355 0.0198926
-0.0425016 0.0605517 0.0404213
-0.00786498 0.13001 0.00533674
-0.0271732 0.171194 -0.0185934
0.0401046 0.0466866 0.0313873
0.00450339 0.123789 0.033846
-0.0790938 0.10996 -0.003593
-0.030416 0.0692532 -0.0284548
-0.0849152 0.0791131 0.00550947
0.0343622 0.0673468 0.0390872
0.0397534 0.0685495 0.0327941
-0.0649779 0.141437 -0.00794337
-0.0595895 0.0659394 0.0339087
0.0162788 0.0421207 0.0443108
-0.029049 0.0511502 0.0411139
0.00291054 0.0385481 0.0460492
0.0436181 0.0416961 0.0210317
-0.0247884 0.0905387 0.0498003
-0.0807759 0.0773963 -0.00349851
0.016266 0.0750624 -0.0291952
0.0473411 0.0488863 -0.00367878
0.0288925 0.112764 0.0331675
-0.0290472 0.0777737 0.0431405
-0.0451365 0.160644 -0.00892562
-0.0322885 0.177691 -0.00536129
-0.0939826 0.118759 0.0192971
-0.0154906 0.0744572 0.0558178
-0.0748416 0.154048 -0.0189002
0.0476809 0.0472678 -0.00164326
-0.0298518 0.100096 -0.0230635
0.018711 0.100467 -0.0223545
0.0175453 0.0645325 0.0499023
-0.0160023 0.128658 0.015367
-0.0605217 0.0372227 -0.00906293
-0.0544952 0.0440117 0.0450302
-0.0179307 0.0931593 -0.0348763
-0.00869265 0.0598566 -0.0344628
-0.0691412 0.109612 0.0381472
0.0579592 0.0537863 0.0201793
-0.0568391 0.118972 -0.0116757
-0.0883909 0.0874867 0.0154625
-0.0176233 0.0450417 -0.02779
-0.0558892 0.141955 -0.00229647
0.00109253 0.113026 -0.0199046
0.0239203 0.108291 -0.0147313
0.0365187 0.0526805 0.0315096
0.0579498 0.0621469 0.0239372
-0.0289244 0.033884 -0.0216457
-0.0858041 0.131212 0.0485351
-0.0179202 0.0385865 -0.0163394
-0.0904857 0.114242 0.0332623
-0.0800641 0.107437 0.0308747
0.0393962 0.0505525 -0.00668347
-0.081432 0.0776141 0.0263044
-0.0165017 0.177176 -0.0187481
-0.0667828 0.0837809 -0.018353
-0.0637348 0.156074 0.0136991
-0.0278278 0.177181 -0.00696301
-0.0855508 0.0883229 0.0270467
-0.0528954 0.105563 -0.0191967
-0.0574796 0.115365 0.0367006
-0.0674057 0.140585 -0.00814985
-0.0165785 0.162548 -0.00831661
-0.0330922 0.108613 -0.0189923
0.0276762 0.118315 -0.00350857
-0.0748251 0.0906869 -0.0145799
-0.0615924 0.156857 -0.0275883
-0.00477478 0.0812297 -0.0373809
-0.0350673 0.0752529 -0.020583
-0.0639501 0.166025 -0.0326719
0.0392908 0.0660103 -0.00977956
-0.0724967 0.123205 0.0535111
0.0370832 0.0408236 0.0259314
-0.00117719 0.0381217 -0.0144579
-0.0308589 0.0382072 0.0517831
0.0330035 0.116489 0.00476188
-0.0808584 0.15153 0.0328055
-0.0455924 0.119193 -0.014062
-0.0532128 0.133944 -0.00360453
0.0106562 0.0589179 0.0524466
0.0326927 0.116394 0.0217802
0.0575508 0.0523393 0.00818574
-0.00275795 0.0740872 -0.0359501
0.0422807 0.0831292 -0.00677447
-0.087232 0.102325 0.0223672
-0.0222759 0.0382517 0.00526325
-0.0535468 0.0500774 -0.00609453
-0.0427276 0.129253 0.0100405
-0.0789041 0.126621 -0.00628203
-0.0395001 0.100068 0.0413695
-0.0484803 0.117974 0.0310954
-0.0325542 0.0341026 -0.0206973
-0.00690926 0.0349718 0.0473534
0.0440002 0.0888695 -0.00280666
0.0360129 0.0947297 -0.0122566
-0.0587952 0.0334058 0.000425547
-0.0176742 0.109826 -0.020315
-0.0223256 0.0637459 0.0453694
-0.0569142 0.0548839 0.00364185
0.0403616 0.0561214 -0.00579676
-0.076928 0.152806 -0.00788984
0.0404579 0.0971405 0.0281735
-0.0917869 0.115969 0.00931507
0.0526995 0.0702438 0.0035897
-0.0865451 0.110395 0.00835385
0.0121283 0.11013 -0.0187853
0.0214733 0.0808843 0.0504673
0.0213135 0.0650138 -0.0271409
-0.0772797 0.157576 -0.0127941
0.0163088 0.048977 0.0444188
0.0244543 0.124393 0.0172632
0.0158163 0.0344928 -0.00398192
0.0414472 0.0971985 0.0261597
-0.00116523 0.0371346 0.0178171
0.0560342 0.0622175 0.0264602
0.0329891 0.092935 0.0408139
-0.00752629 0.0443832 0.0481509
-0.0547028 0.0693497 -0.0142348
-0.00482205 0.130969 0.0150835
-0.0548752 0.0984577 -0.0213117
-0.0516205 0.0604369 -0.00991236
0.0232364 0.0706221 -0.0263108
0.0406194 0.104193 0.00117617
0.0428337 0.0789534 -0.0047828
-0.0314585 0.0335695 -0.0237257
-0.00206852 0.0346139 0.0433223
0.000494108 0.118289 0.0391022
-0.0330023 0.0807475 -0.0275162
-0.0476206 0.111206 -0.0176722
-0.0310964 0.125815 0.0157855
0.0215982 0.0645366 0.046975
-0.0594448 0.063179 0.0293052
-0.0607049 0.145387 0.0368926
-0.0562826 0.138192 -0.0042334
-0.0142754 0.0385008 0.0265607
0.010651 0.121836 0.0349107
-0.0213522 0.127058 0.00761225
-0.0194857 0.0486564 0.0485018
-0.0829923 0.130939 -0.00341376
-0.0305611 0.179398 -0.00755573
0.016314 0.061771 0.0498607
-0.0461681 0.033576 -0.00628041
0.00950257 0.0896505 0.0545501
-0.0186964 0.0569405 -0.033635
-0.0691196 0.118603 0.052746
-0.0689571 0.134062 -0.00839151
-0.0926446 0.122835 0.02928
0.0336763 0.102539 -0.0125747
0.0152655 0.0695272 -0.0306629
-0.0279464 0.0689892 -0.032513
-0.0772723 0.114862 0.0500033
-0.0437757 0.12944 0.0066621
-0.0187514 0.0906841 0.0550582
-0.0510936 0.156101 -0.00485677
-0.0212084 0.186026 -0.0155815
-0.0538886 0.161243 -0.000916627
-0.0465112 0.0491437 0.0387964
-0.0623894 0.149097 -0.0105741
0.059153 0.0704954 0.0131546
-0.0780833 0.1597 -0.0209281
-0.0252176 0.0351344 0.0519405
-0.0682097 0.171724 -0.0385204
0.00433485 0.120467 -0.0137766
0.00849938 0.0366585 0.0454484
-0.0161025 0.0382877 0.022773
0.00823253 0.112336 0.0401545
0.0369643 0.0405549 -0.00158789
-0.0338796 0.174703 -0.0134692
-0.00301248 0.0391855 -0.0120497
0.00450508 0.0688823 0.055725
-0.0378902 0.121927 0.0281694
0.0443653 0.0561662 -0.00597205
-0.0851868 0.0966727 -0.00156833
0.0583904 0.0706508 0.00920486
-0.0465003 0.112564 0.0357108
-0.0451719 0.0347129 0.0411467
-0.023437 0.0753613 0.0517266
0.0375184 0.0915609 -0.0128884
-0.00451238 0.0760575 0.0586977
-0.0890326 0.125361 0.00330134
-0.0715263 0.0944187 0.0416527
-0.0870246 0.129415 0.000309032
0.0438672 0.0916755 -0.00180444
-0.050852 0.0985174 -0.022094
-0.0544756 0.0413314 0.0465715
-0.0665656 0.122847 0.0512252
-0.061679 0.175513 -0.061381
-0.0894207 0.0969969 0.0174102
-0.0330041 0.122377 0.0254817
-0.0570388 0.149629 0.0316784
-0.0689145 0.123836 -0.00886831
-0.0106374 0.0466553 -0.0295813
-0.0188224 0.0347384 0.0467634
-0.0563559 0.0448266 0.0148606
-0.0104985 0.0362063 -0.0254961
0.00937824 0.0346871 0.0203526
-0.082839 0.145958 0.00218243
0.0460187 0.0482649 0.029417
-0.0177485 0.0700027 -0.0382786
-0.0731928 0.064943 0.0125198
-0.0697489 0.17084 -0.0530327
0.0393896 0.106975 0.00316583
-0.0831639 0.108847 0.00132792
-0.0296224 0.0352251 0.019146
-0.0627776 0.125519 0.0444184
-0.0551719 0.0344352 0.0357625
-0.0148175 0.0855384 -0.0388203
-0.0290915 0.0334798 -0.0269263
-0.0156111 0.0407209 -0.0274801
0.00444274 0.131539 0.0170385
-0.060863 0.0583083 0.0137477
-0.0185051 0.0711438 0.0540217
0.0421362 0.0845969 0.0293292
-0.0437917 0.0422818 -0.0193111
-0.0567567 0.0416998 -0.00856929
0.00796175 0.131494 0.0140347
-0.0342458 0.127284 0.0102001
-0.0315044 0.0860003 0.0426216
-0.0642519 0.118577 0.0476092
-0.0321779 0.0474216 0.0442941
-0.0384905 0.0591295 0.0404813
-0.0271594 0.0577744 0.0376032
-0.00125449 0.12189 -0.0112382
0.00922467 0.131237 0.0102208
-0.0764027 0.109871 -0.00664525
0.0522184 0.0461787 0.0182078
-0.0661071 0.164936 -0.0219713
-0.0735555 0.105459 0.0371635
-0.0474976 0.111158 0.0371638
0.0510202 0.0736047 0.0138558
0.00419323 0.0880606 -0.0335488
0.0132903 0.0644915 0.0525417
-0.0321779 0.0750041 -0.0285287
0.00921045 0.0851252 -0.032
-0.055985 0.033885 0.0237996
0.0420636 0.0915328 -0.00679501
-0.0748806 0.0992858 -0.0126164
-0.0745094 0.140045 0.0479791
0.026879 0.121193 0.00250168
-0.0872126 0.146051 0.00824907
-0.0888928 0.113895 0.0428033
0.0452912 0.0903849 0.0031762
-0.0564984 0.0918565 0.0453856
-0.0478122 0.134031 0.00640478
0.00620362 0.0387395 0.045605
-0.0613494 0.131082 0.0393909
-0.0686919 0.0750175 -0.0147112
0.0268173 0.0563551 0.0421393
0.0573849 0.0699459 0.0206376
-0.0215596 0.0891328 -0.036783
0.0336503 0.0646637 0.0398008
-0.0524497 0.140085 0.0234103
-0.0455015 0.115241 0.0333765
-0.00927372 0.0384768 0.00588152
-0.0655006 0.155906 0.0116223
-0.0588282 0.0408079 0.0456406
-0.0484084 0.144974 0.000471547
-0.0356652 0.156121 -0.0104266
-0.00746424 0.110009 0.0430329
-0.0676963 0.0648397 0.0261272
-0.0905664 0.150208 0.0151282
0.0111749 0.035437 0.032711
-0.0604029 0.0342918 0.0295439
-0.089472 0.092961 0.0204149
-0.075455 0.0675485 0.016865
-0.0122699 0.0338184 -0.0220638
-0.0277397 0.0605536 -0.0284245
-0.0526397 0.0618282 -0.00966488
-0.0642224 0.175708 -0.0529566
0.0522757 0.0574291 -0.0035048
-0.000666067 0.037425 0.0194672
0.0292092 0.0563773 0.0403225
-0.0404715 0.0343242 0.0319689
-0.0195177 0.0933631 0.0529187
-0.0444932 0.109842 0.0382343
-0.0777094 0.170825 -0.0439812
0.00125071 0.0712122 -0.0347068
-0.0666703 0.0612745 0.0188657
-0.0533077 0.12062 -0.0114531
-0.0671422 0.159475 -0.0561779
-0.0304944 0.064586 0.038393
-0.0543474 0.135324 0.0319505
0.0420852 0.077848 0.0291974
0.00842312 0.0385006 0.0330183
0.0434619 0.0930961 0.0241585
-0.0324882 0.0560654 0.0375153
-0.0135796 0.18457 -0.0255034
0.0290438 0.0509642 -0.0167532
-0.061676 0.0343224 0.032737
-0.0222639 0.0783263 0.0546841
0.0395014 0.0469731 0.0315971
-0.0420037 0.0449364 -0.0183222
-0.0555018 0.0987713 0.0432834
-0.0426942 0.0666296 -0.0154091
-0.0797747 0.106127 0.0313842
-0.0649365 0.1467 -0.0209465
0.0163312 0.0767998 0.0535416
-0.0719124 0.168014 -0.0470137
0.0236993 0.12332 0.00130956
-0.0422556 0.127428 -0.00269381
-0.0758718 0.109158 -0.00765228
0.0255618 0.120425 0.027665
0.00549546 0.0489597 0.051102
-0.0675863 0.0915604 0.0429945
-0.00601124 0.0348376 0.0423067
-0.00582898 0.0896214 -0.0360418
0.0381042 0.0392738 0.00134927
-0.0771053 0.177652 -0.0476237
-0.0626019 0.174089 -0.0546038
-0.0686182 0.0628687 0.0026871
0.0246717 0.0434401 -0.00867806
-0.0288938 0.180785 -0.00982491
-0.00287353 0.108795 -0.0218002
-0.0288706 0.171229 -0.00855169
0.00607351 0.0358936 0.0456569
-0.0707159 0.179287 -0.0569572
-0.0249388 0.183594 -0.0126758
0.00579855 0.0347845 0.042995
-0.00450764 0.0842735 0.0572857
-0.0572185 0.0575347 0.00867749
-0.0810086 0.154578 0.0119766
-0.0418108 0.0343847 0.029868
-0.0201912 0.0383436 0.00560257
-0.0338231 0.0915286 -0.0241849
0.0527625 0.0723674 0.0204268
-0.0696323 0.156261 0.0232204
-0.00977222 0.11683 -0.0157853
0.00312416 0.107287 -0.0203844
-0.0645865 0.0628123 -0.00359236
-0.014166 0.184338 -0.0242563
-0.0750852 0.174913 -0.0410877
-0.0272728 0.0383881 -0.00686007
-0.0606264 0.0336734 0.0105944
-0.084276 0.107651 0.0243439
0.0450284 0.0875565 0.0211548
0.0261579 0.0768253 0.0466356
-0.0365029 0.0818729 0.0434567
-0.0628194 0.162004 -0.0576316
-0.0395021 0.0450562 0.0411081
-0.0174825 0.107148 0.0420092
-0.0324718 0.0546382 0.0373194
0.0433823 0.0490357 -0.00560381
-0.0503006 0.134918 0.0263293
-0.041271 0.0338554 -0.00188008
-0.0397664 0.0812015 -0.0202928
0.025252 0.0719314 -0.0249494
-0.0176724 0.0933571 0.0538975
-0.0731753 0.162423 -0.0379582
-0.0358177 0.0886369 -0.024178
-0.0790475 0.168047 -0.0349702
-0.0590382 0.132561 -0.00680716
-0.0467249 0.0753156 -0.0175399
-0.085483 0.140457 0.00319222
0.0272712 0.0929162 0.0448522
0.0124869 0.0936385 0.0515089
-0.0663226 0.0771733 0.0404118
-0.0687289 0.0779401 -0.0161359
-0.0258283 0.172717 -0.011167
-0.0541372 0.0344723 0.0359505
-0.0586545 0.152137 0.0330321
-0.0157508 0.070024 -0.0384074
0.0352999 0.0727523 0.0387329
-0.0261077 0.0372445 -0.0185929
-0.0476365 0.150675 0.00992423
-0.0434939 0.0930777 0.0427388
-0.0456135 0.053373 -0.0104441
-0.0768765 0.119334 -0.00688293
-0.0625279 0.0435825 0.012569
-0.0306139 0.051126 0.0398517
-0.0704829 0.066568 0.025804
0.0164183 0.0726599 0.0518741
-0.0715816 0.0791203 0.0388191
-0.0705096 0.145613 0.0431794
-0.013346 0.168342 -0.0159797
0.00750963 0.0646928 0.0554932
-0.0647113 0.0736859 -0.0158833
0.00523056 0.0796312 -0.0340387
-0.0779551 0.131028 -0.00606492
-0.0182252 0.159192 -0.00975232
-0.000337321 0.0338454 -0.0216338
-0.0584616 0.0717087 0.039721
0.00252027 0.0730778 0.0562797
-0.0907403 0.135093 0.0162106
0.00919662 0.0865327 -0.0319845
-0.0485361 0.130681 1.6802e-05
-0.0668809 0.106639 -0.013906
-0.00449702 0.0590031 0.0543234
0.0456488 0.0861985 0.00518381
-0.0206804 0.112216 -0.0188434
0.0266877 0.104744 0.0387392
-0.0366298 0.0344715 0.0361774
-0.0341212 0.124555 0.022076
-0.0412575 0.123881 0.0239565
0.00840712 0.0404044 -0.0234014
0.0549279 0.0723085 0.00788581
-0.0033398 0.119986 -0.0131833
-0.0814657 0.130234 0.0522094
0.0419445 0.0972272 0.0251571
-0.0778591 0.161105 -0.0269202
-0.0534962 0.0959644 0.0436141
-0.0877889 0.0887187 0.00347532
0.0412731 0.0417215 0.0241695
0.0422067 0.0898824 0.0277847
0.0442166 0.0846846 -0.00180459
-0.091814 0.116108 0.0403567
0.0433693 0.0561672 -0.00598915
-0.0226054 0.126675 0.00715587
-0.0154824 0.185702 -0.0219175
0.033772 0.0543003 -0.00971113
-0.0258791 0.105846 -0.022482
-0.0394609 0.174124 -0.00699657
-0.0669104 0.120913 -0.00889891
0.0399293 0.104183 0.0231644
-0.070964 0.169422 -0.0500317
0.0286264 0.0638437 -0.020406
0.0302394 0.0759037 -0.0212804
0.0177903 0.112808 -0.0155711
0.058143 0.0551653 0.0211996
0.00426552 0.0697141 -0.0335935
-0.029395 0.125597 0.00758806
-0.0414563 0.108465 0.0385585
-0.0692389 0.149629 -0.0402111
-0.0901142 0.14065 0.0241685
-0.0667057 0.14638 -0.0236565
0.0020291 0.0342762 0.0137843
-0.0870127 0.10633 0.011369
-0.0687764 0.180487 -0.0583042
0.0385285 0.0901386 0.0347352
-0.0175125 0.109971 0.0410978
-0.0734929 0.154069 -0.0299022
0.0203473 0.0727595 0.0505294
0.00795856 0.126912 0.0298215
-0.0783796 0.172116 -0.0450441
-0.078629 0.155228 0.0230232
-0.0767116 0.165247 -0.022942
-0.0167051 0.126576 2.44266e-05
-0.0234982 0.0988724 0.0447778
-0.00615627 0.0994928 -0.025355
0.00863383 0.115058 0.0390007
-0.00764186 0.11082 -0.0214014
0.0234483 0.0350084 0.0101439
-0.0224848 0.0474635 0.0510926
-0.0366402 0.0563002 -0.0110085
-0.0440132 0.0366004 -0.0242792
0.0153651 0.0493118 -0.0259325
0.0300883 0.0872505 -0.0203879
0.00183737 0.0373069 0.04638
-0.054857 0.0970227 -0.0215362
-0.0635768 0.155628 0.0253794
-0.0653727 0.074532 0.0393295
0.0224894 0.0906371 0.0481279
-0.0671124 0.0618759 0.00376788
-0.0691022 0.159548 -0.0519447
-0.0552077 0.119827 0.0376818
0.0125251 0.129483 0.0214195
0.0025214 0.130289 0.0235241
-0.0255895 0.0365546 -0.0292581
-0.0113093 0.0384672 0.00547553
-0.00424346 0.0409986 0.0479883
-0.0622824 0.159968 -0.0396048
-0.0725057 0.102685 0.0380563
-0.0887521 0.0969152 0.00742291
0.00425042 0.072607 -0.0344972
-0.0128512 0.129269 0.0078276
-0.0717133 0.0715245 -0.00752229
-0.0510278 0.0474301 0.0166894
-0.00382316 0.0854518 -0.0372434
0.000379078 0.127909 -0.00372478
-0.0154864 0.0814755 0.0571167
0.0149217 0.127634 0.0251635
-0.0245032 0.0960169 0.0442753
-0.0723124 0.154022 -0.038905
-0.0318681 0.105727 -0.021166
0.0305837 0.118921 0.00529549
-0.0207506 0.0685447 -0.0377382
0.0304359 0.108504 -0.0109544
-0.0707052 0.0656331 -0.000502385
-0.0761969 0.167972 -0.0410261
0.0301974 0.0887542 -0.0200097
-0.0404973 0.0492165 0.0395965
-0.066536 0.166455 -0.0250024
-0.00425882 0.128035 0.0283342
0.024564 0.103479 -0.0175815
-0.0157973 0.0382489 0.019257
-0.0515128 0.0452783 0.043411
-0.0544965 0.100156 0.0427594
-0.0620154 0.164635 -0.0555847
-0.0418773 0.107078 -0.0201516
-0.027189 0.162441 -0.00437298
0.0032483 0.071196 -0.0343078
-0.0627659 0.0795658 -0.0187488
0.0397718 0.0940445 0.031303
-0.00149609 0.0912323 -0.0347548
-0.0491601 0.160603 -0.00598464
-0.015502 0.0856307 0.0568812
-0.00649249 0.0978569 0.0522238
-0.0841891 0.111446 0.02976
-0.0652259 0.166727 -0.0597961
-0.0528885 0.108408 -0.0187758
-0.0641565 0.166823 -0.0341745
-0.065154 0.164972 -0.0244937
-0.0468988 0.126761 -0.00595632
0.00727028 0.11232 0.040519
-0.0304017 0.0791045 -0.033577
-0.0447778 0.0409599 -0.0173005
0.00150556 0.0870476 0.0569313
0.00165238 0.0932332 -0.0327923
-0.0279025 0.124426 0.000511349
0.00242535 0.0343652 0.00462872
-0.0308705 0.0385373 -0.0301935
-0.0763319 0.15494 -0.00387485
0.0424477 0.0803262 -0.00578172
-0.0356328 0.0347409 0.0201566
-0.0711154 0.155676 0.00670049
-0.0730299 0.172199 -0.0345665
-0.0779219 0.0717107 0.00150831
0.0457999 0.0820138 0.0191697
-0.0547852 0.0339346 -0.0120065
0.0143485 0.0552312 -0.0288146
-0.0318715 0.0510682 0.0382665
-0.0574972 0.0973516 0.04313
-0.0158317 0.0382446 0.00839116
-0.0346189 0.112824 -0.0174204
-0.0388211 0.091456 -0.0235256
-0.0269088 0.0720784 0.0425891
0.0220311 0.0550166 0.0457656
-0.0263218 0.038308 -0.00105771
-0.0651408 0.146773 0.0392721
-0.0378318 0.0943285 -0.0232947
-0.042206 0.166657 -0.0103803
-0.0701548 0.148741 -0.0366493
0.0362345 0.0967824 0.0350211
-0.0935248 0.128245 0.016248
-0.00173892 0.0697883 -0.0347021
-0.0805084 0.121673 0.0499202
0.0354045 0.046148 -0.00604177
0.0193368 0.0460939 -0.0219388
-0.0104953 0.0801622 0.0580036
0.0381305 0.0743398 -0.0117665
-0.0404175 0.171209 -0.00987004
0.0583839 0.0607371 0.00317993
0.0132509 0.0349689 -0.0195966
-0.0541984 0.150844 0.02639
0.0117574 0.130329 0.0182774
-0.0787914 0.0724652 0.0224838
0.0233296 0.0564006 -0.0254415
-0.0938957 0.124187 0.0252761
-0.0586032 0.141 0.0328315
-0.0146115 0.109635 -0.0201085
-0.085378 0.128494 0.0496125
-0.027617 0.125471 0.0155889
-0.0577571 0.0334518 0.000595927
-0.0884108 0.0928321 0.00744302
0.0252284 0.0420597 0.0372934
-0.0821317 0.151156 0.0323844
-0.0191687 0.171226 -0.0215143
-0.0904123 0.13106 0.0392156
-0.0513475 0.115214 -0.0158415
-0.0187078 0.0364661 -0.0182818
-0.0725775 0.0367142 0.00725292
-0.070992 0.0395652 0.00837515
-0.0655518 0.166572 -0.0275081
-0.0090863 0.16966 -0.0247514
-0.0668328 0.0604514 0.0106116
-0.0695817 0.168848 -0.0261289
-0.00364517 0.0496603 -0.0307711
-0.0438495 0.0999429 -0.0214407
0.0288939 0.0349903 0.0075309
0.0314312 0.0625198 -0.0186445
-0.0682581 0.156305 0.0164417
0.00733312 0.0553775 -0.0306811
-0.0446011 0.0519723 -0.0106716
-0.0293842 0.08757 0.0444817
-0.0643222 0.166215 -0.0313693
-0.0275613 0.121213 -0.00819283
-0.0188128 0.082729 -0.0390748
0.0302378 0.0727042 0.0419554
0.0263921 0.0549677 -0.020802
0.0315596 0.0497964 -0.00774264
-0.0325574 0.126601 0.00788172
-0.0178669 0.0554748 0.0496143
-0.00746204 0.125196 -0.00874293
-0.0142152 0.17272 -0.0253585
-0.0386753 0.127489 0.0159666
-0.0611658 0.168359 -0.0606871
-0.0940988 0.124142 0.016266
-0.0190143 0.123258 -0.00649836
0.0241838 0.0363666 0.0254891
-0.0619967 0.14761 -0.00462246
-0.00848834 0.10866 0.0434392
0.00150774 0.0897546 0.056027
-0.0421939 0.165153 -0.0106292
0.0335736 0.0700381 0.039723
-0.0713267 0.169665 -0.0267525
0.0502478 0.0496891 0.0267596
-0.00953059 0.096141 -0.0318625
0.0366123 0.064635 0.0370437
-0.0540085 0.145723 -0.00127177
-0.00449908 0.0732747 0.0586205
-0.0788564 0.173596 -0.0449928
-0.0604933 0.102915 0.04183
-0.0415011 0.0676725 0.0415782
-0.0837712 0.127162 0.0508887
-0.0516538 0.162634 -0.00285466
0.0228849 0.0849076 0.049031
-0.0284888 0.0396421 0.053637
-0.0404837 0.0818282 0.0429123
-0.0183564 0.0639745 0.0512546
-0.0449132 0.130768 0.0151196
-0.0604002 0.0591276 0.0185111
-0.0150683 0.0384098 0.0065829
0.034944 0.10998 0.0278542
-0.0407154 0.0462046 -0.018322
-0.0415058 0.0577139 0.0401965
0.0243777 0.124503 0.0143821
0.00349445 0.12099 0.0360851
-0.0383322 0.163825 0.00056966
-0.0723232 0.163826 -0.0419605
-0.0815177 0.106 -0.00361682
-0.0795217 0.0748572 0.0255446
-0.0604332 0.0585193 0.0100455
-0.0485004 0.157854 0.0090451
-0.058803 0.0883 -0.0207912
-0.0304819 0.0903593 0.0440392
0.0240686 0.0436305 0.0398361
-0.0931674 0.126844 0.0122586
-0.0469091 0.134066 0.0158053
-0.0408947 0.172668 -0.00780492
-0.0325132 0.0575193 0.0378292
-0.0754721 0.103526 0.0362863
-0.038857 0.101401 -0.0214118
-0.0631283 0.163827 -0.0595262
0.000503516 0.0856702 0.0573793
-0.0154952 0.101637 0.0439764
0.0243457 0.102123 0.0424029
0.0284626 0.102127 0.0395666
-0.0589723 0.0448133 0.0132235
-0.0282448 0.11486 -0.0155715
-0.0532977 0.158553 0.00873827
-0.063129 0.0366622 0.0429743
0.018445 0.0456517 -0.0226728
-0.0739499 0.156872 -0.0269145
-0.066567 0.147777 -0.0287654
-0.0425002 0.0437706 0.0420539
-0.0412638 0.110187 -0.018624
0.0447595 0.0819096 0.000199099
-0.0669656 0.147091 -0.0266318
-0.0431381 0.128903 0.00398376
-0.0942641 0.126921 0.0212556
-0.0451868 0.126658 0.0224837
-0.0871853 0.145927 0.0339699
0.0254329 0.0835701 0.0474102
-0.0714649 0.159596 -0.0419316
-0.0688144 0.0851338 -0.0175228
0.0337121 0.104741 0.0331059
-0.051966 0.138521 0.000416067
-0.0127769 0.0784711 -0.0383296
-0.00994817 0.0389455 -0.0113423
-0.0317919 0.0396266 0.0512352
-0.0734823 0.0649094 0.0160661
-0.0554997 0.108443 0.0389722
-0.0279821 0.0821961 0.0475971
-0.0852113 0.0869359 0.026743
-0.0902327 0.124018 0.00527185
-0.00348704 0.121028 0.0369539
0.0377471 0.104052 -0.00484079
-0.0643532 0.142586 -0.00864957
-0.024781 0.0769658 -0.0376048
-0.0896067 0.0902304 0.0134498
-0.0431936 0.0363833 0.0440447
0.0134356 0.129163 0.0217505
-0.0399319 0.0345158 0.0389424
-0.0399374 0.122179 0.0274746
-0.0466969 0.0694537 -0.0155404
-0.0760973 0.0851761 -0.013541
-0.0668526 0.0914559 0.0435065
0.0220735 0.113988 0.0356074
0.0438296 0.0973504 0.015162
-0.0564793 0.151056 0.0307055
-0.0515259 0.0439564 0.0445165
-0.0274038 0.123285 0.0215594
-0.0286194 0.180015 -0.014033
-0.0623624 0.16436 -0.0595797
-0.0693964 0.157876 -0.00437702
0.0507656 0.0446256 0.0152142
-0.0624126 0.150651 -0.0115734
-0.010684 0.0584354 -0.034314
-0.0526608 0.0504363 0.0276515
0.0495183 0.0596792 0.0306871
0.0268834 0.0875842 0.0460207
0.0373859 0.082128 0.0365587
0.0321478 0.0740867 0.0412125
0.0483442 0.0575601 -0.00531363
-0.00149572 0.101631 0.0441885
0.0199833 0.0422265 0.0426566
-0.0713089 0.156055 0.0109968
-0.0628659 0.161473 -0.0525859
-0.0393568 0.123991 -0.00912015
-0.0714932 0.121802 0.0535223
-0.065424 0.0399796 0.0326661
0.00168043 0.0346784 0.042239
-0.0505461 0.0403717 -0.011217
-0.046711 0.0723683 -0.0164352
-0.06162 0.150156 -0.00124665
0.0105257 0.123354 0.0336723
-0.0557051 0.12209 -0.00891575
0.0407885 0.10564 0.00816522
-0.0335058 0.0760991 0.0415371
0.00850648 0.0772375 0.0559821
-0.0496168 0.0561697 -0.00993077
-0.023276 0.0768174 0.0529315
0.0217204 0.105135 -0.0173432
-0.0614886 0.156862 -0.0235899
0.0313677 0.11674 -0.000181085
0.0440337 0.0734407 -0.000804833
-0.00432524 0.0423738 0.047881
0.0122687 0.0724051 -0.0314733
-0.0230546 0.0388523 0.0540611
-0.0718306 0.148291 -0.0327712
-0.0814422 0.106028 0.0294684
-0.0425281 0.128954 0.00568377
-0.0617323 0.155315 -0.018581
-0.011686 0.178646 -0.0240587
0.0394117 0.0870933 -0.0127933
0.011475 0.115421 0.0379758
-0.0628076 0.0881622 -0.0190458
-0.0430994 0.12944 0.0113807
0.0282213 0.0875505 0.0444323
-0.0622047 0.0394245 0.0433885
0.0130462 0.129592 0.0201813
0.00653601 0.0924318 -0.0319265
-0.0077824 0.0784642 -0.0379203
-0.0853379 0.139291 0.0436042
-0.0896074 0.135171 0.0322127
-0.020775 0.0742803 -0.0390259
-0.0726963 0.163825 -0.0409661
-0.0849215 0.130733 -0.00170191
-0.061863 0.0953699 -0.0186332
-0.0649369 0.0609076 0.00327394
0.0119513 0.0873992 0.0542929
-0.0552814 0.0464664 0.0256754
0.0150176 0.0355797 0.04239
-0.0527116 0.12267 0.0360612
-0.0281622 0.169703 -0.0179592
-0.0686886 0.176906 -0.0487674
0.0258782 0.0645831 0.0443789
-0.0673565 0.112647 0.0446949
-0.0464961 0.0833304 0.0442498
-0.0704953 0.104114 0.0382884
-0.0430879 0.156177 -0.00890493
-0.0823675 0.147331 0.00217458
0.0161292 0.0604031 0.0495734
0.00832653 0.130915 0.00561741
-0.0162469 0.184587 -0.0200786
-0.086761 0.084678 0.016478
-0.0914617 0.144737 0.0211556
-0.0514248 0.0500855 0.0140283
0.0379552 0.0588939 -0.00773658
0.0336937 0.0994802 0.0365924
0.0516179 0.0503639 -0.000756444
0.0188735 0.102787 -0.0208351
-0.000346509 0.12561 -0.00723663
-0.0845537 0.143232 0.00516668
-0.0610628 0.138403 -0.00654794
-0.00968443 0.0570101 -0.0338896
-0.0798966 0.083235 0.0342815
-0.00347107 0.112728 -0.01944
-0.087913 0.0900756 0.00446758
-0.0248231 0.0839948 -0.0375331
-0.0264774 0.0473675 0.0499125
0.0463863 0.075041 0.00619921
-0.0494861 0.156424 0.00985611
0.045527 0.0791773 0.00219591
-0.0593798 0.0335176 0.00740926
-0.0862444 0.0819176 0.00849345
0.00451899 0.0966593 -0.0283637
-0.027433 0.108265 -0.0206521
-0.0326689 0.0382268 0.0507498
-0.0712073 0.146616 -0.0240304
-0.0887794 0.151473 0.0131594
-0.00546373 0.0337972 -0.022595
-0.050495 0.0974075 0.0440057
0.00519891 0.0880579 -0.0334439
0.0475361 0.0451237 0.0241502
-0.078386 0.154762 0.00850622
-0.0529425 0.0516633 -0.00638853
-0.0199202 0.0381456 0.0185107
-0.0291548 0.169699 -0.0175574
0.0445099 0.0945603 0.0161557
-0.000568628 0.0388214 0.0254737
-0.0554517 0.0444829 -0.0071986
-0.0735831 0.152654 -0.0328925
0.00148534 0.0385845 0.0464325
0.00897502 0.113705 0.0394792
-0.0604426 0.0470258 0.0346715
-0.0595891 0.155231 0.0238846
-0.00361865 0.109419 -0.0218821
-0.0511173 0.128308 0.0330935
-0.0681005 0.179488 -0.0529195
-0.0311676 0.0348856 0.0474529
-0.0408758 0.107069 -0.0201235
-0.0377622 0.0797629 -0.0199128
-0.0116226 0.0389602 0.0338935
-0.0474984 0.0833402 0.0443799
-0.0912918 0.11477 0.0353243
-0.0487319 0.132909 0.0254731
-0.037536 0.159586 0.00182669
0.0329828 0.110047 0.0302661
-0.00547292 0.0385489 0.021098
-0.0325802 0.0708663 -0.0234636
-0.0647819 0.0809531 -0.0185144
-0.00976126 0.0358952 0.049479
-0.0261619 0.0381432 0.054147
-0.00156343 0.13088 0.0191419
-0.0225206 0.0919822 0.0517607
0.0251009 0.122815 0.00327552
-0.00883076 0.130134 0.0179537
-0.0126939 0.0585083 -0.0350263
0.0218798 0.0374214 -0.00364164
0.0105493 0.122164 -0.0116505
-0.0821005 0.0885236 0.0320901
0.000751147 0.0339678 -0.0215355
-0.040789 0.084093 -0.0212481
-0.0614906 0.0590888 0.0075192
0.00749947 0.122404 0.035106
-0.0324852 0.0946249 0.0445277
-0.0186097 0.0407857 -0.0282477
-0.0621527 0.0372105 -0.00831557
0.0410852 0.0860175 0.0313838
-0.0559631 0.0464314 -0.00541258
0.00923869 0.035402 -0.0117616
-0.0434867 0.0959016 0.0426578
-0.0473982 0.0343754 -0.0164682
-0.0226958 0.0380494 0.0144148
0.00250408 0.0856622 0.0573274
0.0506847 0.044695 0.00922239
-0.0364985 0.117968 0.0313259
0.0183304 0.0579992 -0.0277502
-0.0859599 0.106341 0.0203569
-0.0629007 0.115475 0.040648
-0.0423133 0.129133 0.00872164
0.0225489 0.0444802 -0.0157666
-0.0614531 0.154118 0.0305097
0.0103374 0.0553349 -0.0300221
-0.0810711 0.076096 -0.000474637
-0.0578149 0.12313 -0.00798101
0.0472621 0.0627303 -0.00287883
-0.0120612 0.0383071 0.0127308
-0.0614974 0.0904473 0.0454009
-0.0383343 0.121902 -0.0109317
0.0321413 0.0513188 -0.0087021
0.0431463 0.100109 0.00616795
-0.084898 0.11701 -0.000772283
0.0152676 0.11708 -0.0141694
0.040945 0.0957511 0.0281635
-0.0114338 0.0347606 0.0448027
0.0401652 0.0717052 -0.00977551
-0.0679688 0.135528 -0.00836676
0.0434836 0.0734019 -0.00279222
-0.0535552 0.0335918 0.0121227
0.0280264 0.121739 0.0100361
0.00440154 0.12483 0.0329119
-0.00849865 0.0773628 0.0576515
-0.0464295 0.156494 0.00819518
-0.088037 0.113814 0.026966
-0.0516419 0.126901 0.0340875
-0.0733601 0.156855 -0.0299134
-0.0305078 0.112529 0.0355647
-0.0858462 0.0806083 0.01849
0.0166077 0.128469 0.0186355
-0.0884987 0.102354 0.0183681
0.044441 0.093115 0.00120191
-0.0822334 0.107404 -0.00162196
-0.0371627 0.0336289 -0.0286501
-0.0307721 0.0349136 0.04922
-0.0759273 0.08606 0.0386654
-0.0845698 0.111358 0.0279354
-0.015298 0.113338 -0.0180384
-0.0606463 0.0343588 0.0329219
-0.0579822 0.0343384 0.0317603
-0.0206189 0.186125 -0.0151754
-0.0116442 0.0481633 -0.0303354
-0.0566618 0.0645338 -0.00803085
0.00946449 0.0616923 0.0540126
0.0402616 0.088708 0.0319407
-0.0597593 0.07671 -0.0185219
0.0194608 0.0865014 0.0497298
-0.015727 0.0657542 -0.0377517
0.00750117 0.0716903 0.0560753
-0.074125 0.079542 -0.012586
-0.053144 0.0595659 0.0253997
0.0484958 0.0691068 0.025078
-0.0320868 0.159267 -0.0129293
0.0108333 0.130856 0.0150885
-0.062493 0.0385506 -0.00796777
-0.0534525 0.116245 -0.0149003
-0.0628566 0.163115 -0.0590591
0.0184901 0.0879016 0.0492476
-0.0512299 0.133896 0.029412
0.0344933 0.0929192 0.0394802
-0.0693319 0.141141 0.045512
0.0033632 0.097467 -0.0272178
-0.0293346 0.0347045 0.0427947
-0.0473179 0.0397941 -0.0120624
-0.0835287 0.11032 0.027366
-0.0303159 0.0678299 -0.0274662
-0.0758474 0.109198 0.0406016
-0.0646832 0.0432745 0.0336962
-0.0865635 0.0819919 0.0164862
-0.00579434 0.0351694 0.0474261
-0.070852 0.100833 -0.0142398
-0.0244115 0.0379996 0.0159179
-0.0487856 0.0573034 0.0351442
-0.0859388 0.0819759 0.019473
0.0400602 0.0922366 -0.00959201
-0.0908755 0.147455 0.0141474
0.00722196 0.0865913 -0.0328221
0.0144999 0.10985 0.0401157
0.0436954 0.0959268 0.0201595
0.026625 0.0839457 -0.0229857
-0.0354973 0.0470472 -0.0223112
-0.0338378 0.0943788 -0.02372
0.00861625 0.13122 0.00857267
0.0360996 0.112682 0.0101589
-0.0417803 0.126317 0.0192991
0.0167178 0.128574 0.00869666
-0.0346304 0.079471 -0.0235463
-0.0440255 0.0336276 -0.0225259
-0.069435 0.0972593 0.0417284
-0.0309282 0.156627 0.000764301
-0.00171216 0.066944 -0.0344014
-0.0506338 0.0663851 -0.0124105
0.0443742 0.0818795 -0.000800454
-0.0303597 0.158405 -0.0122944
-0.0495852 0.124005 0.0317323
-0.0274016 0.0386836 -0.0145853
-0.0203244 0.0385446 0.0306811
0.0414447 0.0957847 0.0271584
-0.0404977 0.116683 0.0325662
0.013481 0.0358562 0.0436245
-0.0789343 0.0700266 0.0104198
-0.0445186 0.0533636 0.0386768
-0.0282259 0.115945 -0.0147131
0.0293811 0.04325 -0.00550019
-0.0284374 0.0381394 0.00411543
-0.0174958 0.0701523 0.0542792
0.00739557 0.0347435 -0.0216037
-0.0193967 0.186852 -0.0171886
-0.0905235 0.137837 0.0161933
-0.0641268 0.0405801 0.0396199
0.0291436 0.0707502 -0.0218013
0.00652038 0.0518639 0.0525018
-0.0175015 0.119559 0.0348485
-0.014074 0.128231 0.00303832
-0.045663 0.0367902 -0.0212772
-0.0654906 0.102864 0.0410679
-0.0553853 0.15628 0.0108911
-0.0435601 0.129686 0.00973169
-0.0364976 0.111093 0.0360234
-0.0739928 0.155924 0.011504
-0.0620052 0.131132 -0.00795604
0.0404914 0.0541681 0.032094
-0.0842319 0.104575 0.0266516
-0.0435029 0.0832144 0.0426759
-0.0535445 0.0389126 -0.0111352
-0.0617624 0.0810326 -0.0192317
-0.0793348 0.0980896 0.0346601
-0.0896534 0.0983503 0.0154045
-0.0760236 0.150016 -0.00789124
0.0300773 0.0754873 0.0435133
-0.0354498 0.0346389 0.0415402
-0.0613597 0.172535 -0.0585911
-0.0896888 0.137919 0.0321971
-0.0414778 0.0347327 0.0401772
-0.0094881 0.112787 0.0415502
-0.065484 0.0847424 0.0442074
0.0247244 0.0549721 0.0426251
-0.0409256 0.153594 0.00561766
-0.0454873 0.0789625 0.0423892
0.0304509 0.117992 0.000957505
-0.0112286 0.0338605 -0.0218986
-0.0760085 0.141318 -0.005968
0.0506567 0.0703381 0.00346635
0.0253964 0.0981715 0.0439168
-0.0908622 0.135106 0.0192089
-0.0649059 0.116607 -0.0100071
-0.0515685 0.0473635 -0.00788512
-0.065193 0.0597221 0.0116014
0.0285114 0.0619268 0.0428923
0.0245199 0.0520168 0.0405174
-0.0384861 0.0847024 0.0437961
0.00013405 0.105909 -0.0216496
-0.0580426 0.153536 0.0303048
0.0265757 0.0754454 0.0454823
0.0404587 0.0426892 0.0267677
0.0144699 0.0976455 0.0479677
-0.0819743 0.130956 -0.00393996
-0.0494969 0.0946343 0.044743
-0.0427809 0.0464775 -0.012357
-0.070203 0.179305 -0.0507979
-0.0634506 0.15272 2.24523e-05
-0.00559653 0.0391515 -0.0257085
-0.0662568 0.117183 0.0498756
-0.0320811 0.1577 -0.0118106
0.00650695 0.0731027 0.0564796
-0.0368355 0.153629 0.00272174
-0.045049 0.0367204 -0.0222184
-0.050497 0.0903958 0.0446608
-0.0584632 0.0480819 0.000648377
-0.0574968 0.1584 0.00209189
-0.0633414 0.0357702 0.0187502
-0.075008 0.0665773 0.0124915
-0.0152754 0.103231 -0.0233341
-0.087722 0.128407 0.0462822
-0.0210104 0.0417331 0.053591
-0.0210322 0.0623911 0.0469253
-0.0233818 0.177171 -0.0128784
-0.049781 0.0841032 -0.0216622
-0.063845 0.150027 0.0371387
-0.0675811 0.143978 0.0427672
0.0433856 0.0475038 -0.0047769
0.00951284 0.0532319 0.0521285
0.0447287 0.0917385 0.00119217
0.0315129 0.0439606 0.0299133
0.00858548 0.0340902 -0.01633
-0.0144773 0.0603048 0.0528052
-0.0698286 0.0965949 -0.0159812
0.0406661 0.105634 0.0121644
0.0324504 0.0916248 0.0417895
-0.0635102 0.151152 0.0361873
0.0142802 0.0873929 0.0523851
-0.0447805 0.0423866 -0.0153071
0.0452979 0.0875774 0.0181674
-0.0827096 0.131285 0.0511192
-0.0853661 0.0910995 0.0281927
-0.0348346 0.0347214 0.0345782
-0.0591241 0.1154 0.0371963
0.0400335 0.107013 0.011165
-0.0905185 0.148805 0.0131551
0.012678 0.130036 0.0186174
-0.0610259 0.126912 0.0416133
-0.0590273 0.134027 -0.00648451
0.0463602 0.0692197 0.00260588
-0.0699145 0.135483 0.0481625
-0.0678122 0.0908837 -0.0169858
-0.00569643 0.0599053 -0.0346867
-0.0469304 0.116649 -0.0154073
-0.0513173 0.146268 0.0144074
-0.0534988 0.0761753 0.0426023
-0.0346163 0.0505906 -0.0107587
-0.0514201 0.121192 0.0343754
0.021809 0.1242 0.000142479
0.0124253 0.0374345 -0.0223624
-0.046713 0.131987 0.00556897
-0.0518659 0.144686 0.0163701
-0.0121876 0.113225 -0.0179296
0.032684 0.0640121 -0.0177767
0.0576507 0.0606695 0.00219201
-0.0810791 0.117571 0.0486733
0.0520156 0.0596733 -0.00368903
-0.0195579 0.0946763 0.0515134
0.0382486 0.104643 0.0273123
-0.0887482 0.102363 0.0163794
-0.0644389 0.0627719 0.0250864
-0.091226 0.128161 0.00727002
-0.0446441 0.0338442 0.00651202
-0.0400469 0.169775 -0.0108504
-0.0581438 0.114319 -0.0148345
0.0134626 0.0962698 0.0490469
-0.0554731 0.154191 0.0210182
0.0084105 0.0389663 -0.0233493
0.00583381 0.129313 0.0261699
-0.0554937 0.100184 0.0430705
-0.020896 0.107686 -0.0220438
0.00714876 0.108764 -0.0200496
0.0457823 0.0862054 0.00618349
-0.0224559 0.092554 -0.0342812
-0.0478356 0.0970782 -0.0220591
-0.0552831 0.0478834 0.0286656
-0.0528926 0.154865 0.0118243
-0.0644915 0.087588 0.0448694
-0.0303184 0.0423041 0.0510935
0.0479819 0.0723794 0.00739708
-0.0103683 0.0388061 0.0306894
-0.0372682 0.0344921 0.0377782
0.0287151 0.0982016 0.0416756
-0.0740187 0.0822617 -0.01463
-0.0390181 0.126516 -0.0038056
-0.0715061 0.148353 0.0408514
-0.0637361 0.133925 0.0394224
-0.0571357 0.158766 0.00595884
0.020489 0.0906324 0.0482147
0.0546876 0.0597691 -0.00173886
0.00219887 0.0866713 -0.0341557
-0.00650833 0.0787624 0.0577507
-0.00776303 0.0742012 -0.03739
-0.0867616 0.0833332 0.0134846
0.0174871 0.10577 0.0429453
-0.0355048 0.108366 0.0378272
-0.0212837 0.0381384 0.0164325
-0.0295455 0.0745738 0.040676
-0.069473 0.158882 -0.00587612
-0.0374543 0.155389 -0.00975319
-0.0293056 0.125075 0.00323421
-0.0635072 0.0590749 0.0125217
-0.000429299 0.131494 0.0138246
-0.0345208 0.0633716 0.0403553
-0.0716941 0.0684125 -0.00254325
-0.0605064 0.0394509 -0.00845033
-0.0578317 0.0344516 0.0369209
-0.089592 0.111931 0.0163329
-0.0843685 0.105877 0.0253348
-0.0355301 0.0350253 0.0446914
0.053394 0.0525543 0.0260735
-0.0556734 0.0645255 -0.00818248
-0.031497 0.117989 0.0308563
0.00482377 0.0349755 -0.00101746
-0.012216 0.174205 -0.0276647
-0.0820819 0.150001 0.0344048
-0.0214151 0.0595466 0.0459898
0.0042421 0.0740405 -0.0347398
0.0195053 0.0351963 0.0310168
0.0155 0.11402 0.0377783
0.0127783 0.105278 -0.0195273
0.0425933 0.0791563 0.0282081
-0.0715324 0.144165 0.0446205
-0.0725199 0.141421 0.0466976
-0.0659657 0.129697 -0.00887578
-0.0527937 0.0869491 -0.0216809
-0.0251747 0.0383636 -0.0175696
-0.0520649 0.148658 -0.00262972
-0.0186112 0.0386738 -0.00909396
-0.0487556 0.137056 0.00741027
-0.0354946 0.118017 0.0312708
-0.0425494 0.0346163 0.040046
-0.0631168 0.15992 -0.0455978
-0.0915391 0.118654 0.00731945
0.0395267 0.0632302 -0.00776648
-0.0239792 0.0680021 0.045464
0.0335193 0.114014 -0.000843968
0.022545 0.0955327 0.0468247
-0.0438994 0.148485 -0.00356582
-0.0417025 0.0666657 -0.0153449
-0.0414163 0.0476371 -0.0122303
-0.0589919 0.15382 0.0299308
0.0289699 0.100814 0.0402993
0.0228667 0.0444458 -0.0147763
-0.0889612 0.111861 0.0183359
-0.0652865 0.1555 -0.0467797
0.0291366 0.0495584 -0.0147305
-0.071953 0.16101 -0.0409434
-0.025842 0.091626 -0.0326108
-0.00865087 0.0496719 -0.030975
0.0404914 0.098527 -0.00482713
-0.0466152 0.145766 -0.000178732
0.0328304 0.0354201 0.0116657
-0.0648898 0.0353536 0.0257632
0.0535119 0.0717543 0.00602975
-0.05784 0.0926528 -0.0211082
0.00512317 0.107303 -0.0203142
0.0414097 0.104256 0.00616512
-0.0650964 0.155112 0.00596226
0.0413373 0.0392631 0.0117259
-0.0624226 0.152205 -0.0125757
-0.0812381 0.0774347 -0.00249764
-0.0530219 0.147196 -0.00187885
0.0159352 0.127804 0.0226817
-0.0519222 0.0461016 0.019678
-0.0234801 0.168298 -0.011313
-0.0627003 0.150649 -0.00857321
-0.080771 0.105947 -0.00458985
-0.0554697 0.0345193 -0.0117205
-0.0770334 0.158982 -0.013085
-0.0531754 0.160014 0.00733632
-0.0447583 0.0336472 -0.00973579
-0.0704921 0.0944433 0.0420805
-0.0254657 0.0678395 0.0426887
-0.049358 0.146268 -0.00147688
0.0161339 0.0672434 0.0514025
-0.0468392 0.132859 0.0202702
-0.069983 0.033931 0.00665746
-0.065551 0.112475 0.040245
0.00755707 0.10303 0.0452955
-0.0563562 0.140993 0.0307629
-0.0332327 0.160967 -0.000804209
-0.0825062 0.110166 0.000353593
-0.0334383 0.0383149 -0.00250434
-0.0300375 0.0890464 -0.0285748
-0.00977952 0.0372711 0.0498001
0.0336441 0.0578174 0.0379601
-0.0754818 0.148362 0.0406222
0.0393677 0.0547517 -0.00623241
-0.00216638 0.09997 -0.023881
-0.0150623 0.160937 -0.0114195
0.00284904 0.131659 0.0150261
-0.0626162 0.142488 0.0376248
0.0331279 0.0428909 0.0287274
-0.0900228 0.148451 0.0254546
0.0013977 0.0433563 -0.0248502
-0.0257631 0.0755055 -0.0369491
-0.0622625 0.155951 0.0127725
-0.0733752 0.0741466 0.034437
-0.056455 0.12554 0.0394323
0.0268226 0.046511 -0.0137061
-0.0144633 0.051615 0.0495133
-0.0374987 0.0819015 0.0436538
-0.0750304 0.169881 -0.0295693
-0.0099585 0.1135 -0.0182227
-0.0807265 0.0770568 0.0269252
0.0302059 0.0857499 -0.020278
0.00250242 0.0441898 0.0459568
-0.0820593 0.0748753 0.013529
-0.0501104 0.138566 0.0193811
-0.0698489 0.175309 -0.0448893
-0.0638136 0.0680952 0.0346563
0.00646924 0.0964123 0.0516046
-0.0650925 0.142629 -0.00933509
-0.0115038 0.082913 0.0576973
-0.0310683 0.0679104 -0.0254551
-0.0242006 0.107431 -0.0217757
-0.0738575 0.159643 -0.0319319
-0.0605331 0.151186 -0.000375192
0.00640925 0.0404248 -0.023654
-0.0293549 0.0495451 -0.022456
0.0520769 0.0581909 0.0294992
-0.0358361 0.11045 -0.0189078
0.0203532 0.0579488 -0.0270415
0.0588331 0.0552392 0.0181818
-0.0162165 0.175672 -0.0252165
0.045085 0.0833373 0.00221176
-0.0435198 0.0436724 -0.0163157
-0.0228308 0.0881946 -0.0369029
-0.0304238 0.12007 0.0279522
-0.00672552 0.0670096 -0.035497
-0.0411739 0.165162 -0.0113688
-0.010471 0.0378949 -0.0160892
-0.0911264 0.115738 0.024682
0.0341993 0.115326 0.00949444
-0.00949277 0.073156 0.0570282
-0.00666974 0.0555272 -0.0330407
-0.0390578 0.156263 -0.0100859
-0.0759996 0.139851 -0.00609906
-0.0621416 0.141343 -0.00629843
-0.0034971 0.0732704 0.0586485
-0.082909 0.123594 -0.00426589
-0.0225096 0.10992 0.040117
-0.0379695 0.0348544 -0.0150276
0.0104934 0.109851 0.0397458
-0.0713898 0.160567 -0.00801414
-0.0509196 0.141445 0.00173554
-0.0617331 0.156868 -0.0205842
0.0253641 0.0347082 0.00521179
-0.0427639 0.126553 -0.0057736
-0.0519381 0.0597689 0.0297286
-0.0670193 0.0901061 0.04379
0.0164747 0.104398 0.044527
-0.0260065 0.0335246 -0.026366
0.00128405 0.131584 0.0158806
-0.0394762 0.17111 0.000601324
-0.0851811 0.0897279 0.0280525
0.0409317 0.0971197 -0.00479362
0.0467013 0.0718392 0.0195936
-0.044079 0.0336811 -0.000461832
0.00096833 0.121103 -0.0124156
0.0274031 0.12156 0.0212208
-0.0413443 0.159411 0.00325579
-0.094679 0.122825 0.0202733
-0.0277699 0.0661915 -0.0304661
-0.0183192 0.124686 -0.00393431
-0.034656 0.0592094 -0.011649
0.00900275 0.0343116 -0.0200681
-0.0607804 0.0397294 0.0180031
-0.0444577 0.123407 -0.0104693
0.0175177 0.121695 0.0318921
-0.092876 0.129604 0.0142376
-0.050497 0.0987878 0.0435099
0.0297724 0.0549903 0.0393628
-0.0118259 0.0386358 0.028745
-0.0509259 0.0571242 0.0316152
-0.0708134 0.0624523 0.0134268
-0.0938558 0.126876 0.0162567
-0.0252277 0.12616 0.0135052
-0.000934383 0.0340393 -0.0200439
-0.0596081 0.0614162 -0.00289701
-0.0172735 0.180097 -0.0253788
0.00317805 0.0980649 -0.0258881
0.0105031 0.0347322 0.0422156
-0.0861503 0.0818963 0.00748815
-0.0504943 0.147794 0.0128405
-0.0216948 0.0386212 -0.00966204
-0.0862122 0.111364 0.0347412
-0.0286777 0.158132 0.000508817
-0.0659605 0.110851 0.0377691
0.00250507 0.0772798 0.0565792
0.0510319 0.0481609 0.0243415
-0.0577119 0.0708497 -0.0156457
-0.06497 0.156112 0.0234152
-0.064968 0.128232 -0.00872903
0.00924462 0.0710839 -0.0326657
0.00254476 0.127971 -0.00383507
-0.0661523 0.136835 0.0429956
-0.0458368 0.0956376 -0.0219211
-0.0614001 0.124084 0.0428232
-0.0548606 0.0532734 -0.00439052
0.00426734 0.0682596 -0.032922
-0.0368781 0.107107 -0.0201846
-0.0821611 0.0761834 0.00152312
-0.0514931 0.156432 0.0104716
0.00249754 0.108619 0.0424686
0.0199962 0.120682 0.0326204
0.026783 0.122575 0.00815739
-0.0446124 0.0534121 -0.0108089
-0.0465559 0.0461276 -0.0102455
-0.0712771 0.0648585 0.00216525
0.0433792 0.0972945 0.00218055
0.0119151 0.0860485 0.0542349
-0.064798 0.174285 -0.0502768
-0.0563034 0.124125 0.0396482
-0.070167 0.162396 -0.0479528
-0.064348 0.0611447 0.0212332
-0.0465999 0.111104 -0.0175509
0.0207921 0.106393 -0.0166835
0.00350312 0.0441648 0.0458711
-0.0757456 0.155966 0.0196325
0.0386112 0.0603508 -0.0077511
-0.0649333 0.145142 -0.016034
-0.0518585 0.0985114 -0.0220738
-0.0653253 0.142516 0.0407395
-0.0384934 0.105604 0.0386511
-0.0731886 0.149857 -0.036868
0.0390425 0.0953983 0.0320312
0.0475192 0.0568404 0.0316921
-0.0731839 0.178324 -0.0475338
-0.0800697 0.154441 0.0255089
0.0167125 0.0343686 0.00192575
-0.0666009 0.15275 -0.0468174
-0.00944135 0.168135 -0.0197365
-0.0397192 0.03358 0.00232461
-0.0134843 0.053101 0.0504987
0.0166765 0.12456 0.0286792
-0.0245306 0.112636 0.0373469
-0.0778773 0.120773 -0.00663343
-0.0835389 0.110217 0.0023021
-0.0775093 0.0961888 -0.0115304
-0.055076 0.154226 0.0167194
0.0188415 0.121733 -0.00718615
0.0287818 0.0480764 -0.0117305
0.0343015 0.0925788 -0.0159761
-0.0224893 0.0462052 0.0523041
-0.0295118 0.108456 0.0388793
-0.0729716 0.175028 -0.0520538
-0.0426868 0.0651551 -0.0146214
-0.038496 0.0450464 0.0406484
0.0460721 0.0848306 0.00817735
-0.0699384 0.150598 0.0380766
-0.0562999 0.0506286 -0.00237306
-0.0346349 0.176996 -0.009991
0.0224766 0.0920198 0.0478397
-0.0596993 0.0345337 0.0416145
-0.058347 0.0335497 0.00759386
-0.05597 0.0519966 -0.00239063
-0.0574075 0.0649991 0.0334306
0.058244 0.0580344 0.0225642
-0.0332179 0.0347336 0.0278325
-0.0485603 0.131756 0.000870882
0.0145592 0.0672414 0.0526521
-0.00449521 0.0925603 0.0561444
-0.0365883 0.0485443 -0.0138981
-0.0119418 0.120727 -0.011899
0.0424402 0.100042 0.00119598
-0.0586564 0.152453 0.0326111
0.0560814 0.0704234 0.0216351
-0.0335027 0.074683 0.04142
-0.00583539 0.0910195 -0.0356702
-0.0688127 0.0908552 -0.0166124
-0.0126507 0.0350556 0.0425263
0.0363477 0.102053 0.0316389
-0.00541885 0.0969111 -0.0306599
0.0224822 0.0578106 0.0464363
0.0250223 0.110364 -0.0129553
-0.0427601 0.128938 0.0129983
-0.0500656 0.165567 2.77718e-05
0.0182552 0.0736117 -0.028651
0.031866 0.115189 -0.00211013
-0.0525544 0.0504168 0.0256484
-0.0643494 0.153359 -0.00540282
-0.00248496 0.0548872 0.0545581
-0.0117177 0.129576 0.0183624
0.00810708 0.101446 -0.0211916
0.0362267 0.104294 -0.00842134
0.0326792 0.103442 0.0351236
-0.0312735 0.034639 0.0229335
-0.0794305 0.0908376 -0.00963692
-0.0907853 0.117276 0.00630342
-0.0841797 0.101927 0.0280813
-0.0809665 0.133877 -0.00363658
-0.0658022 0.0335619 0.00426403
-0.0397503 0.0768521 -0.0186787
-0.0165061 0.126041 -0.00139683
-0.0591899 0.154851 0.0254882
-0.057411 0.0334884 -0.00846165
0.0461298 0.0806288 0.00519237
0.0491174 0.0712134 0.0219878
-0.0127931 0.0799092 -0.038653
0.0359605 0.0936242 -0.0130764
-0.0692325 0.161954 -0.0115912
-0.0841314 0.0776758 0.00449933
-0.0299919 0.0383903 -0.00556396
0.0335361 0.0372674 0.00265432
-0.0707931 0.0879477 -0.0165704
0.0204112 0.0371925 -0.00568428
-0.00609162 0.0391352 -0.0126175
-0.0145978 0.0392398 -0.0269855
-0.0543463 0.160987 0.00512087
-0.0647247 0.16489 -0.0257757
-0.0622483 0.0470201 0.00467011
-0.00249301 0.118317 0.039019
0.00417139 0.0894659 -0.0333631
-0.0366978 0.0363155 -0.0300943
-0.0192566 0.180095 -0.0235875
-0.0215095 0.114043 0.0376946
-0.0627416 0.148221 0.0374769
0.0216273 0.125269 0.00337714
-0.0325191 0.174119 -0.0148634
0.00828872 0.130472 0.0213052
0.00137166 0.0465972 -0.0284573
0.0237757 0.0343382 0.00896337
-0.0127071 0.179586 -0.0289228
-0.0165765 0.119912 -0.0109781
0.0447855 0.0917675 0.0181585
0.0140569 0.12802 0.0248446
0.0205837 0.0754832 0.0508919
0.0398162 0.107019 0.0141667
-0.0653365 0.167223 -0.0303028
0.0363552 0.112269 0.0088181
0.0384543 0.0395883 0.0218564
0.0351777 0.0559301 -0.00964394
0.0302861 0.0722616 -0.0207987
0.0223756 0.0822421 0.0500191
-0.0315128 0.115295 0.0334421
0.00743904 0.129465 0.0253135
-0.00979541 0.0826872 -0.0380854
-0.0545922 0.126915 0.0368606
0.018368 0.0537078 -0.0275601
0.0363374 0.104678 0.0298648
0.0337836 0.0754424 0.0400679
-0.0678966 0.110866 -0.0116376
-0.0620809 0.0336347 -0.00771095
-0.0506452 0.142899 0.00154993
-0.072774 0.10871 0.0380686
0.0543739 0.0477987 0.0161989
-0.0905601 0.144393 0.0275534
-0.000525817 0.0352062 0.0124275
0.0124994 0.0909598 0.0531045
-0.0899225 0.133822 0.0382154
-0.0662716 0.170413 -0.0392349
0.0406749 0.0801882 -0.00878559
-0.0634854 0.149796 0.0371525
0.0432211 0.097315 0.0201647
-0.0619095 0.118087 -0.0102757
-0.0926366 0.121498 0.0312794
0.0323895 0.0490788 -0.00667281
-0.0809796 0.0788834 0.0298322
-0.00627368 0.128136 0.0276028
0.0101437 0.101615 -0.0217271
-0.0685163 0.108328 0.0375372
-0.00750142 0.0590729 0.0550185
-0.0652445 0.171051 -0.0600934
-0.0240218 0.119915 -0.0108978
-0.0759244 0.155422 0.00936737
-0.0578787 0.118384 0.0390612
-0.00290933 0.0388493 0.0285794
0.0389134 0.0603588 -0.00677348
-0.0336328 0.126783 0.00457249
-0.0422429 0.129048 0.0117038
0.0262206 0.0435744 -0.00668237
0.026348 0.0463448 0.037827
-0.0702292 0.153353 0.0333614
-0.0708675 0.102264 -0.0137609
-0.0655814 0.167928 -0.031824
-0.038499 0.0747376 0.0420783
-0.0308674 0.0359912 0.0254031
-0.00479883 0.0826783 -0.0376925
0.0433385 0.080395 -0.00378638
0.0406313 0.0833746 0.032449
0.0348071 0.0781711 0.0398247
-0.0787919 0.108745 0.0367247
-0.020484 0.0842242 0.0566713
0.0248886 0.114037 0.0344109
-0.0647148 0.06349 0.0261636
-0.00573558 0.0684573 -0.035843
-0.0289402 0.154865 -0.00285823
0.0173223 0.0699836 0.0514025
0.000499429 0.115573 0.0406664
-0.0345218 0.0818067 0.0425242
-0.065903 0.0643977 0.026882
-0.0454595 0.0846983 0.0440929
-0.0378917 0.0335733 -0.0268663
-0.0604582 0.154406 0.00215902
-0.0470988 0.0345244 0.0321531
-0.0120214 0.178126 -0.0292101
0.0102504 0.0766955 -0.0323547
-0.0616099 0.158421 -0.0325909
0.00536983 0.0385261 0.026955
-0.0215027 0.163915 -0.00845889
-0.0882785 0.102304 0.00940329
0.0461994 0.0750316 0.00518987
-0.0556881 0.123137 -0.00801327
-0.0158456 0.122449 -0.00760827
0.0214416 0.0362735 0.0322576
-0.0647338 0.0418755 0.0296857
-0.0508692 0.102779 -0.0209206
-0.0426157 0.035917 -0.0271302
-0.085208 0.150101 0.00618898
-0.0670839 0.173532 -0.0453192
-0.0317456 0.124703 -0.000629789
0.00289976 0.039936 0.0460731
-0.0753069 0.109577 0.0422017
-0.0926082 0.117405 0.0243082
0.0311435 0.0885162 -0.0196004
-0.0527647 0.138519 0.0263974
0.00613123 0.105885 -0.0208912
0.025242 0.0761745 -0.0249679
0.036411 0.0430004 -0.00393346
-0.0722746 0.15542 -0.0369062
-0.0414935 0.112526 0.0356807
-0.0459023 0.0546326 0.0380387
-0.0164996 0.0587643 0.0515064
0.0347431 0.103404 0.0328426
-0.0656879 0.156227 0.015899
-0.0925249 0.130961 0.0132346
-0.0618223 0.170491 -0.0617288
-0.0614957 0.105649 0.0403113
-0.0692976 0.0615474 0.00912978
-0.0510086 0.119975 -0.0128249
-0.0604012 0.0335984 -0.00916237
-0.0156536 0.0496375 -0.0309655
-0.0851088 0.102115 0.000391121
0.0423563 0.0588819 -0.00453174
-0.0533378 0.162724 0.0010506
-0.0637186 0.179242 -0.0585917
-0.0271072 0.11707 -0.0138992
0.038582 0.0659177 0.034606
-0.0516521 0.0334655 -0.0091126
0.00910286 0.0348066 0.0183719
0.0123436 0.0351165 0.0296251
-0.0517297 0.0723507 -0.015831
-0.0534959 0.107052 0.0398334
-0.0413793 0.0448727 -0.0203291
-0.00575365 0.0727093 -0.0362416
-0.0724789 0.110508 0.0438845
0.0444767 0.0889055 -0.00179899
-0.0623836 0.163016 -0.0556039
-0.074497 0.124608 0.0532356
-0.0706477 0.0874116 0.0418374
-0.038479 0.0945169 0.0431902
-0.0664444 0.151761 -0.0404644
0.0101806 0.114501 -0.0173735
0.0113019 0.0652847 -0.0308368
-0.0295596 0.0663471 -0.0284716
0.0273731 0.0578707 -0.0207586
-0.0271937 0.174158 -0.0183459
0.0579573 0.0676391 0.00414749
-0.0322103 0.0386054 -0.0136114
-0.0659224 0.108105 -0.0137141
-0.0371614 0.0338798 0.00980443
-0.0584874 0.112515 0.0360801
-0.0242736 0.181474 -0.0180054
-0.0898984 0.139201 0.0142132
-0.0442317 0.12547 0.021384
-0.0489211 0.0687544 0.0390214
0.0215711 0.035903 0.0289947
-0.055978 0.0534457 0.00767233
-0.0685147 0.0930476 0.0422841
-0.0530069 0.153493 0.0132253
-0.0407273 0.0696207 -0.0166002
-0.0584982 0.105689 0.0406051
-0.035492 0.0648204 0.0410644
-0.0507933 0.0869468 -0.0215939
-0.086324 0.106283 0.0073644
-0.0332986 0.0384796 -0.0137148
-0.0292731 0.0691492 -0.0304581
0.0363022 0.0619082 0.0365841
-0.0857603 0.130763 -0.000714461
0.0223353 0.12586 0.0121947
-0.066899 0.132617 0.0454244
-0.0414961 0.0902351 0.0425692
-0.0523714 0.143148 0.0193902
0.00250445 0.0519435 0.0530423
-0.0584862 0.0833066 0.0438144
0.0257432 0.120365 -0.00224906
0.0216437 0.120011 -0.00733339
-0.0876274 0.137747 0.00620032
-0.0407211 0.150643 0.00408479
-0.0614772 0.0338873 0.0155724
-0.060805 0.0953608 -0.018741
-0.0872579 0.113355 0.0275168
-0.0852791 0.132127 -0.000702015
-0.000498287 0.0535066 0.0547347
0.0115063 0.0343546 -0.0179688
-0.0792845 0.0704649 0.0170607
-0.0251898 0.0388783 0.0347661
0.0220892 0.0906332 -0.0239505
-0.024832 0.0930098 -0.0316179
0.0269115 0.116892 -0.00595645
-0.0482842 0.164088 -0.00583628
-0.0315045 0.100214 0.0434156
0.0285085 0.121244 0.0144975
-0.0144671 0.110884 -0.0194361
0.0272987 0.047751 0.0374572
-0.0434 0.0336807 -0.00215159
-0.0514974 0.0791051 0.0438079
0.037597 0.0883595 -0.0147642
0.0213023 0.0835644 0.0502546
-0.0512927 0.135429 -0.000552487
0.0569799 0.0538694 0.0224893
-0.0685642 0.0406581 -0.00126009
0.0122553 0.0695892 -0.0315106
-0.0888985 0.128369 0.0446279
-0.0624744 0.163093 -0.0485882
0.00393342 0.0340406 0.014385
-0.0688973 0.120914 -0.00896239
-0.0404897 0.0874362 0.0429424
0.0470668 0.0701831 0.0226957
-0.0572001 0.0380562 0.0469117
0.0111597 0.124256 -0.00791398
-0.0152574 0.166467 -0.0199789
-0.0663134 0.0608279 0.00678018
0.0199501 0.126815 0.00703133
-0.0824089 0.107319 0.0275588
-0.0925679 0.116061 0.0213084
-0.0769942 0.154149 -0.012901
-0.0578906 0.0600472 -0.00173427
-0.0764811 0.141399 0.0471717
0.0298088 0.0848631 0.0431899
-0.0403754 0.124077 -0.00919956
0.000388646 0.0448955 -0.0263577
-0.0897234 0.125377 0.0042981
-0.0321623 0.172645 -0.015639
-0.0668989 0.0372019 0.0312012
-0.0750027 0.155319 0.00677634
0.0390213 0.100628 0.0284944
-0.0278275 0.158128 -8.54892e-06
-0.0666005 0.156329 0.0184798
-0.000516741 0.108636 0.04302
0.0292295 0.102131 0.038919
-0.00149823 0.0535022 0.0547476
-0.0128318 0.0653357 0.0541739
-0.0056357 0.0466988 -0.0297075
0.0450904 0.0875663 0.0201674
0.0577347 0.0705061 0.0074689
-0.00305215 0.125834 0.0316944
-0.0572353 0.0465198 -0.0043437
0.0318353 0.0540522 -0.0127622
0.0234826 0.113521 -0.012343
-0.0317955 0.0901023 -0.0248195
-0.0744952 0.0941746 0.0398302
-0.0187325 0.0374026 0.0529482
0.0321971 0.112814 -0.0055615
-0.0939805 0.118754 0.0182968
-0.0562712 0.146757 0.030967
-0.0524448 0.149335 0.0194038
0.00218481 0.0838969 -0.0348518
-0.0625195 0.144437 -0.00658249
-0.0164973 0.0485745 0.0476342
-0.0568378 0.0613597 0.0260949
0.0250009 0.0629104 -0.0235842
0.0351494 0.0633173 0.038442
-0.0360717 0.157766 -0.0114869
0.00350126 0.104382 0.0428343
-0.0145005 0.0842486 0.056982
-0.0641378 0.146153 -0.0169913
-0.0245154 0.158144 -0.00224812
0.0495547 0.0702574 0.0035522
-0.0576689 0.0350157 0.0450337
-0.049558 0.0389942 -0.0116749
-0.0446453 0.0577855 -0.0118043
0.0191352 0.0356125 -0.00767677
0.0324709 0.0353558 0.0097886
-0.0641258 0.0611318 0.00140431
-0.0254423 0.0473682 0.0503166
-0.0504996 0.108397 0.0385655
-0.00982514 0.16696 -0.0220459
-0.000294503 0.124716 -0.00828566
-0.0768843 0.109139 0.0404116
0.0464517 0.0750534 0.00718936
-0.0478629 0.125952 -0.00709772
-0.0665225 0.0435914 0.00948645
-0.0263531 0.11244 -0.0170322
-0.00154364 0.130277 0.00186507
-0.0364935 0.0888766 0.0431732
-0.0849268 0.122064 -0.00322109
-0.0147917 0.0951887 -0.0329173
-0.0410438 0.162368 0.00371458
0.00834583 0.0539265 -0.0302958
-0.0490718 0.151664 -0.00461846
-0.0326038 0.039499 -0.0302708
-0.0645002 0.0889975 0.0448988
-0.00120988 0.105335 0.044053
-0.0830843 0.0843065 -0.0045636
-0.0094927 0.0619497 0.0558121
-0.0913122 0.133748 0.0212171
-0.0303698 0.154176 -0.00601441
0.0370893 0.106835 -0.00283087
0.0399619 0.0730961 -0.00981181
0.00824452 0.129671 0.000311795
-0.0343542 0.0367977 0.0484644
0.0281295 0.110111 0.0355841
-0.000588677 0.037658 -0.0249499
0.0191194 0.0349494 -0.00374623
0.0457594 0.0890174 0.0101642
-0.0580729 0.0345066 0.0402882
-0.0334582 0.0518969 0.0377238
0.0326986 0.0781958 0.0420379
-0.033711 0.0384262 -0.00450177
0.0587826 0.0538552 0.0121765
-0.0634859 0.146784 0.0381458
0.00139766 0.0419298 -0.0244976
0.023431 0.11936 -0.00662051
-0.00926128 0.126278 0.029483
0.0123073 0.0638424 -0.0304488
-0.0144336 0.120974 -0.0101151
-0.0810787 0.154935 0.0192662
-0.0435232 0.163746 0.00524284
0.0224205 0.0519815 -0.0241272
-0.0865455 0.109036 0.0123603
-0.062479 0.152546 0.000181648
-0.0578363 0.0912193 -0.0212351
-0.0683312 0.0833327 0.042485
0.0541315 0.0553714 0.0271399
-0.059976 0.125502 0.0413668
-0.00849115 0.111421 0.0423213
-0.0548238 0.136818 -0.00273484
-0.0577792 0.0341881 0.0284371
-0.00879058 0.0812731 -0.0379859
-0.0747094 0.155646 0.00979649
-0.0431187 0.159159 -0.0099383
-0.0721931 0.161015 -0.0399435
-0.0185901 0.128007 0.0115203
-0.0456965 0.147701 -0.00292724
-0.0288953 0.122588 -0.00566495
-0.0505191 0.112725 -0.0172384
-0.0657123 0.171986 -0.0448274
0.0208676 0.121124 0.0316774
-0.0675101 0.0369158 -0.0062949
0.0413723 0.0971667 -0.00382246
-0.0734548 0.0752713 0.0352251
-0.0574974 0.104327 0.0414929
-0.0506142 0.0560954 -0.00917258
0.0382789 0.10977 0.00952257
-0.00455763 0.115688 -0.0165869
0.0112062 0.129253 0.000760937
0.0395793 0.107012 0.0171684
-0.0107558 0.0386486 -0.0149703
-0.0505553 0.136728 0.0232523
-0.0597937 0.0334415 0.000190139
-0.0759663 0.179251 -0.0520449
-0.0705699 0.152776 -0.0468148
0.0130456 0.0946785 -0.0262358
-0.0757916 0.155001 0.00503825
-0.0860007 0.147303 0.0341634
-0.071965 0.136965 -0.0074383
-0.00545884 0.111961 -0.020621
-0.0618529 0.153757 -0.0195806
-0.0913426 0.147495 0.0231401
-0.0450103 0.054631 0.0385549
-0.0768438 0.0975378 -0.0115852
-0.0367537 0.0783235 -0.0195335
-0.0664501 0.0353918 0.0342807
-0.0779103 0.070378 0.00551561
0.0355326 0.0544702 -0.00765701
0.0354301 0.112103 0.00127449
-0.02141 0.0511007 0.0448554
-0.0154675 0.0382885 0.0102401
-0.0435275 0.152141 0.00710463
0.044682 0.0804275 0.0241291
-0.0522635 0.0343446 0.0312176
-0.0441012 0.15765 -0.00916962
-0.0307264 0.0510087 -0.0163552
0.0134639 0.0616949 0.0510096
-0.0631555 0.156855 -0.014582
-0.0196119 0.0364667 -0.0278852
-0.0328107 0.126843 0.0122027
-0.00450592 0.0661541 0.056364
-0.0252891 0.0336623 -0.0225985
0.0102622 0.0710503 -0.0323195
-0.00757253 0.0384534 0.015324
-0.0626754 0.059895 0.0191264
-0.0616117 0.16 -0.0305904
-0.0924522 0.125595 0.0392516
-0.0840475 0.0856522 0.0284432
-0.0334955 0.0874648 0.043047
-0.0699903 0.034504 0.00971713
-0.0729927 0.08468 0.0400334
-0.0467773 0.0826601 -0.021013
0.00929618 0.123787 -0.00937811
-0.0360471 0.125746 -0.0036679
-0.0768476 0.148423 0.040238
0.0459393 0.0792136 0.00418579
-0.0427999 0.167662 -0.00952768
0.037431 0.0794424 0.0366005
-0.0549619 0.14242 0.0292765
-0.0900062 0.133811 0.0372136
-0.00849876 0.0884233 0.057199
-0.0157146 0.17719 -0.0193767
-0.0444676 0.0959215 0.0428438
0.0100468 0.0698695 0.0549195
0.00522768 0.0810328 -0.0339223
-0.0231365 0.166757 -0.0180638
-0.0372457 0.0381548 -0.00680953
-0.0530022 0.0712206 0.0395879
-0.0654856 0.0398574 0.0313799
0.0223181 0.0592817 -0.0260832
-0.0754019 0.151364 -0.0118956
-0.0126802 0.0961728 -0.031918
0.0112347 0.0794806 -0.0318525
-0.000486159 0.0689333 0.056515
0.00656148 0.101677 0.0461619
0.0130767 0.125591 0.0302496
-0.0664042 0.0385079 0.0306689
-0.0418656 0.104235 -0.0206965
-0.0476369 0.0591928 -0.0118235
-0.0491641 0.0344528 0.0317811
0.0372061 0.0980869 0.0328651
-0.0567588 0.053509 0.00466959
0.0420715 0.0859357 0.0292923
-0.0336134 0.0408899 -0.0298935
-0.0723893 0.172498 -0.0357772
-0.0554964 0.111163 0.0367062
0.0096904 0.0344726 -0.0051827
-0.0424707 0.0634258 0.0409808
-0.0546448 0.115434 0.0349037
-0.0679768 0.0791427 0.0408622
0.000399482 0.0419381 -0.024642
-0.0330517 0.0624982 -0.0144201
-0.00878734 0.0798675 -0.0379507
0.049328 0.0615911 -0.00371844
-0.0897848 0.135174 0.0342114
-0.0488192 0.0586801 0.0351334
-0.0305029 0.105682 0.0404793
-0.0740765 0.0662649 0.0182774
-0.0494476 0.122586 0.0319364
-0.0758742 0.102063 -0.0106997
-0.0536233 0.0657097 0.0353836
-0.00649809 0.0703887 0.0571625
0.00834248 0.0609508 -0.0305126
-0.0302252 0.0523701 -0.0173649
-0.089531 0.0983552 0.0174009
0.0304033 0.107421 -0.0117891
-0.0179551 0.0921164 -0.0358084
0.0373474 0.083464 0.036489
-0.0321386 0.0511687 -0.0124242
-0.0768401 0.178514 -0.0509284
-0.084435 0.0791603 0.0205035
0.000747713 0.131321 0.00709666
0.00951997 0.0673959 0.0546877
-0.0594833 0.0440844 0.0256893
-0.0766415 0.100814 0.0361238
0.00644791 0.119491 -0.0147367
-0.0647638 0.0397203 0.0149016
-0.0554295 0.0433 -0.00807812
-0.00448954 0.122402 0.0358368
-0.0750921 0.156856 -0.022942
-0.0310993 0.177108 -0.0141677
0.00350625 0.0547769 0.0535608
-0.0921564 0.130934 0.011242
0.0598737 0.0581052 0.00916393
-0.0650055 0.135525 -0.0079735
-0.0106785 0.0383169 0.0202432
0.0130461 0.106823 -0.0191157
0.0359531 0.0673443 0.0378699
-0.0321019 0.119786 0.0288381
-0.0114886 0.10724 0.0431864
-0.018238 0.0985224 -0.0244062
-0.0296632 0.180174 -0.00867233
0.0165994 0.0933382 -0.024824
-0.0665349 0.0638845 0.0254353
-0.0331866 0.15511 0.000984746
-0.0711225 0.0388168 0.00193457
0.0259145 0.102099 0.0411479
-0.0623929 0.0445563 0.039213
-0.0694905 0.10551 0.0380162
-0.084864 0.0789836 0.0191297
-0.0552695 0.058846 -0.00542677
-0.0194871 0.0883195 0.0557235
0.0269735 0.121605 0.0224835
-0.0201986 0.186115 -0.0151371
-0.0601377 0.0338299 0.0176745
-0.0345112 0.112532 0.034973
-0.0647364 0.118589 0.0486106
-0.0564975 0.105681 0.0408231
-0.0503176 0.0388958 0.046006
0.023814 0.119372 0.031074
-0.0301141 0.166809 -0.00684471
-0.0500022 0.16408 -0.00389251
-0.0583387 0.0706756 0.0389009
-0.0361357 0.127268 0.00216052
-0.0634166 0.118511 0.0453283
-0.0455034 0.104326 0.041412
0.00988706 0.0373676 0.0450724
-0.0224982 0.103036 0.0436276
-0.0791517 0.0792478 0.0324066
0.0296733 0.0481683 -0.00874324
-0.0905823 0.131055 0.0352302
-0.0577288 0.0738232 -0.0175832
-0.0680504 0.156343 0.0223236
-0.00543271 0.0918052 -0.0353894
-0.06674 0.0383979 0.0141071
-0.0374511 0.122567 -0.00961353
0.0537258 0.0735615 0.0163564
-0.0334941 0.0690232 0.0409338
-0.0238161 0.078256 0.0534268
-0.0366664 0.175138 -0.00407486
0.0239407 0.0433254 -0.00969837
-0.0845698 0.0831877 0.0245094
-0.0474966 0.088987 0.0447599
-0.0887381 0.139163 0.03848
-0.00701023 0.0988653 -0.0267279
-0.0435038 0.0438236 0.0424673
7.57538e-05 0.0369473 0.00366537
-0.021599 0.0382532 0.00358087
-0.0698308 0.071946 0.0353261
-0.00180961 0.102694 -0.0227875
-0.0336555 0.0709359 -0.0204834
-0.00912603 0.126983 -0.00460672
-0.0598207 0.148547 -0.00150215
-0.0487902 0.0855221 -0.0217064
-0.0786032 0.107051 0.0327104
0.0257874 0.0895854 -0.0228249
-0.0421407 0.162162 -0.0108328
-0.0708983 0.120893 -0.00865195
-0.0264982 0.125984 0.010106
-0.093138 0.120057 0.0112982
-0.0318479 0.09723 -0.023215
-0.0532423 0.046246 0.0226735
0.0366018 0.0989128 -0.0107075
-0.077651 0.154407 0.00585132
0.00115082 0.131147 0.0187057
-0.0697867 0.034416 -0.00452426
-0.0638562 0.0423917 -0.00506847
0.0453383 0.0861836 0.0191712
-0.0668913 0.155545 0.00822429
-0.0661878 0.156038 -0.00610123
-0.0736758 0.108402 0.0380105
-0.00940844 0.100291 -0.0242411
0.0276189 0.0564968 -0.0197599
0.0137177 0.0926941 0.0515916
-0.0739058 0.125263 -0.00826143
-0.0292627 0.125707 0.0105611
-0.0425085 0.119367 0.0297171
-0.00542543 0.120041 -0.0132322
-0.0468295 0.0927337 -0.0216687
0.0440634 0.064827 -0.000963389
-0.0227209 0.162682 -0.0153632
0.033576 0.0781814 -0.0177928
-0.0305318 0.0734349 -0.0315361
-0.0314872 0.0646167 0.0387865
-0.0459741 0.03576 0.00812075
-0.00747581 0.101243 0.0443796
-0.0792564 0.155246 0.0213567
-0.0908772 0.119982 0.00630567
-0.0532861 0.0527919 0.0115704
0.0337455 0.11169 -0.0043358
-0.0623881 0.149093 -0.0125752
-0.0646669 0.0405364 0.0387423
-0.00492025 0.0362041 0.048453
-0.00769265 0.0388371 -0.00333188
-0.0760409 0.0677685 0.0130189
0.0173244 0.0580274 -0.0281164
-0.0790033 0.16525 -0.0329555
0.0123886 0.0463398 -0.0252064
-0.0233106 0.15969 -0.00223977
0.0428587 0.0803554 -0.00479839
-0.0685283 0.0434892 0.00727271
0.0150592 0.0590177 0.0497649
-0.0720231 0.149543 -0.0391183
0.0243264 0.0591823 -0.0248233
-0.0681116 0.112409 0.0451263
-0.0394895 0.0478295 0.0398724
0.0241747 0.0351145 0.0138772
0.038354 0.0547461 -0.00609927
0.030786 0.0765476 -0.0208061
-0.0165027 0.0499584 0.0473896
-0.0583127 0.0580812 0.00726379
-0.000502572 0.0965565 0.053664
-0.0102112 0.168384 -0.01842
-0.0520198 0.147215 -0.00210798
-0.0818927 0.122139 -0.0045131
-0.0861005 0.10314 0.0243088
-0.0693375 0.168152 -0.0246084
-0.0718751 0.150885 -0.0428436
0.002504 0.0605716 0.0560843
0.0439472 0.0917185 0.0231564
-0.0524918 0.107066 0.0397432
-0.076914 0.17371 -0.0479126
-0.00640617 0.0386668 0.0262232
0.0371511 0.110987 0.0177157
-0.0355882 0.126454 -0.000576513
-0.0567225 0.043789 0.0226896
-0.0310025 0.176085 -0.0150686
-0.0691331 0.0612207 0.0112337
0.00523902 0.0341335 -0.0189244
-0.0750917 0.0664543 0.00723246
-0.0810165 0.134048 0.0507919
-0.00341476 0.129699 0.000449344
-0.0495589 0.141679 0.00640064
-0.0500211 0.0529295 0.0155558
0.0580765 0.0566038 0.0222343
-0.0522733 0.13577 -0.00153662
-0.0396808 0.0636721 -0.0135815
-0.0720312 0.141354 -0.00781974
-0.0540526 0.0334248 -0.00589512
-0.00350029 0.0856691 0.0572933
0.0394434 0.0585828 -0.00486619
-0.033348 0.0384446 -0.00813352
-0.00473829 0.0684427 -0.0355801
-0.0340875 0.177472 -0.00744261
-0.00927598 0.177254 -0.0287785
0.00613975 0.0976727 -0.0254362
-0.0368759 0.102855 -0.0211016
0.0222104 0.125239 0.00503339
0.0349072 0.0875927 0.04003
0.00121183 0.0853285 -0.0350521
-0.0934477 0.121479 0.0262963
-0.0559081 0.112628 -0.0165116
-0.0474979 0.0464882 0.040801
-0.0418918 0.129001 0.00740866
0.00950453 0.0758273 0.0557308
-0.054091 0.152763 0.0215579
-0.0526724 0.130856 -0.00431281
0.0516025 0.0650498 -0.00116678
-0.0191397 0.0920316 0.0539979
-0.0199502 0.0553853 0.0474489
-0.0636035 0.156128 0.0166435
-0.0608313 0.092512 -0.0191943
-0.00271881 0.0655507 -0.0345764
-0.0580932 0.155356 0.0200663
0.00223085 0.129379 -0.00131325
-0.0658186 0.154852 0.00425231
-0.070378 0.149076 -0.0386493
-0.0465986 0.120315 -0.0132329
-0.0520076 0.145723 -0.00116844
-0.0205005 0.115412 0.03703
-0.062789 0.152113 -0.0295989
-0.00550074 0.0870334 0.0571343
0.0485032 0.0638048 0.0293893
-0.0405007 0.0690879 0.0417151
-0.0216874 0.126575 0.00458035
-0.000925431 0.131188 0.0179397
-0.0264927 0.0850795 0.0502634
-0.0891941 0.0888738 0.0164555
0.0318624 0.0768516 0.0425881
-0.01113 0.175691 -0.0290055
-0.0633419 0.155193 -0.0376165
-0.0723661 0.147118 -0.0228625
-0.0685644 0.145677 -0.0229009
-0.0795395 0.117686 0.0497856
0.0555936 0.0567472 0.0257684
-0.0218218 0.0854612 -0.0381675
0.0194826 0.0892535 0.0485994
-0.0622396 0.155257 -0.0325976
0.00850898 0.0990197 0.0481875
-0.00449959 0.107273 0.0439086
-0.065916 0.0662086 0.0305519
0.0184726 0.0851741 0.0505075
0.0464907 0.0664648 0.0271426
-0.0327132 0.0383899 -0.00426549
0.034591 0.113857 0.0224952
0.0508787 0.0465582 0.0223162
-0.0697772 0.0409122 0.00855159
-0.0239599 0.182991 -0.0170658
-0.011074 0.178648 -0.0249266
-0.00134429 0.0361889 0.0150058
-0.0573551 0.0335045 0.00783858
-0.0896003 0.111903 0.0133388
-0.00639449 0.0347093 0.0459249
-0.0454716 0.0404727 0.0442216
-0.0295595 0.111353 -0.0178807
-0.0234974 0.0498976 0.0468652
0.0336337 0.112484 -0.0031866
-0.0133613 0.182397 -0.0284169
0.0101258 0.125306 -0.00703851
-0.0629684 0.139576 0.0370615
-0.053491 0.113891 0.0350292
-0.0769778 0.155918 0.0162848
-0.0591392 0.118534 -0.0111826
0.0135044 0.118213 0.0361594
-0.055623 0.120216 -0.0109924
-0.0166194 0.0421642 -0.027592
-0.0648062 0.0852609 -0.0190538
0.0179624 0.0489942 0.0433049
0.0328247 0.054955 0.0367483
-0.0724349 0.0644357 0.0131399
-0.0188353 0.12777 0.00853266
-0.0313891 0.0338671 0.0146006
-0.0377668 0.0812615 -0.0209367
-0.0685156 0.168032 -0.0539935
0.0334188 0.0399387 -0.00226403
0.0545857 0.0608947 0.0278753
-0.0891635 0.0901786 0.00945748
-0.0534982 0.0344579 0.0343548
-0.0653187 0.152492 0.0351215
-0.0614832 0.0775692 0.0421583
0.0353212 0.108669 0.0283742
-0.0695352 0.0422413 0.00168563
-0.0378805 0.108506 -0.019759
-0.0520861 0.0545712 0.0266312
-0.0024916 0.073257 0.0585379
-0.00710114 0.0339482 -0.0211688
-0.0206234 0.0950485 -0.0308006
-0.0495628 0.0402984 0.0453668
-0.0877012 0.0963902 0.0247068
-0.0128908 0.129601 0.0150315
-0.0299173 0.0383162 -0.0299848
-0.0793995 0.0962934 -0.0095136
-0.0204789 0.081458 0.0566556
-0.0365049 0.10423 0.0397359
-0.062693 0.156802 -0.0376031
-0.0196184 0.043638 -0.0281382
0.0231426 0.0768603 0.0493195
0.00249981 0.0938632 0.054785
-0.0757136 0.107486 0.0366393
-0.0661661 0.0431586 -0.00127362
-0.0650297 0.138462 -0.00769967
-0.0354635 0.0860418 0.0431394
-0.0915903 0.125424 0.00726612
-0.0144966 0.0485988 0.0478804
-0.0486234 0.0532712 -0.0094518
0.0422984 0.0789118 -0.00576754
-0.0512549 0.0612644 0.0318233
-0.0574963 0.111121 0.0367615
-0.0218898 0.0382146 0.0234539
-0.029146 0.168214 -0.0173005
-0.0047515 0.0726952 -0.0359954
-0.0242177 0.0387671 0.0542484
-0.0691053 0.0641529 -0.000471523
-0.0436275 0.0548777 -0.0111987
-0.049617 0.115589 0.0334474
-0.0414976 0.113906 0.0346806
-0.0548296 0.0912974 -0.0221769
0.0296013 0.119582 0.02204
0.0093902 0.0739182 0.0557875
-0.0464997 0.109825 0.0383354
0.043448 0.0916342 -0.00278755
-0.0136792 0.0541002 -0.0332811
-0.00550708 0.0774167 0.0583085
0.0555832 0.0661715 0.0258304
-0.00654714 0.043 0.0484741
-0.0644533 0.0351399 0.0400818
-0.0484999 0.105649 0.0400819
-0.00269376 0.0613003 -0.0344696
-0.0900384 0.135039 0.0102136
-0.0452904 0.125307 0.0239255
-0.00951883 0.17115 -0.0217635
0.0159998 0.123366 -0.00698095
-0.0594923 0.107014 0.0396564
-0.0436566 0.0592613 -0.0123074
0.0252499 0.0775815 -0.0248688
-0.0468406 0.0985145 -0.021833
-0.0116753 0.0526919 -0.0331734
-0.0102337 0.0987343 -0.0266102
0.0197767 0.104476 -0.0186365
-0.067061 0.0617728 0.0200983
0.0394261 0.0716433 -0.0107927
-0.0630631 0.0351206 0.0420909
0.0435599 0.0987371 0.0131605
-0.0248173 0.0693751 0.0448313
0.00150378 0.0842858 0.0575429
0.0121624 0.129948 0.0198557
-0.0034971 0.0703995 0.0574239
-0.0656926 0.125639 0.0489587
0.0220342 0.108737 -0.0152173
-0.0191383 0.16678 -0.0189611
-0.0416277 0.0337441 -0.014735
-0.0875576 0.0954908 0.0044419
0.0282305 0.08443 -0.0217055
-0.0559148 0.0548054 0.00768529
-0.011981 0.180127 -0.0244833
-0.088924 0.151541 0.0211005
-0.0609535 0.135292 0.0364528
-0.0365043 0.0691064 0.0417512
0.0560337 0.0553031 0.0245952
0.000533962 0.0773889 0.0579724
0.00426025 0.0352382 0.0224392
0.017351 0.0351839 -0.014686
0.0125568 0.129953 0.0057397
0.044971 0.0748214 0.0226935
-0.0487849 0.0715634 0.0402545
-0.0509131 0.144221 0.000402933
-0.0609217 0.118124 -0.010668
-0.0665119 0.0621274 0.0216726
-0.0521757 0.0461175 0.0166821
0.0546053 0.0733755 0.0137165
-0.0711528 0.180791 -0.0525602
-0.0335046 0.177862 -0.00863199
-0.0106092 0.0434444 -0.026227
-0.0445794 0.130477 0.0137726
0.03635 0.0368836 0.00917982
-0.0311809 0.165241 -0.0158459
-0.00149557 0.0973426 -0.0290749
0.0128317 0.0712714 0.0536973
0.0582857 0.0709436 0.0165587
-0.077508 0.174998 -0.0490226
0.00932784 0.0581716 -0.0301717
-0.0721093 0.0846859 0.0405598
-0.0284025 0.119846 0.0286714
-0.0860233 0.102167 0.0034068
-0.0739433 0.134018 -0.00754124
-0.0586426 0.0335837 0.0110854
0.0101565 0.0860282 0.0551829
0.00235997 0.0496442 -0.0301148
-0.0694805 0.121794 0.053195
0.0371254 0.0869172 -0.0157926
-0.0564979 0.0776594 0.043476
-0.0292876 0.113893 -0.0165575
-0.0929029 0.129672 0.0252445
-0.00301536 0.127034 0.030217
0.0138699 0.049008 0.0461763
-0.035495 0.171374 -0.0137494
-0.0198709 0.104468 -0.0228058
-0.023502 0.180157 -0.0112302
-0.00442413 0.130145 0.0224484
-0.089612 0.139257 0.0251846
-0.0695688 0.160974 -0.049948
0.0219696 0.0347867 0.0191885
-0.0768733 0.0742923 -0.00658087
0.00310943 0.110155 -0.0202398
-0.0346581 0.0340056 0.0228095
-0.0284773 0.177212 -0.00607735
-0.0181742 0.169737 -0.0210312
-0.0148262 0.181632 -0.021586
-0.00918339 0.033864 -0.0215021
-0.0658202 0.0597996 0.0132017
-0.0490964 0.156122 -0.00621407
0.0388231 0.106965 0.0221712
0.0525281 0.0730706 0.0188626
-0.00493749 0.124022 0.0339675
0.00250961 0.101617 0.0444387
-0.0523481 0.125498 -0.00654313
-0.0740871 0.156873 -0.0259173
0.0184887 0.0948214 0.0475148
-0.0728513 0.077742 0.0372898
-0.0670834 0.168031 -0.0569976
-0.0884618 0.142054 0.0361609
-0.0146066 0.0355634 0.0504427
-0.0175794 0.128153 0.00899134
-0.0654874 0.143443 -0.0120814
-0.0593549 0.0410534 0.0179552
-0.0771179 0.165222 -0.035974
-0.0637251 0.155028 0.0282356
0.00991096 0.0343624 0.00242681
0.00844159 0.109753 0.0403226
-0.0522361 0.15086 0.0163848
-0.0381244 0.127641 0.0146907
0.0352381 0.0443124 0.029693
0.0452751 0.0847797 0.0211588
-0.0365645 0.0341557 0.0276322
-0.0634812 0.0760895 0.041143
-0.0274823 0.0617236 0.037721
-0.0326921 0.152804 -0.00294992
-0.0135115 0.118298 0.0374588
-0.0291607 0.171183 -0.0175503
0.0107885 0.0345143 -0.0106366
-0.0902062 0.143054 0.0286714
-0.0631406 0.152896 -0.00931447
0.0514409 0.0718132 0.00596213
-0.0164977 0.0828905 0.0574138
0.041574 0.0397142 0.0168995
-0.0345638 0.113971 -0.0166195
-0.0134154 0.0393527 0.0385623
0.02539 0.0849287 0.0474039
-0.0388402 0.0957243 -0.0226737
-0.0797103 0.0711205 0.00752586
-0.0252093 0.112572 -0.0171753
-0.0180225 0.0385494 -0.00514634
-0.0507107 0.0708743 -0.0151986
-0.0449324 0.0358062 0.00829108
-0.0475911 0.163428 -0.00670042
-0.0719103 0.125286 -0.00863314
0.0196959 0.0394038 0.04222
0.00450171 0.04895 0.0512539
-0.0614851 0.112533 0.0365644
-0.0890685 0.0969888 0.0194042
0.02777 0.0808734 0.0454779
0.031763 0.0653471 -0.018741
0.00650779 0.0575337 0.0533257
-0.00350236 0.0774419 0.0585703
-0.0353742 0.125928 -0.00196324
-0.0736013 0.0654333 0.0137843
-0.0766837 0.0941158 0.0377884
-0.0485613 0.0418518 -0.011173
-0.0175043 0.114096 0.0387143
-0.0296544 0.0346993 -0.0301222
-0.0199914 0.0962147 -0.0280142
-0.0323986 0.169744 -0.00487272
-0.0601123 0.0381131 0.0455939
0.038042 0.109981 0.0137429
-0.0839185 0.112898 0.00127069
0.0174244 0.125027 -0.00283112
-0.0371359 0.123595 0.025439
-0.0374891 0.0973119 0.0427062
0.01482 0.0920349 -0.0274402
-0.0697425 0.164473 -0.0161193
0.0181741 0.0988563 -0.0226017
-0.00962571 0.0451144 -0.0282927
-0.0685375 0.17487 -0.0458569
0.015355 0.119233 -0.0124997
-0.0644512 0.125591 0.047275
0.0163111 0.0608546 -0.0282401
0.0104958 0.0560929 0.0526786
0.00950687 0.0785812 0.0553914
-0.0802965 0.0872747 0.0345612
-0.0664975 0.108359 0.0380432
-0.0354954 0.0733233 0.0419636
-0.0125183 0.095238 0.0536312
0.0603694 0.0609168 0.00815448
-0.0245144 0.0945317 -0.028309
-0.0606582 0.12408 0.0421371
0.0392717 0.0938049 -0.00924672
0.00137957 0.0343513 0.00995357
0.0100266 0.0346111 0.0241784
-0.0382309 0.0365042 0.0436563
-0.000397685 0.0923281 -0.0338988
-0.0174373 0.0336888 -0.022956
-0.00459976 0.0405792 -0.0256485
-0.036773 0.0446897 0.0419462
0.0104354 0.0347372 0.0259595
-0.0722117 0.0348867 0.00176609
0.0409937 0.0830284 -0.00976566
-0.0606115 0.155938 0.0148123
-0.0300075 0.0337589 -0.0217484
-0.0456074 0.0345826 0.0394197
0.03413 0.0822192 0.0406334
0.0595077 0.0567056 0.0171693
-0.0156461 0.186781 -0.0233704
-0.0258217 0.181482 -0.0160394
-0.0189564 0.187079 -0.0195498
-0.0045041 0.0801506 0.0577231
0.00980942 0.110782 -0.0193656
0.0252624 0.0747714 -0.0251152
-0.0478366 0.0336224 0.000642732
-0.0668671 0.0980924 -0.0163226
-0.0915859 0.128175 0.00825933
-0.0918829 0.116106 0.0333156
-0.0591236 0.0454581 0.0276809
-0.00947834 0.12371 0.0334225
0.0491953 0.0732159 0.0116573
-0.0205091 0.112696 0.0389743
0.0458052 0.08902 0.00916777
0.0322912 0.117174 0.00450048
-0.00774122 0.115628 -0.0165086
-0.0296157 0.053701 -0.0213818
-0.0739548 0.136937 -0.00691386
-0.085765 0.112351 0.0286477
-0.0896207 0.132365 0.0409732
-0.0105374 0.130025 0.0158825
-0.00446475 0.03907 -0.00848801
-0.0587034 0.0579543 0.010904
-0.0592916 0.0381211 0.04617
-0.07081 0.110507 0.0424798
0.0125705 0.0658518 0.0532694
0.0117494 0.0671858 0.0538619
0.0181222 0.116444 -0.0134944
-0.0111277 0.166928 -0.0162357
-0.0896132 0.139307 0.0341845
0.0353216 0.0863185 -0.0174167
0.0290027 0.0741128 0.0436952
-0.000370674 0.0391495 0.0306363
0.0129485 0.0726239 0.0538836
-0.049499 0.112564 0.0357174
0.0214753 0.11175 -0.0144217
-0.0654905 0.0889779 0.0446185
-0.0623671 0.0719748 0.0386642
-0.0728312 0.136891 0.0492499
-0.0716413 0.0763478 -0.0132577
-0.0134963 0.0744967 0.0564394
0.0155048 0.112635 0.0385412
-0.0185705 0.0597254 0.0501838
0.0523234 0.0724358 0.00729932
-0.0487816 0.084091 -0.021606
-0.0663625 0.141125 0.0427387
-0.00446177 0.12682 -0.00651375
0.0105211 0.104445 0.0448284
-0.0457101 0.131722 0.0089192
-0.052457 0.144675 0.0183665
-0.0794885 0.131664 0.0524764
0.0330202 0.102118 0.0356213
-0.0669546 0.128237 -0.00895731
0.0122352 0.0808526 -0.0312408
-0.0224071 0.0510134 0.0440995
-0.063488 0.037094 -0.00797583
0.0444193 0.0734774 0.000193217
-0.00782745 0.0882395 -0.0367822
0.000521824 0.0801146 0.0573693
0.0144807 0.0658974 0.0525165
0.00549435 0.0474709 0.0500045
-0.0448562 0.101383 -0.0214692
-0.0315215 0.0732244 0.0404306
-0.0158225 0.127346 0.0227279
0.0193158 0.0835035 0.0508805
-0.0398611 0.0338561 -0.0163385
-0.0299722 0.0523401 -0.0183637
-0.0668563 0.151928 -0.044894
0.0165164 0.126586 0.0257514
-0.0504951 0.0960175 0.0443724
-0.0801014 0.0881671 -0.00858727
-0.0533336 0.128311 0.0351755
-0.0289938 0.16114 -0.00164375
0.0262381 0.119658 0.0279158
0.00533718 0.124533 0.0332195
0.00152343 0.0759482 0.0573355
-0.0786816 0.173602 -0.0460003
-0.0923673 0.124202 0.041188
0.0438525 0.0874765 0.0251696
0.00123226 0.0769082 -0.0355253
-0.0256136 0.0707601 0.0441795
-0.0114926 0.0897634 0.0564161
0.0369946 0.0686204 -0.0137746
-0.043632 0.0462886 -0.0112814
0.034399 0.0476191 -0.006288
-0.0923144 0.132364 0.0182222
0.0309459 0.0700081 0.0411857
0.0170761 0.115474 -0.0144429
-0.0458316 0.03478 0.00723173
-0.0622817 0.0458517 0.0346831
-0.0652467 0.122825 0.0496059
-0.0294931 0.0717523 0.039896
0.0604235 0.0678625 0.0131519
-0.0609158 0.169795 -0.0608698
0.0185294 0.0358466 0.0392699
-0.0371896 0.166685 -0.0135589
-0.0808442 0.110042 -0.00155764
0.00526525 0.0350275 0.0444668
-0.077431 0.108115 0.0357399
0.0360857 0.0784054 -0.0147648
0.00548498 0.0590856 0.0545593
-0.0264982 0.113889 0.035131
-0.0874631 0.104981 0.0103802
-0.0728362 0.0979301 -0.0143404
0.053852 0.0700236 0.0237561
-0.0104908 0.12238 0.0346088
-0.0196415 0.0725672 0.0536854
-0.0722303 0.134063 0.0500963
-0.0535427 0.0402957 -0.0106063
0.019893 0.114777 -0.0136897
-0.0857757 0.0926386 -0.000557841
0.0104935 0.0976882 0.0488434
-0.0681652 0.158429 -0.00684039
-0.0594987 0.0932573 0.0451741
0.0145581 0.125506 0.0293407
0.0413782 0.0519867 -0.00685663
-0.00332487 0.0387243 0.0268007
0.0234195 0.0349614 0.0211471
0.045537 0.0890033 0.0131643
0.0092124 0.114671 -0.0175632
-0.089639 0.0983559 0.0164014
-0.0648315 0.0895741 -0.0187043
-0.0215296 0.0387791 0.0338148
-0.0119496 0.127575 -0.00116297
-0.0901131 0.132441 0.0382173
-0.0605307 0.142151 -0.00455603
-0.0605291 0.0337655 0.01588
-0.0678177 0.0894605 -0.0172539
-0.0203318 0.0946383 0.0508766
-0.0732213 0.156852 -0.0309091
-0.0697747 0.155761 0.0260978
-0.0634992 0.0973124 0.0426152
-0.0915894 0.118845 0.0433559
-0.0326229 0.0385148 -0.00990233
-0.0707453 0.113137 0.049314
0.0291224 0.0877617 -0.0209279
-0.0237883 0.0932085 0.0487292
-0.056282 0.132113 -0.00567386
0.0249428 0.0968855 0.0450153
-0.0440686 0.0364096 0.0444754
-0.0688943 0.103764 -0.0141878
-0.0848581 0.120613 -0.00298955
-0.0146702 0.122522 -0.00773793
-0.0418025 0.1163 -0.0150397
-0.0780471 0.153854 0.029137
-0.0740662 0.155757 0.0246008
-0.0388176 0.128112 0.00411022
-0.0583717 0.138143 0.0331568
0.0303183 0.0797251 -0.0205953
-0.0498768 0.104205 -0.0203216
-0.0706809 0.109318 0.0378585
-0.0498856 0.149233 0.0119087
-0.0564978 0.0732565 0.0410435
-0.0261065 0.0944666 -0.0262366
-0.067466 0.154933 0.00219081
0.0189601 0.036126 0.0191857
-0.0239408 0.0886576 -0.0363455
-0.0633147 0.132484 0.0400888
-0.0194981 0.10024 0.044034
0.035272 0.0660164 0.0386352
-0.0574179 0.0608499 0.024689
0.0469336 0.0511672 0.030779
0.0301667 0.116977 -0.00204442
-0.0118673 0.0339713 -0.0202424
-0.0532571 0.151368 0.0204421
0.0188962 0.0370007 -0.0126843
-0.0719375 0.16298 -0.0125698
0.0387218 0.0993392 0.0297824
-0.0112354 0.0407042 0.0501624
0.0252205 0.0888413 -0.0232794
-0.0565657 0.11693 0.0374284
-0.0107827 0.0784509 -0.0379132
0.00540963 0.0375924 -0.0240752
0.0459345 0.0862193 0.0101703
-0.0176367 0.181628 -0.0186063
0.0505119 0.0665023 0.0275359
-0.0494967 0.101524 0.042218
-0.0633908 0.0664235 0.0326881
0.012487 0.118181 0.036207
0.0102664 0.0739304 0.0552835
-0.042812 0.14778 0.00347562
-0.0622192 0.17721 -0.0606003
0.0324011 0.0446474 -0.00561054
0.0567259 0.0536428 0.00417778
-0.0126944 0.0614008 -0.0362648
-0.0567938 0.0498747 0.00808849
-0.00976599 0.121876 -0.011136
-0.0157643 0.0353272 -0.0263783
-0.0773599 0.0940895 0.0370488
-0.0686207 0.128453 0.0500102
-0.0724818 0.165221 -0.0429802
-0.0533008 0.118582 -0.0133417
0.00623573 0.0382417 0.0273828
-0.0883767 0.125344 0.00127971
0.0541559 0.0477549 0.017206
-0.0890009 0.118943 0.0464523
-0.0781065 0.0948585 -0.0115273
0.0180456 0.044911 0.0433906
0.0142764 0.128727 0.0220636
0.0474899 0.0664975 0.0274045
-0.0246071 0.0408479 -0.0291354
-0.00470039 0.0340249 -0.0188849
-0.0251882 0.121015 0.0283088
-0.046761 0.126023 -0.00719597
0.0190214 0.118116 -0.0113006
-0.0218549 0.118022 -0.0129203
-0.051128 0.0487627 0.0151791
0.0463019 0.07925 0.0141776
0.0135046 0.108467 0.0407674
0.00233104 0.0554199 -0.0313859
0.0387224 0.1084 0.018173
-0.0465551 0.0447198 -0.0107805
0.00247871 0.110023 0.0425049
0.0297469 0.0929269 0.0431563
-0.0339899 0.0738027 -0.0224777
0.0151695 0.0534137 0.0481113
0.0601893 0.0595178 0.0171788
-0.0520364 0.14934 0.0173988
-0.0624131 0.11535 0.0394932
-0.0366574 0.173333 -0.0118804
0.0299199 0.11779 -0.000781916
0.0413281 0.0697537 0.029756
0.0308953 0.0400111 0.0272142
0.0312024 0.114939 -0.00384217
-0.00250336 0.0633801 0.0564795
-0.0255083 0.112568 0.0366767
-0.0199983 0.126616 0.0197793
0.053572 0.0650953 0.0274823
-0.0384865 0.0492045 0.0394845
-0.0136101 0.17129 -0.0181213
-0.0856596 0.0858717 -0.000523015
0.0216294 0.0875507 0.0490393
0.0598509 0.0692231 0.0121425
-0.0330169 0.0750953 -0.0275046
0.00413437 0.124074 -0.00964261
0.0201031 0.0379621 0.0410367
-0.0373144 0.033633 0.00457247
-0.0932956 0.12823 0.014251
-0.0664934 0.0624679 -0.000297249
0.0418253 0.0830818 -0.00779351
0.0208421 0.0882147 -0.0254487
0.0460317 0.0820288 0.0151733
0.0185106 0.12405 -0.00369129
-0.00550273 0.0661441 0.0562254
-0.0269539 0.17866 -0.00745161
-0.06539 0.178765 -0.0548301
0.0165102 0.111269 0.0389693
-0.076573 0.153595 0.0311713
-0.0106577 0.165418 -0.0198106
-0.0681757 0.118633 0.0523539
-0.0881094 0.0861284 0.0104766
-0.0623556 0.0337533 -0.00969501
-0.0941673 0.124186 0.0242853
0.0236359 0.056409 0.0445932
-0.0568431 0.0926948 -0.0216401
-0.0689146 0.108019 -0.0123122
-0.0497286 0.133927 0.0265636
-0.0528867 0.0334295 0.0213081
0.0424909 0.101472 0.00517268
0.0264479 0.103016 -0.017087
0.00831626 0.0356874 -0.00657792
-0.0784525 0.0962411 -0.0105211
-0.0851069 0.104842 0.00238218
0.00337067 0.115645 -0.0185908
-0.021518 0.115416 0.036565
-0.0323633 0.175433 -0.0143069
-0.00549779 0.110034 0.0429298
-0.0076798 0.0569676 -0.0334142
-0.0484986 0.0425777 0.0442245
-0.0164998 0.0856439 0.0570811
0.00449209 0.108585 0.0419458
0.000507606 0.089764 0.0561546
-0.0677628 0.079419 -0.0170759
-0.0072649 0.0384115 0.0117959
-0.0331266 0.0338175 0.0106794
-0.0340904 0.160759 -0.0135462
0.0189716 0.115037 -0.0139804
-0.0253167 0.177183 -0.0103739
-0.0678764 0.117979 -0.00873338
-0.0388049 0.0885478 -0.0231132
-0.0316679 0.0763713 -0.0315414
0.0259096 0.0534724 0.0407837
0.012127 0.0534588 0.0507501
-0.0548894 0.136747 0.0311423
-0.0721148 0.067315 0.0248191
-0.081408 0.0801232 -0.00353296
0.0536465 0.0728799 0.00890065
0.0430366 0.0709859 0.0269587
-0.0320197 0.058187 -0.0133973
-0.0424078 0.0392874 -0.0253255
-0.0794627 0.138625 0.0485832
0.0503991 0.0466746 0.0233055
-0.0268492 0.155368 -0.00477229
-0.030496 0.0988081 0.0439786
-0.0866142 0.111799 0.023338
0.0413795 0.0505691 -0.00672382
-0.0757375 0.106056 0.0359296
-0.0312058 0.066507 -0.0244549
-0.04015 0.0473434 -0.014266
-0.0348521 0.0972102 -0.0229902
0.0353317 0.112044 0.0241962
0.041496 0.0555737 0.0320634
-0.000792652 0.0894877 -0.0349748
-0.038314 0.170034 -0.0122167
-0.0243798 0.168291 -0.0108587
-0.0929393 0.122846 0.0403052
-0.0663982 0.164105 -0.0192035
0.0336755 0.115893 0.0150272
-0.0897017 0.151503 0.0171224
-0.0484634 0.122511 0.0297787
-0.0739068 0.123785 -0.00803832
-0.0726003 0.145757 -0.0168539
-0.0164306 0.0384009 0.00449856
-0.0429798 0.150656 0.00610371
-0.0358314 0.0356542 0.0457978
0.0274663 0.0754645 0.0450048
-0.0557308 0.0738305 -0.0174435
0.0531674 0.0736169 0.0146631
-0.00349196 0.114194 0.0413026
-0.0625921 0.1213 0.0447428
-0.0652396 0.0384193 0.0154218
-0.0444374 0.124419 -0.00954541
-0.0278605 0.124718 0.0184442
0.0125555 0.034405 -0.0178251
-0.0504949 0.0477308 0.0397221
0.00750831 0.0772509 0.056126
-0.071563 0.151347 -0.0436244
0.047295 0.0711844 0.0046334
0.0158783 0.103153 -0.0212298
-0.0766606 0.163806 -0.0339802
0.0547452 0.0661481 0.0263648
-0.0870678 0.11107 0.0203515
-0.0579078 0.0494657 0.0056917
-0.00423283 0.0951855 -0.0328472
-0.0205392 0.0971418 -0.0249761
-0.0627087 0.161508 -0.0465953
0.0182337 0.128007 0.0135344
-0.0315196 0.0834471 -0.0305496
-0.0334887 0.0471143 -0.0243565
-0.0431622 0.0422126 -0.0213185
-0.0528487 0.0500508 0.0126245
0.041327 0.0986069 0.0251647
0.0284604 0.079188 -0.0220838
-0.0356136 0.0408304 -0.0293778
-0.0635386 0.151731 -0.00361755
-0.0638695 0.16329 -0.0240265
-0.0109917 0.177231 -0.0295208
-0.00749309 0.114174 0.0409291
-0.020486 0.18455 -0.0138786
0.0521127 0.0595383 0.0295528
-0.0152817 0.126335 -0.00175389
-0.0436843 0.0666417 -0.0153695
-0.050486 0.0585567 0.0325562
-0.0713615 0.158186 -0.0419305
-0.0642262 0.115635 0.0441038
-0.00109958 0.115152 -0.0180337
0.0225812 0.0946281 -0.0221802
-0.0685022 0.101419 0.0404594
-0.0104933 0.0952299 0.0545267
-0.0495602 0.0418248 -0.0110192
-0.0125102 0.0897843 0.0566766
-0.0759388 0.151364 -0.016882
-0.0393069 0.033537 -0.0233717
-0.073889 0.119392 -0.00790358
0.017211 0.088423 -0.0276786
0.0229081 0.0608908 -0.0255785
-0.026277 0.0795343 0.0501986
-0.0220745 0.169763 -0.0127977
-0.00282121 0.086807 -0.0363939
-0.0361236 0.163705 -0.0141169
-0.0571999 0.0684533 0.0375014
-0.0656682 0.0337431 0.00949839
0.0338239 0.11087 -0.00547119
0.012488 0.119576 0.0355898
-0.065902 0.112354 -0.012152
-0.0557441 0.0768187 -0.0193441
-0.0616452 0.139553 0.0354433
-0.0611631 0.0428583 0.0256966
0.0111874 0.0630268 0.0529412
-0.0628566 0.145948 -0.0105775
-0.0496528 0.0345916 0.0385506
-0.0167796 0.121583 -0.00869919
0.0189031 0.068639 0.0501604
-0.0728966 0.155445 -0.0329107
-0.0267825 0.079725 -0.0369434
-0.0355033 0.109745 0.0370663
-0.0444005 0.0336982 -0.00787213
0.0177451 0.0379283 0.0429098
-0.0472567 0.132959 0.0215876
0.0280869 0.0432543 0.0332457
-0.0424946 0.0972875 0.0422451
-0.0521438 0.0568294 0.0272279
-0.081672 0.0966878 0.0327979
-0.0358778 0.159506 0.00240863
-0.0301237 0.12585 0.013192
0.0450967 0.0889619 0.00117113
-0.034906 0.0367338 -0.0161439
-0.0454995 0.122409 -0.0114255
-0.0623836 0.163119 -0.0315939
0.0236875 0.0373106 0.0299772
-0.0839359 0.102045 -0.00261805
-0.0649478 0.164181 -0.0229827
0.0323217 0.116577 0.0230638
-0.0205115 0.114066 0.0379617
-0.0658527 0.144237 -0.0148815
0.0485157 0.0597129 0.0310438
0.0406411 0.0462159 0.0309092
-0.0749384 0.177982 -0.0467773
-0.0544738 0.0624824 0.0299832
0.01142 0.0374719 -0.022733
-0.0338556 0.0723894 -0.0214737
0.0483282 0.0561556 -0.00540695
-0.0793777 0.154922 0.0242883
0.0261658 0.0809584 -0.0239333
0.0494532 0.0710682 0.00472592
0.0110129 0.0846936 0.0546683
-0.0389846 0.1533 -0.00797514
-0.00992934 0.166943 -0.0180552
4.37647e-05 0.0392736 0.0324137
-0.000475449 0.077417 0.0583222
-0.0554809 0.0440191 0.0450323
-0.0870553 0.118453 0.000244653
-0.0903832 0.132413 0.0312232
-0.0630177 0.135513 -0.00745136
-0.0524215 0.162453 0.00456363
-0.049486 0.0531643 0.034537
-0.0800863 0.148726 0.0380799
-0.0495023 0.0862453 0.0455995
-0.0495652 0.0614019 0.0343808
0.0547677 0.0509942 0.0227339
0.0588535 0.0566417 0.00718098
-0.0725091 0.147853 -0.0287195
0.000700235 0.0374335 0.0215506
0.0332406 0.0828224 -0.0189128
-0.0378274 0.0929022 -0.0235348
-0.0265586 0.171236 -0.0104749
-0.040488 0.088839 0.0428058
0.0044777 0.112767 0.0412512
-0.087182 0.130813 0.00128919
0.0012658 0.0697321 -0.0339789
-0.0661283 0.153073 -0.0457545
0.059772 0.0594746 0.00715469
-0.0420309 0.0335517 -0.0220625
-0.0675078 0.167827 -0.0267933
0.0597837 0.0567045 0.0121686
-0.0897339 0.0916034 0.0174376
-0.0375014 0.106979 0.038117
-0.083524 0.154076 0.0213615
-0.026557 0.0646504 0.0393284
-0.0844416 0.147376 0.00515339
-0.0705953 0.157132 -0.0018785
0.0414602 0.0985756 -0.00280597
-0.0324964 0.117987 0.0309791
-0.084323 0.0804069 0.00350409
-0.0607657 0.139716 -0.00595313
0.0349262 0.0896582 -0.0169179
0.0437196 0.0846401 -0.00379782
-0.0310017 0.0339922 0.010953
-0.00274076 0.0726647 -0.0356738
-0.0792519 0.17071 -0.0410714
0.0220365 0.0430228 -0.0147268
-0.0665297 0.149283 -0.0337543
-0.0599957 0.135288 0.0360766
-0.0532526 0.161216 -0.00188451
-0.0927009 0.117475 0.0353038
-0.0785092 0.126003 0.0529555
-0.0650871 0.0417056 0.03635
-0.0349082 0.033686 0.00682403
0.0169426 0.11422 -0.015094
-0.054929 0.0378655 -0.0109689
-0.0843417 0.109004 0.0243603
-0.00359562 0.043415 -0.0257386
-0.0322455 0.15809 0.00238998
-0.0622044 0.163118 -0.0415929
-0.0863191 0.0806082 0.0115067
-0.0570931 0.0535244 0.00162534
-0.0440117 0.149183 0.00634807
-0.0866231 0.0846922 0.0194779
-0.0871097 0.129792 0.0470428
0.0377117 0.0799594 -0.0137509
-0.0137494 0.0383366 0.00873382
0.001497 0.119685 0.0377723
-0.0738077 0.102191 0.0374953
-0.0655672 0.149686 0.0379738
0.0589314 0.0635744 0.022157
-0.024429 0.062147 0.0418364
0.000144172 0.129559 0.0255502
-0.00849886 0.0856701 0.0574538
0.0177118 0.0944604 -0.0240064
0.0378591 0.102628 -0.00683982
-0.0895773 0.139272 0.0261794
0.0153438 0.0522442 -0.0271619
-0.0334818 0.0987718 0.0435747
-0.00369909 0.0598617 -0.0340393
-0.0569156 0.112617 -0.0162683
-0.0749819 0.151307 -0.0268775
0.0302544 0.113856 0.0308506
-0.0307256 0.0915724 -0.0247467
0.0531328 0.0476715 0.00620176
-0.0728984 0.156837 -0.0329194
0.035616 0.10962 -0.00284805
-0.00768132 0.0976452 -0.0294292
0.00136992 0.128685 0.0274437
-0.0538991 0.108397 -0.0185513
-0.0656264 0.15567 -0.0512009
-0.0802055 0.0754813 0.024867
-0.0717266 0.143977 -0.0139286
-0.0164665 0.068805 0.0544258
-0.030708 0.121227 -0.00820323
0.0397845 0.0699028 0.0328672
-0.0325683 0.124672 -0.00180773
-0.0368482 0.0336146 -0.0266993
-0.00977607 0.0770524 -0.0379416
-0.0497623 0.0665865 0.0371903
0.0326336 0.0519746 0.0346532
-0.0284216 0.0792864 0.045297
-0.0843581 0.0883713 0.0286614
-0.0728523 0.100773 -0.0133449
0.010569 0.0630758 0.0538717
-0.035019 0.035354 0.0462574
0.0293141 0.095566 0.0425395
0.0104332 0.0344417 -0.0125223
-0.0356468 0.0577276 -0.0110125
-1.32571e-05 0.13145 0.0125463
-0.00445554 0.112864 -0.0195829
-0.0909699 0.113313 0.018324
-0.00936568 0.0388306 -0.00738531
-0.093713 0.126863 0.0152623
-0.0565326 0.0401709 -0.00945456
-0.0943565 0.12553 0.0182582
-0.0834254 0.141805 0.00220396
-0.0699808 0.136988 -0.00795948
-0.0845122 0.0778323 0.0175087
0.0255432 0.0768418 0.0475089
-0.027105 0.162286 -0.015104
-0.0575 0.0588269 0.0212602
-0.0476849 0.146264 0.00805502
0.035697 0.096801 0.0360155
-0.0487502 0.167013 -0.00197199
-0.0341025 0.169759 -0.00204136
-0.027467 0.0793682 0.0471485
0.0465562 0.0764652 0.0121829
-0.0654933 0.0875673 0.0446215
-0.0423306 0.040657 -0.0232664
-0.0554797 0.0848037 0.0450617
-0.0235467 0.119499 0.0316537
-0.0619246 0.106845 -0.0166571
-0.0300213 0.0579734 -0.0204069
-0.0371067 0.163706 -0.0138205
0.014393 0.129494 0.0163965
-0.0806057 0.0720192 0.00754007
0.0376516 0.0425419 0.0281451
-0.0493845 0.0657885 0.0368321
-0.0226971 0.059684 -0.0328522
0.0153617 0.0344714 0.021761
-0.0897638 0.136555 0.0361946
-0.000498244 0.0647983 0.0567029
-0.0596429 0.0622343 0.0265494
-0.0708829 0.156323 0.0169624
-0.0726162 0.166612 -0.0440006
0.0208979 0.0359371 0.0087849
-0.0639569 0.158297 -0.0475943
-0.035736 0.0740102 -0.0187661
-0.0311696 0.0749025 -0.031542
-0.071509 0.105494 0.0375699
-0.0394764 0.081876 0.0433844
0.00650836 0.0813916 0.0558754
-0.0865771 0.124349 0.048115
-0.0544905 0.0862124 0.0452239
0.00137655 0.0380516 0.0229424
0.0335642 0.11614 0.00925074
-0.068322 0.144999 -0.0199128
0.0240747 0.0915746 0.0472686
-0.00407632 0.124795 0.032822
0.0226361 0.118891 -0.00814073
0.0452209 0.0659646 -0.000116442
-0.026505 0.174198 -0.0103819
-0.0296666 0.0774462 0.0418826
-0.0738123 0.0655371 0.0172042
-0.0539349 0.0527611 0.0108042
-0.0556091 0.0372359 0.0469697
-0.0626195 0.153328 0.0013944
-0.0580398 0.0608775 0.0245548
-0.0821218 0.075868 0.0188618
0.0156241 0.128368 0.0211329
-0.0897153 0.135171 0.0332079
-0.0714328 0.168025 -0.0480185
0.0391881 0.0673984 -0.0107969
-0.0238036 0.0798229 -0.0381557
-0.0345243 0.0619374 0.0399691
0.00226062 0.131309 0.0062251
-0.0560291 0.051292 0.00869383
0.0274945 0.0381011 -0.00197122
-0.045802 0.0382259 -0.0192856
-0.0506072 0.0546369 -0.00878713
-0.0651676 0.167884 -0.0330971
-0.08699 0.0859713 0.00247197
0.000515748 0.0349973 0.0453092
0.0495286 0.0610841 0.0304744
-0.0149461 0.0384961 0.0282276
-0.0117936 0.0667192 0.0544625
-0.0314011 0.178523 -0.00645128
-0.00107263 0.0385746 0.00195199
-0.00248752 0.0897873 0.0564419
-0.0487311 0.13178 0.0269763
-0.0394965 0.0662956 0.0417788
-0.0870329 0.152942 0.0187545
-0.030372 0.124909 0.019004
-0.0639806 0.135327 0.039077
-0.0104698 0.070299 0.0557764
-0.0736187 0.0665006 0.01992
-0.0285122 0.180211 -0.00692909
-0.0712039 0.0342165 0.00436442
0.0122905 0.06666 -0.0305971
-0.0889154 0.0875162 0.0124615
-0.0536323 0.0602894 -0.00841331
-0.0295217 0.0402041 -0.0298306
-0.0605969 0.06056 0.0225173
-0.0244152 0.0723023 0.0471532
-0.026115 0.158145 -0.00104516
-0.0526101 0.0632972 -0.0100113
-0.026888 0.0344315 -0.0290471
-0.0819901 0.133862 -0.00285904
-0.0539191 0.129665 -0.00510771
-0.0180735 0.0611876 0.0510587
-0.0639323 0.123848 -0.00887264
-0.0026931 0.0386465 0.0251959
-0.0838788 0.153353 0.0242347
-0.0694944 0.11756 0.0525327
0.026592 0.0578126 -0.0217526
-0.0823398 0.145942 0.00119384
-0.08807 0.113074 0.0239452
0.0453672 0.0456539 0.0269438
-0.0446392 0.0548635 -0.0110876
-0.071022 0.0408196 0.00705143
-0.0214945 0.10716 0.0418366
0.0543638 0.0534389 0.000229046
-0.0688663 0.102328 -0.014772
0.0189212 0.0875932 -0.0268145
-0.0323163 0.155148 0.000487548
-0.042485 0.0762268 0.0429934
-0.0783042 0.161088 -0.0239376
-0.0800654 0.121688 0.0502425
0.0297504 0.0462054 0.0339396
0.00550646 0.078617 0.0558754
-0.0639324 0.147049 -0.0189093
0.0295862 0.120365 0.0134787
-0.0837054 0.10067 -0.00361944
-0.0696099 0.138316 0.0468524
-0.038588 0.0341641 0.0271976
-0.00880796 0.0868775 -0.037347
-0.0222707 0.180155 -0.0129798
-0.0335104 0.169764 -0.00293532
-0.0214969 0.0498836 0.0466158
-0.0725069 0.145589 0.0436497
-0.026685 0.0349864 0.0500364
0.0336101 0.0962478 -0.0138935
-0.0216341 0.038095 0.0200103
-0.0862725 0.103636 0.0233541
-0.0240269 0.158277 -0.0107707
-0.0280135 0.0591603 -0.0264206
0.0125203 0.0616669 0.0514026
-0.0863368 0.153207 0.0174967
-0.0296012 0.120713 0.0267425
0.00850711 0.0688384 0.055257
0.0347392 0.0848817 0.0397697
0.0438044 0.0987496 0.00916312
-0.00536457 0.0387134 0.026395
-0.0672083 0.0609402 0.0172424
-0.0247629 0.0727034 -0.0370836
-0.078775 0.170042 -0.0371202
-0.0736141 0.151246 -0.0348888
-0.0233223 0.0386973 -0.0137829
0.0125 0.0341066 0.00131673
0.0172524 0.0778474 -0.0286871
-0.0206091 0.162049 -0.0149623
-0.0643705 0.154697 0.0294695
0.0282298 0.0717826 -0.0228933
-0.0822803 0.139383 0.0462108
0.0027861 0.0392982 -0.00725238
-0.0846182 0.106299 0.024344
-0.012912 0.0339283 -0.0204101
-0.087877 0.0990467 0.0233782
-0.0484259 0.152144 0.0105657
0.0236032 0.116718 -0.00979024
0.0464132 0.0472054 -0.00271728
-0.0599288 0.145383 0.0362513
0.00339585 0.0355203 0.0220096
-0.0864391 0.131188 0.0477462
-0.0308039 0.0345326 0.0408762
-0.0895401 0.135156 0.0272131
0.015783 0.0914175 0.0510677
-0.0738976 0.0662178 0.00410027
0.0373159 0.0880544 -0.0152271
-0.0759472 0.132533 -0.00707033
-0.00450509 0.0815118 0.0573962
0.0305321 0.081181 -0.0200863
-0.0657091 0.157202 -0.00882727
-0.0553588 0.131132 0.0357618
-0.0626845 0.0455625 -0.000282658
0.0417012 0.085878 -0.00880084
0.0596848 0.0566967 0.0151763
-0.0916834 0.116094 0.0407438
-0.0894883 0.139285 0.0301857
-0.0851934 0.11068 0.0373035
-0.00573884 0.0712887 -0.036141
-0.0797904 0.152563 0.0316147
0.00150869 0.0675259 0.0561223
-0.0258406 0.0339312 -0.0210821
-0.0240588 0.111793 -0.0183639
-0.0464764 0.0861628 0.0446798
-0.046755 0.0336866 -0.0157033
-0.055838 0.0927189 -0.0219026
-0.0752039 0.0696978 0.0256249
0.0582234 0.0593447 0.00320204
-0.0524675 0.0344946 0.0345461
-0.0426623 0.0592741 -0.0122692
-0.0244219 0.0752703 0.0498831
0.0377251 0.0602627 -0.00973714
0.012555 0.130318 0.0128667
-0.0517406 0.0704199 0.0388209
-0.00265934 0.098112 -0.0279111
0.0524062 0.0491022 0.00128138
0.0285939 0.108783 0.0362583
-0.06148 0.0371866 -0.00855801
0.012978 0.0975651 -0.0232996
0.0352492 0.043109 0.0289456
0.0427329 0.0747306 -0.00479562
-0.0880973 0.137764 0.00820327
0.0376971 0.0381803 0.0174952
-0.0354963 0.0690808 0.0415601
0.0359211 0.112779 0.0172688
0.0314293 0.102107 0.036834
0.0180964 0.0604579 0.0488964
-0.0680681 0.061235 0.0168081
0.0571135 0.071717 0.0176058
-0.0449077 0.159414 0.00690868
0.0110632 0.0360404 -0.022358
-0.0693451 0.162383 -0.0509602
0.0435656 0.0945094 0.0231538
-0.00645384 0.126073 -0.0076982
-0.0790747 0.0713835 0.0198308
-0.0744234 0.156022 0.0128056
0.0597099 0.0650292 0.0201784
-0.0738907 0.107101 0.0373066
-0.0221188 0.100222 -0.0241961
-0.0708871 0.119431 -0.00850422
-0.0908243 0.114994 0.023547
0.00110427 0.111585 -0.0201254
-0.0809803 0.104706 0.0304576
0.0465727 0.0554592 0.0320923
-0.0748916 0.10354 -0.0108565
0.00935197 0.130836 0.00599246
0.00201718 0.0342688 0.0083365
0.00722702 0.0796252 -0.0338785
-0.0271235 0.11599 -0.0147668
0.00348766 0.115539 0.0402625
-0.0315135 0.112545 0.0354646
-0.0293863 0.155004 -0.00725783
-0.0606931 0.0659255 -0.00858452
0.0164935 0.0962515 0.0477962
-0.073439 0.148627 -0.0298053
-0.0471905 0.156504 0.00887867
-0.0653079 0.154958 0.0291369
-0.00849948 0.0911907 0.056727
0.00738229 0.0448872 -0.0251556
-0.081175 0.14869 0.00117764
-0.0678527 0.0937535 -0.0166708
-0.0758953 0.12228 -0.00740649
0.0201781 0.0351992 0.0293411
-0.0819554 0.0993316 0.0315904
0.028524 0.0808687 0.0448153
-0.0374903 0.172653 -0.000576721
0.0433566 0.094461 -0.000803958
-0.0164997 0.0938314 0.054193
-0.0745558 0.0684435 0.0233437
-0.0849548 0.0952071 0.0290738
-0.0271151 0.122681 0.0231414
-0.0411287 0.160673 -0.0112161
-0.0567145 0.0334976 0.000765085
0.048793 0.049707 0.0281736
-0.0731059 0.151228 -0.0378853
-0.062954 0.125297 -0.00870732
-0.0759611 0.0715461 -0.00349282
-0.0510269 0.136724 0.0245519
-0.0647895 0.0838376 -0.0190209
0.0312874 0.108108 -0.0105276
-0.0664147 0.112558 0.0425241
-0.0523515 0.0582314 0.0273813
-0.0306153 0.0495713 -0.0203608
-0.0826468 0.144713 0.0407672
-0.0863763 0.0991625 0.0261078
-0.0862929 0.15121 0.027304
-0.0650248 0.0337055 0.00787315
-0.0374809 0.113893 0.0340704
-0.0344941 0.171246 -0.000779029
-0.0607901 0.0839118 -0.0197808
-0.00750341 0.130405 0.00835201
0.0253647 0.107408 0.0385761
-0.0207747 0.0728486 -0.0387932
0.00823548 0.113838 -0.0186606
-0.0448474 0.0999398 -0.0215303
0.0173062 0.0421724 0.0440438
-0.0929915 0.122891 0.0372721
-0.0532046 0.133931 0.0318349
-0.0649084 0.165706 -0.0272764
-0.0484982 0.0819185 0.0441136
-0.0354688 0.0973337 0.0432864
-0.0661058 0.151041 -0.0375744
-0.0613445 0.0434338 0.042412
0.0102401 0.13009 0.0220074
-0.0348246 0.0872331 -0.0245609
-0.0335129 0.112536 0.0351002
0.0301995 0.0768447 0.0437008
-0.00549531 0.10728 0.0439307
-0.02728 0.181917 -0.0121056
-0.0105391 0.0444694 0.0492224
-0.0723621 0.114661 0.051285
-0.094215 0.120106 0.0172864
-0.0599506 0.0340585 0.0228145
0.0121427 0.124109 -0.00776299
-0.00550026 0.0815011 0.0573318
0.0107652 0.110575 -0.0191667
-0.0641619 0.126957 0.0459503
0.0142805 0.0345676 -0.0138073
-0.0564947 0.102955 0.042036
-0.00952557 0.169814 -0.0256004
-0.0796979 0.108952 0.0363543
-0.0275114 0.0379423 0.00991362
-0.0925898 0.124211 0.034269
-0.0269157 0.0703179 -0.0345192
-0.045692 0.126639 0.0237789
0.0123614 0.0509077 -0.0278502
-0.0306281 0.0831438 0.0423752
-0.0335992 0.1188 -0.0116562
-0.0560788 0.154579 -0.00133297
-0.0901834 0.114057 0.0406088
0.00557978 0.101599 0.0456072
-0.0614982 0.101529 0.0422258
-0.0570417 0.148685 -0.00168484
-0.0197872 0.118912 -0.0118682
0.0155004 0.116786 0.0363781
0.0462789 0.0820452 0.011174
0.0595932 0.0608555 0.0201843
-0.0691845 0.152183 -0.0467119
-0.0576496 0.0629466 -0.00612077
-0.0304023 0.0382885 -0.00186367
-0.0199616 0.0697296 0.0526775
-0.0246722 0.05361 -0.0281576
-0.0790435 0.0718734 0.00353541
-0.0709606 0.172226 -0.0520527
-0.026364 0.0359692 -0.029405
0.0526661 0.0660937 -0.000184776
-0.0307981 0.0381678 0.00179566
0.0190831 0.0713469 0.0504539
-0.072904 0.112135 -0.00834183
0.000494981 0.0442085 0.0460563
-0.0226112 0.04084 -0.0289768
-0.0887093 0.112351 0.0387402
0.0250594 0.122946 0.0231962
0.0392221 0.075321 0.0338531
0.034067 0.0981569 0.0371457
-0.0465876 0.132486 0.00741919
0.0197435 0.125962 0.0226458
-0.0728415 0.165906 -0.0186805
-0.0269131 0.180109 -0.00739997
0.0438908 0.0973298 0.0041758
0.00798329 0.130466 0.00265255
-0.0679477 0.0860672 0.0434473
-0.0722895 0.147809 -0.0265569
0.00925016 0.0724976 -0.0328208
-0.0624964 0.108382 0.0385383
0.0547011 0.0728313 0.00929699
0.0221833 0.125827 0.00929485
-0.00231448 0.129778 0.000344647
0.0126876 0.0376693 0.0445214
0.00959045 0.131031 0.00893055
-0.067959 0.169303 -0.0298283
0.0580719 0.0523893 0.015182
-0.0851043 0.10321 0.0261425
0.0464851 0.0651547 0.0281822
-0.0316389 0.0409999 0.051064
-0.0368547 0.100015 -0.0221726
0.0312237 0.0871647 -0.0198177
-0.00349533 0.123738 0.0342998
-0.0559476 0.153959 0.0252069
-0.0525459 0.0430871 -0.00935537
-0.0494965 0.11266 -0.0171746
-0.02745 0.110307 -0.0187882
-0.0603898 0.116109 -0.0126519
-0.0193167 0.0754023 0.0546877
-0.0875285 0.133568 0.00229932
-0.0753098 0.0805155 0.0368289
-0.0174561 0.0544373 0.0497557
-0.0416287 0.0534443 -0.0111279
0.0288394 0.112544 -0.00929606
0.0249948 0.0405751 0.0353079
-0.0938956 0.118755 0.0202995
0.0133269 0.036855 0.044466
-0.0017304 0.0712031 -0.0351875
-0.061361 0.0336079 0.00692461
0.0458872 0.0834155 0.0151706
-0.0640756 0.151735 -0.033508
-0.0770198 0.170132 -0.03325
-0.0358714 0.105673 -0.0204021
-0.0619388 0.0647772 0.0309092
-0.00850113 0.0633575 0.0560799
0.051506 0.0461707 0.0202521
-0.0497184 0.0723081 -0.0156401
-0.0244818 0.0974513 0.0444604
-0.0464944 0.0733156 0.0418074
-0.0731478 0.0644323 0.00940567
0.0280618 0.0416802 0.0314173
0.0178644 0.101883 -0.0218675
-0.0631435 0.175042 -0.061564
0.0131047 0.129972 0.0173477
-0.0353955 0.0337248 -0.0302701
-0.0528594 0.0344415 0.0327571
-0.0438604 0.102816 -0.0213031
-0.0920931 0.126941 0.031257
-0.0161123 0.0985355 -0.0244159
-0.0823617 0.110377 0.0328225
0.0265464 0.0699406 0.043619
0.060267 0.0581373 0.011162
0.00917376 0.125511 -0.00726227
0.0261865 0.123233 0.0107875
-0.0477004 0.131837 0.0244001
-0.0037108 0.0392109 0.0335024
-0.0623035 0.158393 -0.0375989
0.0266281 0.0902434 0.0456585
-0.00135158 0.0925397 -0.0341169
-0.0748487 0.0664559 0.00653551
-0.0770086 0.090082 0.0382275
-0.0656743 0.138242 0.0419702
-0.0395052 0.119385 0.0302298
-0.0525315 0.149847 0.0192949
-0.00449743 0.110031 0.0429169
-0.0633486 0.0371336 0.0178291
-0.0338487 0.098628 -0.022813
-0.0149561 0.0997734 -0.0237179
-0.0923571 0.121517 0.0426088
-0.0132739 0.162396 -0.014817
-0.0147591 0.033582 -0.024214
-0.0390625 0.110364 -0.0188163
-0.0205082 0.0474421 0.0508554
-0.0718916 0.0995338 0.0398851
-0.0475261 0.0335634 -0.00837623
-0.0544964 0.10974 0.0378742
-0.0336457 0.0562895 -0.0107616
-0.0229828 0.0566251 0.0433992
-0.0517008 0.0626767 0.0322349
-0.0785905 0.0980977 0.0353146
-0.0933085 0.117399 0.0213072
-0.0488761 0.107007 -0.0192731
0.0103353 0.0581557 -0.0299403
-0.00645782 0.0338359 -0.0228235
0.0133536 0.0359529 -0.0210721
-0.00765915 0.0388225 0.0294318
-0.0275054 0.104339 0.0416271
-0.0866809 0.0819772 0.0124969
0.00334505 0.0372684 -0.00154693
0.00251855 0.096887 -0.0286022
-0.0125077 0.0773203 0.0572074
-0.0784019 0.152013 0.0336008
-0.0673534 0.170861 -0.0570311
-0.0483251 0.123967 0.0299918
0.0262865 0.0689766 -0.0234385
0.022246 0.0835763 0.0498509
-0.0501186 0.0375352 0.0462556
0.0315143 0.0525771 -0.0117816
0.0419459 0.0625408 -0.0027477
0.0342152 0.0862629 0.0407864
0.032725 0.116988 0.0160848
0.0134717 0.127798 0.0260714
-0.0625031 0.0602955 0.00246046
-0.0660593 0.179544 -0.0550745
-0.0715396 0.0362187 -0.000138838
-0.0193751 0.0711448 0.0534686
-0.073715 0.17176 -0.0333959
-0.0531741 0.150869 0.0213978
-0.0265686 0.0382637 0.0296453
-0.0692332 0.158118 -0.0519432
0.00724365 0.07823 -0.0340312
-0.0733817 0.154066 -0.0309045
-0.0751139 0.0954949 0.0389973
-0.0334971 0.0831472 0.0419572
-0.0581165 0.0576994 0.00562055
-0.00338001 0.130095 0.0228247
-0.0500642 0.142991 0.00242772
-0.0223961 0.161302 -0.0143028
-0.0364949 0.0747255 0.0419725
0.00817319 0.0832888 0.0558122
-0.0853384 0.107683 0.0213404
-0.082746 0.0802849 -0.00049163
0.0479919 0.0426572 0.0134999
0.020477 0.0989516 0.0463466
-0.0409763 0.128303 0.0136557
-0.0887986 0.114294 0.0264066
-0.0504087 0.0385253 -0.0116443
-0.0265191 0.0388768 0.0380618
-0.0862277 0.0832671 0.00749085
-0.0585016 0.0973698 0.0431908
-0.0143913 0.0384112 0.00490303
-0.0837476 0.0952109 -0.00455405
0.017105 0.0913787 0.0494605
0.0102706 0.0681153 -0.0309054
-0.0788715 0.122217 -0.0060966
-0.0852903 0.152844 0.0238067
-0.0575464 0.0576229 0.00774375
-0.00358669 0.0376696 -0.025221
-0.0800885 0.0739226 0.0209531
-0.0635243 0.0334646 -0.00419693
-0.0845391 0.102087 -0.000621587
0.0283128 0.0754542 0.0444772
-0.0194977 0.104404 0.0429832
-0.0165465 0.061194 0.0523676
-0.0587477 0.0767588 -0.0188591
-0.028039 0.0849631 0.0475609
-0.0892823 0.141954 0.0132429
-0.0594261 0.151258 -0.000475846
-0.00160584 0.0434015 -0.0251635
0.0239206 0.0352552 0.0228022
0.00650478 0.0989998 0.0481043
0.00621048 0.0851628 -0.0331463
-0.0156627 0.184575 -0.0209705
0.0191388 0.0356129 -0.00667825
0.0104481 0.102845 -0.020901
0.00679595 0.0352467 -0.0139815
-0.0865509 0.152927 0.0144746
-0.0766685 0.144473 -0.00485242
-0.0309502 0.0376665 0.0292806
-0.0862104 0.107661 0.0103578
-0.0247099 0.0381195 0.00851258
-0.0137359 0.061178 0.0537969
-0.0777504 0.112676 -0.00382147
0.0457525 0.0862068 0.0131643
0.0467715 0.0482711 0.0287479
-0.0642751 0.044386 -0.00129652
-0.0914381 0.133727 0.0162105
-0.0728936 0.109289 -0.00959602
-0.0668209 0.036036 0.0339126
-0.0493916 0.144765 0.00938332
0.021964 0.0402022 -0.00870612
0.0260285 0.0450625 -0.0106845
-0.0764283 0.117143 0.0518912
-0.0594754 0.144099 -0.00268098
0.0149724 0.0740286 0.0533099
0.0198592 0.123572 0.0284223
-0.0627783 0.0343233 0.0272634
0.0381439 0.103967 -0.00387277
-0.0762074 0.0906406 -0.013533
-0.0893681 0.0902559 0.0194368
0.0246632 0.123785 0.00595837
-0.0196629 0.125034 -0.00230889
0.0196457 0.116633 0.0356159
-0.036529 0.0344176 0.0112583
-0.0615062 0.158429 -0.0265894
0.0183835 0.0490953 -0.0235496
-0.00241231 0.037367 0.0100902
-0.0380666 0.0385186 -0.00730796
-0.0455587 0.0461599 -0.0105245
-0.0465703 0.0490167 -0.00974944
-0.0662913 0.165749 -0.0234747
0.00494458 0.0356784 0.0456125
-0.0610591 0.155387 0.024814
0.02686 0.0646091 0.0440244
-0.0648164 0.0412793 0.0318749
-0.0441291 0.159145 -0.00944971
-0.0708338 0.143978 -0.0149516
0.0104303 0.128801 -0.000781749
-0.0697746 0.169428 -0.052035
-0.0875275 0.141918 0.0101858
-0.041491 0.0832013 0.0425516
-0.0485652 0.0335345 -0.00306359
-0.00148178 0.0718081 0.0578063
-0.0510158 0.118895 -0.0136999
0.0251418 0.056415 0.0432482
-0.0344904 0.0661905 0.0406967
-0.0199993 0.185902 -0.0200623
-0.0831854 0.11075 0.0323354
-0.0180254 0.171268 -0.0157212
-0.00150011 0.103045 0.0440564
-0.0293383 0.123554 -0.00265044
0.0117341 0.0390743 0.0447312
-0.089402 0.0996815 0.0144017
-0.063492 0.0819119 0.043822
-0.072499 0.117558 0.0529308
-0.0157548 0.0714554 -0.0386719
-0.0501963 0.061364 0.033592
-0.0234219 0.0537493 0.0424994
-0.0683862 0.0434928 0.00469407
0.00913686 0.107291 -0.0199257
0.000838494 0.130009 0.0243594
-0.0284453 0.0903864 0.0448476
-0.055443 0.13396 0.033868
-0.0248167 0.0949702 -0.0267501
-0.0338704 0.102893 -0.0218261
-0.0533273 0.132699 -0.00427378
-0.0680155 0.149781 -0.0384715
0.0246484 0.0713321 0.0461382
-0.0368834 0.125578 -0.00482073
-0.0707247 0.156767 -0.045914
0.0381693 0.109765 0.0141664
-0.00477608 0.0784365 -0.0374195
-0.0360191 0.153642 0.00214438
-0.0275554 0.0689002 0.0398598
-0.0634342 0.039353 0.0417984
-0.0743566 0.148587 -0.0198592
-0.0883907 0.115479 0.0451949
-0.0748166 0.0921259 -0.0144369
0.0608914 0.0637395 0.0141606
-0.0328471 0.033696 0.0126517
0.0593532 0.0636103 0.0211835
0.0147945 0.0909396 -0.0283095
0.0149745 0.129329 0.00806984
-0.071556 0.161392 -0.00951947
0.00149398 0.0394449 0.0343588
-0.0466235 0.0548092 -0.0105711
0.00929414 0.0653548 -0.0316941
-0.0742409 0.113562 0.0499634
-0.0894686 0.136415 0.011209
-0.0648162 0.092445 -0.0185198
-0.0647452 0.0766241 -0.0174472
-0.0580456 0.0494852 0.00468232
-0.00481466 0.0868424 -0.0368113
-0.0205217 0.0448565 0.0528623
-0.0352566 0.0382472 -0.0299775
0.0192888 0.0651078 -0.0282476
-0.0679654 0.134068 -0.0084026
0.0136708 0.0820393 0.0532361
-0.0809901 0.135346 -0.00326263
0.0453684 0.0889907 0.0151607
-0.00317446 0.0951663 -0.0328247
-0.0535658 0.132546 0.0330634
-0.0519598 0.0335208 -0.000101812
-0.0817922 0.143171 0.000171875
-0.0129037 0.181603 -0.0240442
-0.0846068 0.0791109 0.00453817
-0.0115711 0.100192 -0.0241483
0.0251821 0.0357118 0.0226481
-0.0853889 0.108959 0.00634578
-0.0444939 0.107088 0.0401229
-0.0114113 0.0387598 0.0305221
0.0309714 0.035145 0.0133989
-0.0187732 0.0742782 -0.038946
0.0404448 0.0985503 0.0271661
-0.0484982 0.0890084 0.0450201
0.0442188 0.0833029 0.0251703
-0.0899879 0.140645 0.0281829
-0.0478768 0.15504 0.00962757
0.0364601 0.111481 0.0203251
-0.0706469 0.0749114 -0.0128891
0.0125027 0.109886 0.0398286
-0.0746688 0.0730125 -0.00771761
-0.0234134 0.181486 -0.0190275
-0.0484946 0.156406 0.00957752
-0.0645869 0.117148 0.0471018
-0.0568079 0.0869026 -0.0213473
0.0317796 0.0647744 0.0406274
-0.0183748 0.0353493 0.0515278
-0.00566591 0.0540919 -0.0326394
-0.0528659 0.0999263 -0.0216782
-0.0615955 0.15529 0.0260796
0.00134506 0.0511101 -0.0304682
-0.0555013 0.0623754 0.0293782
-0.0632016 0.165278 -0.0601981
0.00484292 0.129473 0.025811
-0.0603252 0.0707596 0.0383929
-0.0435133 0.0846552 0.0431729
0.0447845 0.0903596 0.0201575
0.0387801 0.058953 0.031306
-0.0710857 0.168903 -0.0252489
-0.0309909 0.0384268 -0.00579914
-0.0768739 0.0698402 0.0216311
-0.0745085 0.118967 0.0529255
-0.0642021 0.071089 0.0372614
-0.030476 0.0664272 -0.0264734
-0.0387216 0.0710357 -0.0169218
0.0593202 0.0701868 0.012517
-0.0505103 0.0452467 0.0429196
-0.0898405 0.133789 0.0312158
-0.0621336 0.16002 -0.0235787
-0.0767379 0.10491 0.0348158
-0.0472353 0.12392 0.0280317
-0.0283564 0.125587 0.00796681
-0.0534903 0.102908 0.0413848
-0.0638477 0.164736 -0.0283363
0.024797 0.0615121 -0.0241542
-0.0889438 0.137894 0.0261932
-0.0121824 0.178673 -0.0292354
-0.0186888 0.0352267 -0.0190015
-0.0650223 0.156803 -0.0519494
0.000511374 0.0503823 0.0524384
-0.0500679 0.0501277 0.0166633
-0.00544058 0.119032 -0.0141551
0.0384545 0.081427 -0.0137424
0.0154861 0.0927165 0.0506449
-0.00832726 0.0349131 -0.024554
-0.0266047 0.0397022 -0.0293069
-0.0576194 0.143675 -0.00218012
0.0223706 0.0505198 -0.0231651
0.0297466 0.036015 0.0196643
-0.0644028 0.146849 -0.019975
-0.0702648 0.156758 -0.047919
-0.090578 0.13228 0.00723516
-0.0883155 0.139178 0.0394996
-0.0153967 0.0384283 -0.000805549
-0.0867595 0.107707 0.0143554
-0.0692347 0.176505 -0.0570351
-0.0477253 0.135673 0.0140062
-0.0394783 0.0832832 0.0435432
-0.0849288 0.12649 -0.00334252
0.042292 0.0669509 0.0276386
-0.0346312 0.0752701 -0.0214845
0.0152869 0.0794603 0.0538116
-0.0294982 0.0674485 0.03887
-0.0109132 0.103533 -0.0236899
-0.0400348 0.0344619 0.0337052
-0.051889 0.108419 -0.0189045
-0.0910584 0.133686 0.0122173
0.0203114 0.0607424 -0.0267183
0.0509184 0.0496314 0.0259504
0.0184724 0.0934238 0.0476306
-0.0574718 0.156359 0.0101234
-0.050851 0.138527 0.021367
0.0138472 0.123867 0.0319554
-0.0701499 0.0695315 0.0320822
-0.0628795 0.15219 -0.00958093
-0.0346988 0.120729 -0.0096591
0.0442558 0.0917077 -0.00080891
-0.000994561 0.129288 -0.0011666
0.0103202 0.0609665 -0.0299301
0.022966 0.0347513 0.0194226
-0.0601666 0.138122 0.0340792
-0.0592389 0.0452743 -0.00430196
-0.0144943 0.0500942 0.0487331
0.0582061 0.0634965 0.00313887
0.0445553 0.0846952 0.000180444
-0.00141447 0.0391026 0.0304627
-0.0137593 0.0388335 -0.0101314
0.0277791 0.0822205 0.0455159
0.0063888 0.115364 -0.0182909
-0.0561187 0.04231 0.0196965
0.0531449 0.0608429 -0.00288049
-0.0479877 0.121051 0.028756
0.00783805 0.034796 0.0434029
-0.0288938 0.0821008 0.0456772
-0.0299396 0.0649723 -0.0274594
0.0196407 0.0940896 -0.0236062
-0.00946746 0.0362215 -0.025425
0.021248 0.0707121 -0.0275992
-0.0261802 0.161053 -0.0142499
0.044965 0.0903773 0.0181662
0.0370616 0.0382621 0.0191175
0.0384483 0.10837 0.0201721
-0.0178225 0.0869056 -0.0385387
-0.0794952 0.0854073 -0.00956797
0.0136156 0.126814 -0.00267762
-0.0244489 0.052187 0.0413714
-0.0648009 0.0867059 -0.0190299
0.0366972 0.106807 -0.00382741
-0.063925 0.0448804 0.0097039
0.043549 0.0987325 0.00516762
0.0276939 0.085014 -0.0220629
-0.0802179 0.141741 -0.00280512
-0.0512476 0.149342 0.0143776
0.00976243 0.126251 0.030462
-0.0602464 0.144668 -0.00329576
0.0282353 0.0775351 -0.0225519
-0.07299 0.158232 -0.0339184
-0.0256026 0.0837946 0.0522209
-0.0618946 0.0333508 -0.00558837
-0.0780099 0.114072 0.0486721
-0.0792807 0.167978 -0.037009
-0.00425208 0.0941246 -0.0337645
-0.0812551 0.10738 0.02923
0.0214342 0.0934308 -0.0229317
-0.0818638 0.147313 0.00119815
-0.0710378 0.113905 0.0504272
-0.0290961 0.0410008 0.0527549
0.0288964 0.120556 0.0189249
-0.0560454 0.148678 -0.00182226
-0.0789279 0.0699144 0.0158521
-0.0627245 0.073729 -0.0165415
-0.0927674 0.130992 0.0172311
-0.049492 0.0917757 0.044207
-0.0130415 0.0639857 0.0543784
-0.0579856 0.116646 -0.0132522
0.0217467 0.124535 0.0248197
-0.0234602 0.17569 -0.0129988
0.0273313 0.094554 -0.020088
-0.0100186 0.0981603 -0.0280043
-0.0534959 0.108443 0.038977
-0.062469 0.033932 0.0153305
-0.0434795 0.10013 0.0422114
-0.0616183 0.16622 -0.0565931
-0.0668197 0.100942 -0.0159632
-0.0037337 0.131051 0.015481
0.00513733 0.104474 -0.0214038
-0.091229 0.14471 0.0161551
-0.0492034 0.0336154 -0.00143623
0.0202805 0.12337 -0.00295598
0.037389 0.0476423 -0.00613109
-0.0768893 0.176966 -0.046083
0.0463618 0.0504062 -0.00492067
-0.0799294 0.154987 0.0226092
-0.00790814 0.0384861 0.0079669
-0.0346044 0.0381371 0.0484275
-0.0353577 0.174409 -0.00212011
-0.0373738 0.0365422 0.044687
-0.0850315 0.151395 0.00719993
-0.047561 0.0361661 -0.0123414
-0.0336612 0.0423072 0.0487868
-0.0676833 0.155656 0.026832
0.00476485 0.0378127 -0.0129945
0.0128613 0.0347903 0.0336338
0.0339261 0.0564017 0.0366181
-0.0483005 0.12541 0.0300666
-0.0384918 0.0874952 0.0437107
-0.0785348 0.0771858 -0.00655705
-0.0868795 0.0927253 0.00342064
-0.0765497 0.0728479 -0.00560245
-0.0724981 0.121807 0.0536688
-0.0331437 0.169673 -0.0156322
-0.0158316 0.18484 -0.0207268
0.0159163 0.0366121 0.0434543
0.0216927 0.103078 -0.0191449
-0.032492 0.0746402 0.0409516
-0.0145821 0.0365575 -0.0175497
-0.0531001 0.154605 -0.00338641
-0.0318792 0.156356 -0.0104816
0.0205013 0.108449 0.0395681
0.0182463 0.0722224 -0.0290012
-0.0932761 0.122751 0.0112823
-0.0797525 0.15498 0.0124103
-0.0778671 0.177131 -0.0494084
-0.0647841 0.0448471 0.00913709
-0.0852211 0.103481 0.00138673
-0.0438782 0.0343145 0.0294954
-0.0514921 0.0804912 0.0440592
-0.0792107 0.0760132 0.0281283
0.00517895 0.130408 0.0230466
0.0284295 0.0955564 0.0430179
-0.0665906 0.0686018 0.0336345
-0.0725884 0.155473 0.0265843
-0.0455152 0.0505363 0.0385492
-0.0567974 0.0854612 -0.0213212
0.0192374 0.0749637 -0.0278698
-0.0196118 0.040807 -0.0284935
-0.0890856 0.122978 0.0464209
0.0572117 0.0509068 0.011186
0.0495191 0.0624602 0.0299628
0.0400974 0.0943736 -0.00783899
0.0387467 0.0828368 -0.0137708
-0.0109134 0.038586 0.0018115
-0.0562656 0.0335637 0.0133743
-0.0509182 0.146274 0.0133981
-0.0531086 0.126902 0.0355005
-0.0342456 0.0708723 -0.0195447
-0.021174 0.184521 -0.0131308
-0.0337468 0.127104 0.0118588
-0.0448888 0.108464 -0.0189265
-0.0197639 0.0714243 -0.0385337
0.0142259 0.080787 -0.0303234
-0.0878008 0.119885 0.00028492
-0.0474662 0.0960033 0.0439936
0.0288386 0.111536 -0.010211
0.0102584 0.0738736 -0.0323425
-0.0778425 0.108614 0.0370385
-0.0567286 0.155485 0.0133042
-0.0744956 0.13026 0.0524093
-0.0670539 0.154574 0.0299913
0.0381226 0.0574698 -0.00591549
-0.0357386 0.176065 -0.00515676
0.0415013 0.104244 0.010161
-0.0322502 0.0367926 -0.0305484
-0.0477542 0.0782681 -0.0190718
-0.046469 0.119345 0.0289808
-0.0639536 0.144435 -0.0123561
-0.0777857 0.156925 -0.0179137
-0.000258207 0.0388058 4.93079e-05
0.0259941 0.0889184 0.046498
-0.0674877 0.041922 -0.00126982
-0.07603 0.0941366 0.0385416
0.00328959 0.131137 0.0194851
0.0343607 0.0505331 -0.00657713
-0.00333701 0.121977 -0.0113118
-0.0186027 0.111108 -0.0196906
-0.0442602 0.153622 0.00782588
0.0125747 0.0445985 0.0442752
-0.0528311 0.0941603 -0.0218064
-0.0217907 0.0957944 0.0466571
0.00742535 0.0346722 0.0416328
-0.0184804 0.0543192 0.0487134
-0.00562089 0.115673 -0.0165634
-0.0440942 0.156163 -0.00853601
0.0308793 0.0356029 0.0166157
-0.0255204 0.115294 0.0339151
-0.0452267 0.150119 -0.00491516
-0.0267799 0.0893467 -0.0340353
-0.0459591 0.0424584 -0.0122548
-0.0276164 0.0422898 -0.0293674
-0.0633822 0.164679 -0.0305938
0.0166934 0.111749 -0.0164123
0.00439164 0.0448792 -0.025855
-0.0655442 0.155124 -0.0481259
0.00149552 0.116934 0.0397718
0.021311 0.123415 0.0275211
0.0163249 0.0580554 -0.0285
-0.0533723 0.122605 0.0368904
-0.0404957 0.119327 0.0301663
-0.0685971 0.162283 -0.0128033
0.000884291 0.038993 0.0274224
-0.0344784 0.0932112 0.0445123
0.0233417 0.0549864 0.0441504
0.0109831 0.0341684 -0.0140433
-0.0832173 0.13898 0.000315163
-0.037505 0.0874848 0.0436782
-0.0257516 0.0380733 0.00834253
0.0207674 0.103342 -0.0194283
-0.0715599 0.0733863 -0.0105456
0.0156656 0.0713152 0.0525386
0.020822 0.043607 0.0421342
-0.00549358 0.0898053 0.0568842
-0.0640258 0.15968 -0.0562568
0.00205109 0.0347195 0.0440743
-0.0195815 0.0341867 -0.0200865
-0.0630458 0.0345815 0.0177326
-0.0888771 0.100994 0.011394
-0.0744527 0.154114 -0.0209063
-0.0601798 0.155861 0.0135147
0.0343502 0.114842 0.0181324
0.0201484 0.0899648 -0.02526
-0.0861456 0.140625 0.0415389
-0.0768434 0.109781 0.0434593
-0.0152331 0.178626 -0.0269991
-0.0372246 0.0368821 -0.0130308
0.0259521 0.11908 -0.00433188
-0.0394907 0.0422995 0.0416287
0.0131837 0.129339 0.0031365
0.017085 0.0604224 0.0492086
-0.0315082 0.0817114 0.0416031
-0.084275 0.0897993 -0.00457099
0.00226876 0.0682822 -0.0333186
-0.00680856 0.127356 -0.00506622
0.0514504 0.0735674 0.0125302
-0.0609674 0.125285 -0.00834926
-0.0610521 0.0460525 0.00962048
-0.0114897 0.0951792 0.0542781
0.00502464 0.126695 -0.00649713
0.0159009 0.113257 -0.0160529
-0.0517327 0.164109 0.00103678
-0.050774 0.143198 0.0153986
-0.0587854 0.0839965 -0.0207846
0.0431642 0.0987038 0.0171581
-0.0127163 0.038878 -0.00996632
-0.00127486 0.120883 -0.0121504
-0.0554108 0.0344947 0.0391385
-0.0417523 0.0392031 -0.0263092
-0.0499299 0.0335056 -0.0106454
-0.0606463 0.0434636 0.0431332
-0.0105025 0.0773598 0.0576687
-0.033458 0.0353739 -0.0310204
-0.0580383 0.122682 0.0406302
0.0293195 0.0995163 0.0407971
-0.0642323 0.124186 0.0475964
-0.0866911 0.107697 0.0133542
-0.0495176 0.0451863 0.0426306
-0.0425006 0.0888114 0.0424593
-0.0243904 0.183518 -0.0110527
-0.0504982 0.112495 0.0358796
-0.0658939 0.119442 -0.00885604
-0.0348607 0.100046 -0.0224582
-0.0658521 0.0361993 0.0388506
0.0268137 0.118694 -0.00391821
-0.0564976 0.0959787 0.0438593
-0.0446309 0.0563208 -0.0114385
0.0361533 0.112569 0.0130564
-0.0804662 0.0800422 -0.00555374
0.00838174 0.0449018 -0.0251393
0.000268234 0.0669357 -0.034172
-0.0784743 0.140032 0.0478552
-0.0219613 0.124807 -0.00195706
-0.091525 0.133725 0.0172151
-0.0577063 0.155408 0.0158579
-0.00443456 0.111901 -0.0205597
-0.0619803 0.153737 -0.02558
0.0526044 0.0736805 0.0129696
0.00821862 0.116409 0.0384227
0.0184567 0.127794 0.00934393
-0.0527821 0.0840792 -0.0215781
-0.0269084 0.160002 -0.0134029
-0.0327176 0.125444 0.0196276
-0.0576833 0.0660478 -0.00944709
-0.0159391 0.0999021 -0.023843
-0.0211482 0.169745 -0.0200914
-0.0331272 0.0335545 -0.0277881
-0.0286491 0.125506 0.0152069
-0.0595062 0.0386574 -0.00901889
0.0164129 0.0417834 -0.0225068
-0.077566 0.155252 0.0102497
-0.0208041 0.127131 0.0063587
-0.0577821 0.0826022 -0.0210434
-0.0370524 0.128064 0.00917633
-0.0374978 0.0833038 0.0438252
-0.0724089 0.155986 0.0106072
-0.0776201 0.171284 -0.03689
-0.0771576 0.158311 -0.0229061
0.0395731 0.0448559 0.0300931
0.0359154 0.0915824 -0.0149202
0.0345802 0.103262 -0.0113359
0.0144965 0.116791 0.0366152
0.0402871 0.104196 0.0211608
-0.0164738 0.10119 0.0439603
0.0331444 0.0584441 -0.0147212
-0.0816857 0.104685 0.0297488
-0.0455006 0.117978 0.0306048
0.0194047 0.0727279 0.0509389
-0.000499113 0.11695 0.0400287
0.0551015 0.0521065 0.00221795
-0.024511 0.0782394 0.0527049
-0.00782261 0.0985178 0.051315
0.0363972 0.0461521 -0.00588406
0.0117235 0.127254 -0.00315056
0.0202147 0.0847891 -0.0269071
-0.0555353 0.0388223 -0.0103544
-0.0567215 0.04662 0.0276747
0.0581028 0.0523658 0.0121806
-0.056974 0.0573893 0.011763
-0.0404347 0.128451 0.0123721
-0.0747288 0.102175 0.0369848
-0.0431023 0.149502 -0.00451393
-0.0295071 0.0635474 -0.0264265
-0.0144964 0.104421 0.0432413
-0.0829702 0.111001 0.0428895
-0.0147733 0.078434 -0.0385776
-0.0646654 0.132541 0.0415985
-0.0458268 0.125298 0.0247658
-0.0347632 0.076687 -0.0214942
-0.0751825 0.149958 -0.0238676
-0.06937 0.145758 -0.0234859
-0.0364793 0.0945677 0.0439429
-0.0498267 0.109983 -0.0185775
0.00650421 0.0883449 0.0558788
-0.0124032 0.0388598 -0.00801871
0.035265 0.0591791 0.0368077
-0.0224928 0.0988548 0.044702
0.00347876 0.039945 0.0459765
-0.0761105 0.167387 -0.0256061
-0.0356689 0.117866 -0.0126779
-0.0372934 0.126961 0.0179492
0.0292682 0.0673021 0.0422638
-0.0506054 0.0575708 -0.00965819
-0.0435047 0.116629 0.0323741
-0.000582144 0.0347482 -0.0236897
-0.064492 0.104249 0.0405622
-0.0180623 0.177182 -0.017491
0.0147035 0.0490065 0.0456198
-0.062999 0.13114 -0.0082084
-0.0444796 0.0338614 0.0280014
-0.0168964 0.123328 -0.00656517
-0.0124858 0.0911558 0.0565265
-0.0877346 0.144562 0.0345528
-0.0694333 0.0348816 0.0112742
-0.00457845 0.0388805 0.0300129
-0.0621407 0.163665 -0.0567978
0.0482025 0.0703533 0.0231278
-0.076964 0.129602 -0.00711544
0.0433932 0.0691823 -0.000799598
0.0229929 0.0371968 0.0317242
-0.0604976 0.0761414 0.0420756
-0.080526 0.109264 0.0359357
-0.0756983 0.148597 -0.0138657
-0.0334278 0.124984 0.0208436
-0.0314085 0.177247 -0.00418119
-0.0748055 0.0863518 -0.0148055
-0.00110521 0.131378 0.0121444
0.00401707 0.125848 -0.00755459
-0.0636469 0.11387 0.0394431
-0.0453102 0.150665 0.00801555
-0.0482072 0.0335431 -0.012174
-0.00950254 0.0801627 0.0580817
0.0120628 0.0346214 0.0245844
-0.0291848 0.0649007 -0.0284708
-0.0194927 0.0814879 0.0571676
0.0410386 0.099944 -0.00278716
-0.0578202 0.140285 -0.0045343
-0.0264983 0.10435 0.041876
0.00348633 0.110018 0.042298
-0.0599935 0.0586398 0.0172334
-0.0426785 0.060742 -0.0126195
0.038172 0.0967289 0.0325586
-0.0533672 0.143136 0.0253913
-0.0590379 0.13549 -0.00623086
0.0145856 0.0341976 0.00165401
-0.0177178 0.125534 0.0250034
-0.0877344 0.132461 0.0447656
-0.0787564 0.154933 0.00983696
-0.0737831 0.0864021 -0.0154104
-0.0594976 0.0904384 0.0451853
-0.0094889 0.119647 0.0372435
0.0281659 0.121502 0.0158045
-0.0721022 0.165224 -0.0439746
0.0184875 0.0976002 0.0470854
-0.0859248 0.0832079 0.00547822
-0.0324183 0.116998 -0.0137964
0.00617007 0.126444 0.0306412
-0.0288355 0.125617 0.00924976
-0.0521339 0.128852 -0.00413976
-0.0168246 0.0855538 -0.0389836
-0.00551998 0.0732424 0.0584734
-0.0498753 0.106996 -0.0192538
0.00400584 0.0386131 0.0458842
-0.028759 0.0386585 -0.0166912
-0.0578658 0.154169 0.0274197
-0.0728512 0.152626 -0.0378881
0.0463488 0.0792498 0.00918224
0.016382 0.0888799 -0.0281622
-0.0621215 0.15372 -0.0285871
0.0530102 0.0462982 0.0132036
-0.0598028 0.0853759 -0.0202992
0.0359226 0.0926166 -0.0140085
-0.0434949 0.0817618 0.042266
-0.0586682 0.128313 0.0397417
-0.0113055 0.0991708 0.0485876
-0.0603093 0.0652594 0.0325934
-0.0721646 0.155417 -0.0379087
-0.0345036 0.0690703 0.0414109
-0.0716838 0.0351362 0.00880221
0.0205957 0.0394417 0.0417168
-0.0689054 0.113678 -0.00975253
-0.0234882 0.104381 0.0428298
-0.0698715 0.116492 -0.00825865
-0.0161934 0.116736 -0.0156361
-0.0744952 0.144184 0.0450216
0.0308218 0.101142 -0.0151148
0.0249209 0.0782259 0.0483953
-0.0365847 0.122192 -0.00920846
-0.0699133 0.123828 -0.00875488
-0.0276205 0.0874255 -0.0346253
-0.0752763 0.0667216 0.0105318
-0.0310543 0.0337173 -0.0219116
-0.0657273 0.0751276 -0.0164058
-0.00149973 0.0965741 0.0536819
-0.0534778 0.0544994 -0.00645482
-0.0164929 0.11134 0.0406952
-0.0599651 0.0469723 0.0336736
-0.0735938 0.149845 -0.0348818
-0.036169 0.0335901 -0.0284162
-0.00587725 0.105934 -0.0226578
0.0409735 0.0405135 0.0215425
-0.0649431 0.145366 0.0395451
-0.0573422 0.0335757 0.00237022
-0.0568732 0.108333 -0.017952
-0.0424989 0.102887 0.0413486
-0.0628045 0.144114 -0.00718004
-0.0661715 0.0383371 0.0290301
0.0221704 0.109999 -0.014573
-0.0697905 0.0865423 -0.0170841
-0.067462 0.157723 -0.00658264
-0.069363 0.163799 -0.0509746
-0.0263102 0.123352 0.021955
-0.0821717 0.11152 0.00033013
-0.0124987 0.115524 0.0391996
-0.0451757 0.14769 0.00639824
-0.0384976 0.100064 0.0415702
-0.0501651 0.0361307 0.0461721
0.0111302 0.107269 -0.019511
0.0203307 0.08353 0.050588
-0.0892169 0.151457 0.0141575
-0.0104988 0.09255 0.056119
-0.0783316 0.0788746 0.032897
0.0333357 0.116389 0.013468
0.00251501 0.0814623 0.0569927
-0.070517 0.146976 0.0420031
0.0318792 0.0686784 0.0407831
0.0101664 0.120462 0.0359466
-0.0781422 0.141688 -0.0047364
-0.0635173 0.159862 -0.0515858
0.0435542 0.0709351 0.0259153
-0.049226 0.14015 0.0123965
0.0197906 0.106497 -0.0168156
-0.0827936 0.110133 0.0365
-0.0913446 0.12833 0.0392393
-0.00150748 0.059016 0.0544507
-0.0298407 0.0705727 -0.0304857
-0.0686509 0.155409 0.00612964
0.00251634 0.0459065 0.0480561
0.00639772 0.0911374 -0.0325899
-0.0622568 0.148888 -0.00391238
-0.00271026 0.0669475 -0.0345168
-0.0273763 0.112504 -0.0170987
0.00450223 0.0730917 0.0563795
-0.0842229 0.144678 0.0395137
0.0406726 0.0731516 -0.00877611
0.00937487 0.0377648 0.0302588
-0.0623968 0.162983 -0.056654
-0.059554 0.155543 0.0209921
-0.06047 0.0776106 0.0424994
-0.0889791 0.0915153 0.00944503
-0.0337803 0.122942 0.0251825
-0.0567459 0.15948 0.00480369
0.00809889 0.111578 -0.0196036
0.022807 0.125614 0.0138049
-0.0423644 0.120691 0.0280931
-0.0528261 0.149337 0.0214103
-0.0912059 0.14882 0.0151457
-0.0848366 0.0898781 -0.00356125
-0.0166725 0.0495705 -0.0306349
-0.0245975 0.0365494 -0.0290831
-0.0680607 0.153823 -0.0498908
-0.0806378 0.0734203 0.0185511
-0.0423266 0.169779 -0.00887745
-0.0508742 0.137048 0.0234112
-0.0365486 0.12125 -0.0102225
-0.0321732 0.0461161 0.0457813
-0.0634922 0.0626336 0.0253957
-0.0761849 0.0933719 -0.0135017
-0.0294668 0.176906 -0.0160057
-0.0551543 0.0561755 0.00960447
-0.0568876 0.0998079 -0.0197942
0.0103131 0.0935662 -0.0290602
-0.0417786 0.156522 0.00614116
-0.0823568 0.0802033 -0.00152209
0.0441279 0.0748554 -0.00179683
0.0603302 0.0678632 0.0121432
-0.0195055 0.108574 0.0413935
-0.053287 0.0610602 0.0282137
0.0291103 0.0713139 0.0420683
-0.0156178 0.12076 -0.00985742
-0.0179257 0.0971306 -0.0269629
0.0353716 0.0741014 0.0388421
-0.0889223 0.0888194 0.00846703
-0.0284556 0.0472262 0.0488083
-0.0635872 0.0445618 0.0346899
-0.00551112 0.0390255 -0.00865823
-0.0440788 0.0336672 -0.00594116
-0.044324 0.0573856 0.0392571
-0.0642565 0.0418897 0.0384072
-0.0669961 0.165196 -0.05701
-0.0940215 0.120122 0.0233001
0.026785 0.0955535 0.0441601
-0.0729148 0.0713134 0.0317175
-0.0702674 0.128451 0.0511564
-0.00849993 0.0787667 0.0579153
0.00949693 0.121023 0.0358683
-0.0516893 0.0678068 -0.0129959
0.00623348 0.0768314 -0.0342539
0.0382413 0.108427 0.0210592
-0.0918785 0.141976 0.0181723
-0.0282035 0.125211 0.0168448
-0.0752567 0.160324 -0.0108988
0.0379293 0.0417908 0.0270611
-0.0205171 0.0383642 -0.00178242
0.00950876 0.0882899 0.055046
0.0429565 0.0986678 0.00218951
-0.0665305 0.155586 -0.0523326
0.0451306 0.0647669 -0.000900002
0.0188897 0.120837 -0.00821554
-0.0658232 0.100991 -0.0166158
-0.0734442 0.163812 -0.0389777
-0.00534725 0.0379464 -0.0151277
-0.0564752 0.0624455 0.0290854
-0.0136152 0.0982979 -0.0261721
0.0151488 0.10026 -0.0226403
-0.0923833 0.130942 0.0122392
-0.0726957 0.175719 -0.0430358
0.033587 0.0739599 -0.0167921
-0.0774288 0.0712256 0.0238415
-0.0515546 0.0445278 -0.00899667
-0.0808373 0.0858965 0.0337281
-0.0612039 0.0347997 0.0427656
-0.0480338 0.0685335 0.039429
-0.0129236 0.118879 -0.0139348
-0.021742 0.0389771 0.0371835
0.000980617 0.120181 -0.0134191
-0.0905935 0.133662 0.00922276
-0.0287301 0.172704 -0.00834509
0.0135799 0.0887495 0.0531421
0.00621357 0.0880484 -0.0332214
-0.0512629 0.0388692 0.0464256
-0.049095 0.140149 0.0113941
-0.0455024 0.0438631 0.0430524
-0.0543959 0.12661 -0.00573734
-0.0802058 0.0759672 -0.0035211
-0.0278288 0.122593 -0.00568164
0.00942317 0.0752723 0.0558271
-0.0175443 0.0460366 0.0510389
0.00836584 0.0509624 -0.0290525
-0.071061 0.15959 -0.0439233
-0.0884532 0.112251 0.0353052
-0.0847679 0.10454 0.0257763
-0.00449341 0.104477 0.0440393
-0.0680426 0.110046 0.0381289
0.0257679 0.0349257 0.0180133
0.00202549 0.0390793 -0.0109499
-0.0134985 0.11551 0.0389419
-0.0914301 0.133749 0.0202171
-0.0315104 0.105689 0.0403731
-0.042033 0.113762 -0.0163433
0.0259255 0.123359 0.0149571
-0.0370531 0.166795 0.000693639
0.00470729 0.128083 -0.0039713
0.0516271 0.0736236 0.0155669
-0.0619683 0.12268 0.0437909
-0.0257193 0.0617764 -0.0314442
-0.00749418 0.0533074 0.0526841
-0.0527617 0.0461943 0.0216742
-0.0655003 0.083298 0.0438708
-0.0477812 0.0840973 -0.0215817
-0.0831283 0.107448 0.000408412
0.0433938 0.0426486 0.00136855
-0.0485691 0.0460686 -0.00963735
-0.0631227 0.0445391 0.0377156
-0.0856126 0.0792275 0.0145081
0.0391529 0.107674 0.00402907
-0.0569551 0.11454 -0.0150747
-0.0194066 0.174211 -0.0159442
-0.0745798 0.155493 -0.021916
-0.0254758 0.0447668 0.0519525
-0.0637266 0.174609 -0.0527846
-0.0444864 0.070528 0.0418968
0.0587274 0.0538199 0.013179
-0.0698349 0.155896 0.010068
0.0399676 0.101315 -0.00381805
-0.0878291 0.0895228 0.0236162
-0.0895091 0.147137 0.0278175
0.0319522 0.103353 -0.0134365
0.0352496 0.0656442 -0.0147977
-0.0364414 0.0346808 0.041293
-0.0834808 0.0763288 0.0055122
-0.0717492 0.0821807 -0.0161321
0.060777 0.0637293 0.0161648
-0.0783599 0.0708413 0.0204513
-0.0345021 0.0647803 0.0405279
-0.046283 0.129949 0.00285861
0.00649864 0.0924086 0.053834
0.0425062 0.0610428 0.0297234
0.0234224 0.0519071 -0.0231048
0.0360105 0.106014 0.0293761
0.0164934 0.100411 0.0468922
0.00621551 0.0824281 -0.0337654
0.0513136 0.0574694 -0.00408483
-0.0334767 0.152548 -0.00159465
-0.0658968 0.109505 -0.0131657
-0.0646993 0.150616 -0.0327557
-0.0719895 0.163815 -0.0429694
0.0175304 0.120577 0.0333463
-0.0660053 0.138467 -0.00776776
-0.0528816 0.143158 0.0234068
0.0164839 0.0699861 0.0519409
-0.0351573 0.0361738 0.0471926
-0.0875501 0.120326 0.0478169
0.030839 0.0995119 0.0394948
0.0429421 0.0467386 0.030224
-0.0907522 0.136478 0.0191999
0.0284454 0.0995183 0.0412905
0.0144842 0.101799 0.0469727
0.0460203 0.0848226 0.00718276
-0.0718018 0.158195 -0.0399213
0.000752728 0.131478 0.01712
-0.0116307 0.0337076 -0.023716
-0.0564562 0.159872 0.00406757
-0.054309 0.153692 0.0171048
-0.0530088 0.145722 -0.00115007
0.00553763 0.100304 0.04669
-0.0624633 0.170945 -0.051605
-0.0180884 0.184586 -0.0174536
-0.0912353 0.14886 0.0211316
-0.0671246 0.042281 0.0101216
-0.073929 0.152666 -0.0308896
-0.0735089 0.120392 0.0535609
-0.0887148 0.12811 0.00328264
-0.0855097 0.129367 -0.00169404
-0.0237128 0.058121 -0.0313582
0.0223237 0.0564658 -0.026195
-0.0305755 0.0788685 0.0415824
0.0125119 0.107097 0.0421465
-0.0694061 0.153071 -0.0482738
-0.0089791 0.0383636 0.0133044
0.00546913 0.116627 -0.0176566
-0.0374871 0.0576725 0.0398228
0.00550113 0.0883518 0.0561015
-0.0624759 0.0959475 0.043683
-0.051601 0.149349 0.0154046
-0.0616634 0.0612417 -0.00198952
0.0083246 0.0581885 -0.03043
-0.0202225 0.0381837 0.0220241
-0.00249349 0.0474079 0.0491587
-0.044489 0.0803636 0.042222
-0.0134983 0.0501789 0.0495792
-0.00451076 0.0788064 0.0581316
0.0306552 0.102095 0.0374778
0.0216881 0.102085 -0.0200779
-0.0504873 0.0646576 0.0351978
-0.0801928 0.109885 0.0408487
-0.028606 0.0356961 0.0524615
0.0255945 0.0477251 0.0385093
-0.0767684 0.0756527 -0.0076025
-0.0451547 0.0437693 -0.0122411
0.00630024 0.125509 0.0321214
-0.0483458 0.0338972 -0.0143683
-0.0301947 0.125922 0.0102205
-0.0255028 0.0606627 0.0401195
0.0264433 0.0485879 -0.0182655
-0.0222267 0.0906414 0.0528718
-0.0544973 0.0427375 0.0458563
-0.0748949 0.0968349 0.0387401
0.0259201 0.0406241 0.0333279
-0.0492939 0.133961 0.00142725
0.0200734 0.0372985 0.0402199
0.00350877 0.068881 0.0557692
0.0518225 0.072596 0.0200635
-0.0703872 0.161044 -0.0469664
-0.0298874 0.063588 -0.0244234
0.0107457 0.127435 -0.00331768
-0.0692244 0.15634 0.0190049
-0.00789542 0.108803 -0.0224197
-0.0612252 0.0618413 0.0248018
-0.0497731 0.0627792 0.0345527
0.0141976 0.0850086 -0.0301852
-0.0363535 0.0380033 0.0459253
0.0135031 0.119752 -0.013055
-0.00149439 0.0870302 0.0569025
-0.0826495 0.137607 -0.000712655
-0.0114637 0.165492 -0.0149909
-0.0236613 0.0852675 0.0544729
-0.0175036 0.0357848 -0.0270478
-0.0568852 0.111179 -0.0170834
-0.0875792 0.134961 0.00324767
0.0560042 0.0728404 0.0157211
-0.0453871 0.145929 0.00156561
-0.066211 0.180426 -0.0565833
-0.0177227 0.119786 -0.0108098
-0.00554666 0.0429634 0.0481135
-0.0655537 0.161293 -0.0160037
-0.0327045 0.111423 -0.0179721
0.0295979 0.039453 0.0274445
-0.0886031 0.143176 0.0340326
0.00543862 0.118556 -0.0157347
0.00896308 0.0344141 -0.00340754
-0.0776104 0.0802915 -0.00928059
0.0476495 0.073201 0.00955169
-0.0356179 0.0505976 -0.0108834
-0.0787615 0.0867217 -0.0105634
-0.0520552 0.0559741 0.0276222
-0.0319282 0.178722 -0.00808101
-0.033827 0.0901076 -0.0243377
0.0194801 0.0975854 0.0469408
-0.0805255 0.14991 0.0359696
0.0294074 0.0974659 -0.0171759
-0.0451864 0.146266 0.00463419
-0.0545162 0.049049 -0.0054035
-0.0525965 0.0345626 0.0431188
0.0112941 0.127457 0.0281604
-0.0409513 0.128783 0.00774742
-0.0402517 0.127178 -0.0024642
-0.00256734 0.0388997 -0.00235847
-0.0922724 0.125575 0.0332589
0.0143052 0.127349 0.0263844
0.0425358 0.0710418 0.0280089
-0.0618119 0.115344 0.0386033
0.00840449 0.0360838 -0.0229864
-0.062763 0.149042 -0.0175788
-0.0231479 0.0919482 0.0509374
0.04256 0.0817421 -0.00578018
0.0209941 0.0373175 -0.00464913
0.0143712 0.0493733 -0.0267066
-0.0616803 0.166235 -0.0555923
-0.0442953 0.0391467 0.0441537
0.0200527 0.0618555 0.0482337
-0.018574 0.174216 -0.0164984
-0.0689036 0.105186 -0.0135662
-0.00749897 0.0815283 0.0577578
-0.0619528 0.15527 -0.030594
-0.0217734 0.0713925 -0.0382795
-0.0472721 0.035073 0.043832
-0.0774531 0.156901 -0.0199195
-0.00684325 0.130599 0.0100344
0.0113316 0.0343299 -0.00659923
-0.0103146 0.180354 -0.0288775
0.0222263 0.0790988 -0.0263649
-0.0340151 0.0498932 -0.013349
-0.0324865 0.0974182 0.0443398
0.0280721 0.0360499 0.0211097
-0.062502 0.0625858 0.0256444
-0.0817879 0.0734817 0.0075372
-0.0819286 0.0748755 0.0145293
-0.0218601 0.0893132 0.0539604
0.0245243 0.105615 0.0392344
-0.090178 0.113449 0.0375353
0.0505588 0.0711508 0.00463977
0.0361753 0.0767902 0.0382584
0.0302372 0.118499 0.00231637
-0.0815235 0.0899003 0.0328752
0.0197584 0.121448 -0.00690816
-0.0544934 0.0834141 0.0452404
-0.00548754 0.123746 0.0343085
-0.00358231 0.0383094 0.0162632
0.00742257 0.034128 0.000278711
0.0383787 0.0575308 -0.00558257
0.0202522 0.0805604 -0.0270674
-0.0556554 0.124247 -0.00722427
-0.0438685 0.104239 -0.0209341
-0.0504071 0.163936 0.00393123
-0.00437946 0.039206 0.0351678
0.0592051 0.0552531 0.0121703
-0.0774125 0.06897 0.0169693
-0.0253679 0.125634 0.0163937
0.0480167 0.0525694 0.0306027
-0.0905232 0.122929 0.0450175
0.044368 0.0832642 0.000211132
-0.0884304 0.0874699 0.00847782
0.0192558 0.0721931 -0.0285132
-0.0480744 0.151666 -0.00489643
0.0283147 0.0712973 0.0426773
-0.0459209 0.0346888 0.0375199
0.00150103 0.0576486 0.0543674
-0.0354812 0.0383051 -0.00290933
0.0182356 0.126981 0.00216332
-0.0831779 0.111548 0.00129095
-0.000575856 0.0980296 -0.0278345
0.0608603 0.0609709 0.0131614
-0.0940576 0.125561 0.0242759
-0.0916243 0.131038 0.0282288
-0.0901544 0.148798 0.0121684
0.0420581 0.102887 0.0101643
-0.0617567 0.139364 -0.00656769
0.0185443 0.12732 0.00510228
-0.0574937 0.0333307 -0.00285911
-0.0928746 0.122834 0.0282828
-0.0475605 0.047528 -0.00960427
-0.0874475 0.125307 -0.000719081
-0.018505 0.112714 0.0394706
-0.073748 0.0805288 0.0380979
-0.0334992 0.0704401 0.0410454
0.0193458 0.0347743 -0.00166328
-0.0720162 0.169175 -0.0255925
0.00425284 0.0711834 -0.0342035
-0.0126691 0.0348865 0.0479592
0.000998881 0.131517 0.0100563
0.0394641 0.063132 0.032359
0.0357221 0.0994501 0.0342567
-0.0669244 0.123843 -0.00898539
-0.0747362 0.0663817 0.0145125
-0.047238 0.0346371 0.0407654
-0.0797368 0.119028 0.049952
-0.0632135 0.155458 0.00808821
-0.0194915 0.120861 0.0324568
0.0344822 0.102017 -0.0120204
0.0347714 0.100763 0.034674
0.0195769 0.0347391 0.0223805
0.045212 0.0819736 0.0221688
-0.0515285 0.144709 0.0153879
-0.0405102 0.127658 -0.000961794
0.000357196 0.0347559 0.0401008
0.0324259 0.0399358 -0.00240332
0.0551137 0.0732038 0.0153863
-0.0638988 0.109582 -0.0144399
-0.0209835 0.159643 -0.00415092
-0.0628558 0.170957 -0.0505963
0.00150192 0.0634213 0.0567922
-0.0129939 0.103563 -0.0236849
-0.00689074 0.103109 -0.0232386
-0.0498385 0.0970763 -0.0221981
-0.0927296 0.124224 0.0362665
-0.0513256 0.0345659 0.0399502
-0.00577674 0.0385885 0.0246132
-0.088546 0.102334 0.0113879
-0.00735617 0.0354566 -0.0169734
-0.0686185 0.0687175 -0.00655491
-0.0853298 0.111023 0.0405559
-0.0426789 0.168728 0.0023488
-0.0743199 0.158257 -0.0279194
-0.0109392 0.038438 0.0236915
-0.0570855 0.0480965 0.0356642
-0.0654804 0.146553 -0.0219125
-0.0300028 0.125562 0.00590559
-0.0620358 0.136971 -0.00707833
-0.0306705 0.0692801 -0.0274547
-0.0543713 0.158326 -0.00178875
-0.0195832 0.1596 -0.0115811
0.00435827 0.129372 -0.0013469
-0.019245 0.0381493 0.0168345
-0.049455 0.118007 0.0316443
-0.0477302 0.0753108 -0.0175447
0.0440209 0.0945174 0.0011806
0.0537776 0.0692651 0.00258827
-0.0755506 0.0791122 0.0357048
-0.0208004 0.181643 -0.0143459
-0.0603044 0.155837 0.0105687
-0.0614963 0.102908 0.0417081
-0.0454996 0.163749 0.00555272
0.0423754 0.100105 0.0181719
-0.00567144 0.0569411 -0.0332111
-0.0124935 0.123722 0.0323282
-0.00950098 0.0884225 0.0571104
-0.0241121 0.163789 -0.0160029
-0.0870672 0.0882048 0.024333
-0.019494 0.0842608 0.0571688
-0.0296304 0.159454 -0.0131553
0.0566953 0.0550372 0.00319006
-0.0647467 0.0379255 0.0402853
-0.0487026 0.0708482 -0.0151225
-0.0871035 0.11231 0.0319974
0.00813236 0.110171 -0.0197068
0.00258681 0.125467 0.0322572
-0.000687654 0.0583509 -0.0327859
-0.0476199 0.057734 -0.011287
-0.0869674 0.103645 0.0213508
-0.0256473 0.0335939 -0.0244827
-0.0654707 0.155271 0.00728456
-0.0196754 0.180147 -0.0162801
0.0247433 0.124313 0.0130924
0.00326552 0.127077 0.029619
-0.0761608 0.175035 -0.0499961
-0.0672347 0.158081 -0.05503
-0.0500333 0.148713 -0.00320857
-0.0551627 0.0709645 0.0393255
-0.0241861 0.0351713 0.0521271
-0.0918951 0.117319 0.00831437
0.0455252 0.0918117 0.00617298
0.0423653 0.0519948 -0.00681796
-0.0244818 0.0988555 0.0446892
0.0170352 0.0393356 0.0436644
-0.0735402 0.0708078 0.0302704
-0.0689665 0.135529 -0.00828838
-0.0471043 0.0355495 0.00808039
-0.0741408 0.105214 0.0369385
0.0390072 0.0393837 0.00207442
-0.0688351 0.0951745 -0.0162656
-0.0747378 0.0687745 0.000531905
-0.00679601 0.100851 0.0456503
-0.0577953 0.0577539 0.0112722
-0.000474921 0.0732072 0.0579427
-0.0584923 0.0818911 0.043717
0.0537671 0.0492093 0.00323447
-0.0400285 0.0339876 -0.0295458
-0.0437474 0.0783133 -0.0194351
-0.0315077 0.113893 0.0345441
-0.063712 0.167032 -0.0383216
-0.0361402 0.0481769 -0.0171107
0.0288023 0.0594063 -0.0198054
0.057983 0.0674087 0.022273
0.0325099 0.0439072 0.0294151
-0.0354711 0.126342 0.0186171
-0.0301636 0.153871 -0.00371356
0.0440256 0.0973461 0.0131583
-0.0592557 0.146819 0.0355066
-0.0681832 0.155264 -0.0517309
-0.0137235 0.0657235 -0.0372342
-0.00268972 0.128069 -0.00389854
-0.0456556 0.126096 -0.00729728
-0.00023381 0.123831 -0.00932637
-0.033143 0.157873 -0.0118064
-0.0157027 0.123907 0.0301351
-0.0137008 0.0599733 -0.0359611
-0.0473867 0.0345201 0.0356021
-0.06094 0.0410414 0.0167056
-0.0861267 0.0833147 0.0194823
-0.0214511 0.184864 -0.013038
-0.0748894 0.152721 -0.0218881
0.0452897 0.0861791 0.0201631
0.0361767 0.0888967 0.0383392
-0.023487 0.0435372 0.0536017
-0.0501327 0.159092 -0.00542351
-0.00148992 0.070365 0.0570874
-0.0868755 0.112781 0.0262639
-0.0623602 0.164675 -0.0475927
0.0291213 0.0348096 0.00960912
-0.0412672 0.0338015 -0.0128657
-0.00651495 0.0746355 0.058305
-0.0262668 0.179961 -0.0169689
-0.0503624 0.128323 -0.00347306
-0.085494 0.083212 0.00349969
0.0431893 0.0764104 0.0272109
-0.0923435 0.115998 0.0113188
-0.0762229 0.149992 -0.0128764
-0.0681764 0.0335792 0.00196619
0.0588348 0.0704992 0.0161593
-0.0216926 0.126501 0.0176944
-0.00177026 0.0987839 -0.0266092
-0.0301563 0.0382285 0.0524978
-0.0359664 0.162375 -0.00125909
-0.0554974 0.0776601 0.0434775
0.0101223 0.108705 -0.0195083
-0.0720202 0.152598 -0.0428872
-0.0694963 0.16803 -0.0520069
0.00371617 0.0348648 0.0208524
-0.014682 0.0540945 -0.0332776
-0.0766495 0.0810868 -0.0106019
0.0254079 0.10205 -0.0180571
-0.0344414 0.153644 0.000910386
0.0070795 0.101453 -0.021277
-0.0822784 0.0951136 -0.0065238
-0.0098481 0.112657 -0.0193422
-0.0883434 0.0968836 0.00640652
-0.0165413 0.0573347 0.0511714
-0.0879259 0.102339 0.0203636
-0.0285061 0.116641 0.0323888
-0.0619701 0.160031 -0.0245798
-0.0788042 0.109939 0.0428886
-0.0133702 0.0343611 -0.0190243
-0.0104794 0.0575747 0.0533869
0.0140981 0.0343905 -0.0079847
-0.0311962 0.0475489 -0.0247586
-0.048499 0.0848032 0.0451307
-0.0187529 0.0384803 -0.00337678
-0.0935142 0.126862 0.0142561
-0.0404194 0.128239 0.00205017
-0.0485262 0.0344313 0.0301756
0.0335055 0.0549395 0.0359782
-0.0329396 0.0386558 -0.0303928
-0.0520933 0.154615 -0.00405641
-0.0484917 0.0718083 0.0405326
-0.0283907 0.123379 0.0211752
-0.0738862 0.104992 -0.0108534
-0.0328486 0.0986298 -0.0228073
-0.0308492 0.121938 -0.00695618
-0.0543644 0.15733 0.00977334
-0.0742647 0.109022 0.03931
-0.0306152 0.0552238 -0.0173804
-0.0118005 0.0841384 -0.0387163
-0.0285781 0.0423048 0.0521933
-0.0317158 0.0383538 -0.00403424
0.0287652 0.114389 -0.00726895
0.0143367 0.0504741 0.0468665
-0.0308995 0.0385461 -0.0114399
-0.0257526 0.069725 -0.0351721
-0.0160443 0.174209 -0.0181164
0.0427673 0.0818692 0.0284169
-0.0446977 0.147484 -0.0025954
0.0355567 0.0878311 -0.0169845
-0.0439777 0.0345259 0.038072
-0.0623633 0.0458155 0.0336786
0.0291629 0.037982 0.025034
0.00712427 0.107292 -0.0202517
0.0514753 0.0731205 0.0184716
0.0167127 0.0887461 0.050636
-0.0462848 0.131856 0.0204922
-0.047499 0.0451812 0.0421654
-0.0307362 0.053835 -0.015374
-0.0677074 0.147127 -0.0273126
-0.0231503 0.121506 -0.00857745
-0.0582906 0.0411368 0.01871
0.0551973 0.0674594 0.0252672
0.051883 0.0734548 0.0112114
-0.0105368 0.0850533 -0.0384463
-0.0656041 0.136814 0.0420793
-0.0545976 0.139948 -0.00193829
0.0414852 0.0569681 0.0316528
0.0453449 0.0710055 0.0220458
0.0101112 0.110138 -0.0193681
-0.070932 0.129672 -0.00889239
-0.0789005 0.172846 -0.0440952
0.0124215 0.122685 -0.01021
-0.0313363 0.11605 -0.0148117
0.00352724 0.10161 0.0446753
0.05973 0.0664208 0.00812497
-0.0767292 0.0860417 0.0380634
-0.0414315 0.120058 -0.0129928
-0.071689 0.171513 -0.0326505
0.00752119 0.0813632 0.0555605
-0.0739197 0.151223 0.0366634
-0.0460367 0.115268 -0.015925
-0.0488714 0.104198 -0.020417
-0.091466 0.14613 0.0241501
-0.0298888 0.0474725 0.0462905
-0.0714888 0.127424 0.0521873
-0.0155328 0.0386551 0.0297691
-0.0190478 0.0404047 0.0529202
-0.0447618 0.116708 -0.0154556
-0.0634932 0.104261 0.0408123
-0.0324923 0.0845615 0.0419149
0.0451851 0.0861731 0.0211635
-0.00422605 0.0355815 -0.0164762
0.0299135 0.0618945 0.0413957
-0.0555 0.0488797 0.0362241
0.00238035 0.127411 0.0292755
-0.0942867 0.122796 0.0162787
-0.0545346 0.125365 -0.00640975
-0.0368374 0.0957548 -0.023046
-0.00449008 0.116939 0.0397737
-0.00748945 0.0870384 0.0571349
-0.0576531 0.0612704 -0.00372094
0.0172333 0.0750251 -0.0287502
-0.0929968 0.130998 0.0182299
0.0044664 0.0344032 0.010526
0.0319954 0.0554568 -0.0137989
-0.053518 0.1534 0.0145047
-0.0353285 0.0851433 -0.0237512
-0.00232624 0.124886 -0.00844394
0.0410592 0.0985428 -0.00379645
-0.0364989 0.0705154 0.0419282
-0.0554832 0.0861944 0.0449632
-0.0436469 0.0601588 0.0398932
0.0544233 0.0635568 0.0276516
-0.0817302 0.142079 0.0441697
-0.0903646 0.135051 0.0122148
-0.0340021 0.0409714 0.0491624
-0.00878563 0.110674 -0.0212403
-0.0136601 0.0389486 0.0334846
-0.0818632 0.143391 0.0428465
-0.0625369 0.149102 -0.00757295
0.00217615 0.12934 0.0262849
-0.0884013 0.103686 0.0143755
-0.0244459 0.156552 -0.00701262
-0.0850483 0.109026 0.0223524
-0.0247385 0.124904 0.000549003
-0.0307494 0.125973 0.00854668
-0.072851 0.148958 0.0401319
-0.0594984 0.109765 0.0377884
-0.0677394 0.0764997 -0.0160371
-0.0234471 0.125053 0.0200484
-0.025918 0.122982 0.0235755
-0.062358 0.172308 -0.0618736
-0.0195138 0.0448322 0.0525308
-0.0529002 0.0701503 0.0387731
-0.0714237 0.153981 -0.0448933
-0.0829375 0.116994 0.0487646
0.0512305 0.0723962 0.00737259
-0.00949027 0.107257 0.0434611
-0.0497774 0.0826759 -0.0213753
-0.0144465 0.128429 0.00434765
-0.0188389 0.0383463 0.00224079
-0.0229394 0.0985982 0.0448104
-0.073925 0.126728 -0.0084362
-0.0685912 0.131247 0.0482807
-0.0860712 0.137702 0.0022107
0.0145196 0.123096 0.0322223
-0.0679369 0.165269 -0.0197719
-0.0413557 0.0405762 -0.0252979
-0.0460989 0.157633 -0.00826241
0.000543528 0.123331 0.0344653
0.00524711 0.0726037 -0.0343433
-0.0758319 0.173116 -0.0385323
-0.0314396 0.0637247 -0.0204391
-0.0568115 0.11798 -0.012657
-0.0362035 0.16829 0.000195359
-0.0241934 0.0388427 0.0350005
-0.083014 0.0816043 0.0289568
0.0128678 0.128966 0.0229731
0.0074278 0.117326 -0.0164147
0.0159587 0.0874032 0.0512942
-0.081733 0.0783168 0.0273929
-0.0551177 0.156069 -0.00176933
-0.0512338 0.164096 -0.00192926
0.0135127 0.0860479 0.0530247
0.0505141 0.0610459 0.0301699
-0.0743109 0.165184 -0.0390136
-0.00335679 0.11693 -0.0159223
-0.0328414 0.0943934 -0.0238538
-0.0551021 0.154591 -0.0020359
0.0111265 0.120476 0.0355761
-0.0246777 0.0366811 0.0541279
-0.023866 0.103031 -0.0237009
-0.065503 0.044849 0.00843715
-0.0174884 0.0801344 0.0573382
0.0172248 0.12732 0.0217261
0.0224678 0.0975265 0.046211
-0.0739688 0.0653923 0.0119616
-0.0375125 0.045091 0.0407522
-0.0478639 0.102799 -0.0211716
-0.0400399 0.0367774 -0.0284153
-0.081164 0.0734408 0.004547
-0.0554983 0.0973521 0.0432389
-0.0675058 0.060447 0.0122781
-0.0746823 0.0663852 0.00625465
0.00249558 0.116934 0.0396534
-0.0220478 0.0811409 0.0558034
-0.0638509 0.0597328 0.00826283
0.00493781 0.100395 -0.0223096
-0.0411389 0.0448599 -0.0213399
-0.0374901 0.0505918 0.0391881
0.00725591 0.129807 0.000165614
-0.069185 0.156032 0.0248455
-0.0406916 0.0651596 -0.014333
-0.0773991 0.152954 0.0323974
-0.0304883 0.0574252 0.0370157
-0.00949559 0.10164 0.0439977
-0.0599273 0.122373 -0.00867944
-0.0860649 0.0994533 0.00140442
0.00976325 0.0346476 0.0385339
0.0406613 0.0638232 0.0297482
0.0217645 0.057833 0.0471676
0.0369901 0.111103 0.00416682
0.0428254 0.0986969 0.0191637
0.0045023 0.13009 0.02428
-0.0539359 0.0541543 0.0107637
0.0306462 0.0968954 0.0409575
-0.0675079 0.104205 0.0395869
-0.0188044 0.120762 -0.00982397
0.0484686 0.0511467 0.0294828
-0.0246803 0.0386712 -0.0158919
-0.0286768 0.123948 -0.00103929
0.0210708 0.0349944 0.0242708
-0.0265179 0.111211 0.0374625
0.00528322 0.0682375 -0.0327226
-0.0104995 0.091174 0.0564817
-0.0618962 0.0443648 0.0286813
-0.083931 0.103265 0.0277985
-0.0896904 0.116203 0.0443945
-0.0623926 0.155248 -0.0336012
-0.0755176 0.120378 0.0530566
-0.0142596 0.175663 -0.0267921
0.00917706 0.113608 -0.0184169
-0.0293599 0.15815 -0.0119938
-0.0398125 0.0899922 -0.0232612
0.034582 0.0563647 0.0357928
-0.0312712 0.125373 0.00251041
-0.00140393 0.0361018 0.00962515
-0.0654189 0.16417 -0.0217177
-0.0605051 0.128314 0.040613
-0.0192376 0.0362049 0.0528295
-0.00277907 0.0769693 -0.0364873
-0.0206006 0.0393656 -0.0285093
-0.0798447 0.116298 -0.00419638
-0.0855696 0.139064 0.00222203
-0.0571934 0.155255 0.0174937
0.0336134 0.0876336 0.0416906
-0.076294 0.155585 0.0106948
-0.0501632 0.165541 -0.000963216
-0.0305219 0.0474445 0.0454913
-0.0589036 0.112559 -0.0155981
-0.0657518 0.0780369 -0.0174491
-0.0260362 0.165356 -0.00798775
-0.085954 0.146023 0.00719275
0.0292794 0.111414 0.0337321
-0.0324974 0.0859857 0.0423469
0.00750546 0.105745 0.0420743
-0.0260776 0.125932 0.00880255
-0.0688255 0.0937312 -0.0163709
0.0111403 0.105858 -0.0199086
-0.0561139 0.139571 -0.00370722
-0.043478 0.0633766 0.0405033
-0.0240311 0.112816 -0.0174462
-0.0625367 0.161521 -0.0446005
-0.0214966 0.101664 0.0441706
-0.0709427 0.132583 -0.00826816
-0.00550703 0.0787847 0.0579843
-0.0652193 0.1682 -0.0598394
-0.0839692 0.148747 0.00414299
-0.0341019 0.0350895 0.0466468
-0.0468321 0.144886 0.00412892
-0.0495658 0.0446328 -0.00989725
-0.0234913 0.103006 0.0434545
0.0163345 0.0781449 0.0535802
-0.0718747 0.151003 0.0373736
-0.0769895 0.0790529 0.034321
0.00685606 0.0990064 -0.0228407
-0.0284001 0.0385729 0.034376
0.0156704 0.0936059 -0.0251021
-0.0820828 0.0871799 0.032118
0.0252695 0.0532659 -0.021679
0.0351918 0.0673501 0.0385292
0.0249807 0.0645674 0.0448324
0.00856046 0.0354979 0.0447263
-0.064096 0.14766 -0.0219948
-0.0134808 0.108609 0.0426611
-0.0762231 0.16043 -0.0125715
-0.0186879 0.0554617 -0.0328673
-0.0861402 0.0859086 0.000475654
-0.0639313 0.11526 -0.0113233
-0.00468835 0.0598784 -0.0344633
-0.0374929 0.116616 0.0320198
-0.0174935 0.0786826 0.056671
-0.0284862 0.120462 -0.00941436
0.0319575 0.0889685 0.042819
0.0456361 0.0819814 0.00319705
-0.0726954 0.0791971 -0.0139413
0.0279061 0.0479696 -0.0147397
0.0277963 0.0835666 0.045536
0.0143045 0.0638067 -0.0299257
-0.0320932 0.0877303 -0.0254981
-0.0614885 0.0932285 0.0449784
0.0587589 0.059387 0.00417226
-0.00850406 0.11834 0.0382239
0.0204284 0.122662 -0.00423372
-0.0410386 0.153314 -0.00775366
0.0201512 0.0605237 0.0483852
0.0279206 0.0916217 -0.0209795
-0.0424905 0.0424327 0.0427417
0.00919876 0.0964636 -0.0261302
-0.0250337 0.0381576 0.00660247
-0.0245194 0.0879123 0.052427
-0.0321086 0.163743 -0.0150961
-0.0705035 0.0901829 0.0418541
-0.0600467 0.0342661 0.0313871
-0.0338144 0.0342727 0.0263277
-0.0183092 0.162495 -0.00732366
0.0347555 0.0768972 -0.0157225
-0.0114808 0.0353662 -0.0177045
-0.0860997 0.0805682 0.0085045
-0.0586839 0.0335669 0.00570948
-0.0878555 0.0861109 0.00948006
0.0154871 0.0990335 0.0473819
-0.0620233 0.159983 -0.0376027
-0.0877192 0.101 0.0223776
0.0170669 0.0871276 -0.028336
0.00232953 0.116694 -0.0177181
0.0386173 0.0673644 -0.0117551
0.0351689 0.0928995 0.0387113
-0.0632766 0.146612 -0.0147592
-0.00849798 0.051815 0.0518583
-0.0798846 0.0706301 0.0125498
0.0221547 0.0979182 -0.0216266
0.0203015 0.126964 0.0128708
0.00918856 0.0342345 -0.00132638
0.00954728 0.0389439 0.0451085
-0.0324932 0.0774699 0.0412179
0.0110822 0.113195 -0.0179885
0.0214316 0.0768422 0.0503677
-0.0794458 0.0813481 -0.00752304
-0.0155403 0.0446621 0.0510487
0.0355057 0.0498307 0.031489
-0.0648702 0.0334576 -0.000853911
-0.00921964 0.0390042 -0.0131222
-0.0626839 0.154165 0.00249175
-0.0680156 0.156066 0.0121787
-0.0693077 0.0614952 0.0145437
-0.0641358 0.117113 0.0460384
0.00990869 0.048971 0.0492516
0.0368364 0.0754262 0.037436
0.00996296 0.0988804 -0.0226985
0.0391468 0.0887707 0.0338836
0.0144787 0.103102 0.0461637
-0.0551833 0.07213 0.0401196
0.00940058 0.0342529 -0.0182643
0.045657 0.07639 0.00319799
-0.0277181 0.0382234 0.00237012
0.0384949 0.0469555 0.0314897
-0.0514924 0.113914 0.0348157
-0.0514988 0.090386 0.0447021
-0.0513529 0.0733082 0.0416893
-0.0386568 0.0577511 -0.0111914
0.0302841 0.11623 -0.00325108
-0.078005 0.151454 -0.00188508
-0.0765071 0.126009 0.0528667
-0.0123858 0.0383448 0.0108168
-0.067038 0.143551 -0.013347
-0.00891681 0.0351082 0.0414685
-0.0430533 0.0345113 0.0330204
-0.0766364 0.0788383 -0.00918256
-0.0635024 0.0918143 0.0447779
-0.0247513 0.0944605 0.0453863
-0.0075843 0.111951 -0.0206051
-0.0785503 0.175004 -0.046006
-0.0194848 0.0869694 0.0563134
0.033089 0.0892132 -0.0184699
0.00721225 0.0837864 -0.0330068
-0.0845393 0.103233 0.0269979
-0.0146513 0.0496822 -0.0311895
-0.00874511 0.0976201 -0.0294139
0.00525297 0.069736 -0.0335357
0.00371763 0.0346901 0.0426483
-0.0569294 0.13993 -0.00415472
-0.0465665 0.0433151 -0.011194
-0.0701178 0.170154 -0.0291958
-0.00649785 0.0801379 0.0576218
-0.0562626 0.0437454 0.0167126
-0.00149333 0.112805 0.0421166
0.0162924 0.0680403 -0.0298148
-0.0174331 0.0625913 0.0517909
-0.00949586 0.0938956 0.0554931
-0.0333885 0.082189 -0.0265241
-0.0213027 0.0381376 0.0110019
-0.0814721 0.135361 0.0497671
0.0180337 0.115273 -0.0142355
0.0213151 0.0393899 0.0411211
-0.00588737 0.108814 -0.0225516
-0.0168218 0.086916 -0.0386596
0.0162564 0.0875946 -0.0288434
-0.0298552 0.0986755 -0.0232224
-0.00656125 0.130634 0.0158888
-0.0655175 0.0356165 -0.00754656
-0.0707023 0.155807 0.00247134
-0.0211568 0.177178 -0.0149257
-0.0176105 0.0435992 -0.0276633
-0.0554963 0.0791301 0.0442202
-0.0250407 0.11597 -0.0147569
-0.060628 0.0588072 0.00794551
-0.0489531 0.117804 -0.0145786
-0.0385029 0.0346069 0.040918
-0.00979029 0.0798633 -0.0379189
-0.072308 0.159721 -0.00687103
-0.0334993 0.115969 -0.0147052
-0.0294793 0.0446083 0.0503994
-0.0849416 0.153745 0.0179582
0.0267956 0.111385 0.0354031
0.0143257 0.0594816 -0.0287805
-0.0801398 0.154387 0.00935749
-0.0782927 0.098997 -0.00960155
-0.0255852 0.0930492 -0.0306058
0.0313581 0.116535 0.0255569
-0.0273118 0.0346998 0.0432305
0.000280959 0.0655552 -0.0344559
-0.017538 0.18639 -0.0186026
0.0256796 0.0353829 0.0212256
0.0156548 0.128965 0.0154331
-0.0637555 0.0336685 -0.00625178
-0.00987706 0.108745 -0.0220853
-0.0747758 0.152715 -0.0228916
0.0102651 0.128706 0.0263309
-0.0741071 0.154101 -0.0239055
-0.00680153 0.129324 0.00093339
0.0299331 0.0362092 0.00288494
-0.0313311 0.0487062 0.0434625
-0.0760543 0.149976 -0.0168736
-0.0207268 0.0612423 -0.0346723
-0.0217647 0.0699552 -0.0378816
-0.0792829 0.109073 0.0381388
-0.0884983 0.0941957 0.00744581
0.015055 0.123588 -0.00721903
-0.0117218 0.0382705 0.0200729
0.0275945 0.106191 -0.0144774
-0.0151193 0.0387785 0.0315419
-0.0426076 0.0338549 0.0069173
-0.0381186 0.128235 0.00584498
-0.0544418 0.118427 -0.0131672
0.0409886 0.0643095 0.0292691
0.0462561 0.0792459 0.0151754
-0.0356524 0.0460406 0.0421919
-0.0697195 0.0625059 0.018914
-0.00158954 0.0376715 -0.025054
0.0343018 0.0936044 -0.01506
-0.0281655 0.17267 -0.018055
-0.0015019 0.110031 0.0427805
0.0159395 0.0900955 0.0512828
-0.0326395 0.0549161 -0.0112709
-0.0779682 0.135412 -0.00525448
-0.00258809 0.0348892 -0.0237423
0.0154998 0.108504 0.0406925
-0.0155071 0.175699 -0.0190868
-0.0700593 0.152584 0.0349486
-0.00111302 0.130629 0.0207594
-0.0559297 0.13815 0.0313829
0.00124143 0.0390154 -0.00356473
0.00885847 0.0887054 -0.0320419
-0.066502 0.0889512 0.0442634
-0.016176 0.165587 -0.0188354
-0.0520805 0.0552272 0.0244826
0.0390778 0.105565 0.0241719
-0.0782416 0.0913778 0.0366028
-0.0314789 0.174225 -0.0034609
0.00650677 0.0702743 0.0558788
0.0345811 0.0368089 0.0162808
-0.062341 0.164692 -0.0435908
-0.0388087 0.0446425 -0.0234233
-0.0801763 0.0854684 -0.0085384
0.0450661 0.0761937 0.0228711
0.00280587 0.10648 -0.0207933
-0.00521852 0.130779 0.0091953
0.0174929 0.0962345 0.0475335
-0.0608999 0.058839 0.0168686
-0.0784832 0.155333 0.0128492
-0.0350646 0.156323 -0.010574
0.00350505 0.0590839 0.0549927
0.00985328 0.0602892 0.0527986
0.00669982 0.0383228 -0.00932299
0.0112963 0.123527 -0.00913288
-0.0699102 0.14965 -0.0409667
-0.0481437 0.0545922 0.0360102
0.00350598 0.0870278 0.056972
-0.0709552 0.134052 -0.00817596
-0.0205007 0.0971766 0.0453281
-0.0207895 0.0363821 -0.0186131
0.0309645 0.0363887 0.0195722
-0.0617312 0.142927 -0.00565867
-0.0158308 0.0883117 -0.038067
-0.0454982 0.045182 0.0420491
-0.0688326 0.13265 0.047942
0.0409378 0.0397959 0.0185201
-0.05065 0.0706021 0.0388719
-0.0131928 0.11434 -0.0171133
-0.0610188 0.119808 0.0416066
-0.0923991 0.132355 0.0192227
-0.0187649 0.125661 -0.000995534
-0.0917403 0.12555 0.0418871
0.0339966 0.0363512 0.0147468
0.0404949 0.0513767 0.0324659
-0.0911632 0.132299 0.00922827
-0.0725589 0.0360747 0.00146649
-0.0841802 0.136658 0.046769
-0.0275027 0.115261 0.0337596
-0.0652549 0.0667307 0.0320259
-0.0264479 0.0721314 0.0435447
-0.0727774 0.16869 -0.0244081
-0.072488 0.172225 -0.0500329
-0.0659739 0.131145 -0.00872206
0.0394332 0.101324 0.027167
-0.00945842 0.0387253 -0.00172767
0.049239 0.0437392 0.0164633
-0.0409497 0.0337305 -0.016439
-0.058015 0.128168 -0.00680186
-0.03437 0.0738393 -0.0214808
-0.00849121 0.103027 0.0437022
0.0126509 0.103032 -0.0211055
-0.0653439 0.127011 0.0477296
-0.0399361 0.123254 0.0259269
-0.0466794 0.0620985 -0.0127944
-0.00149237 0.118319 0.0391398
-0.0387822 0.0841715 -0.021953
-0.0357073 0.03405 0.0117511
-0.0094303 0.0379372 -0.0159242
0.0535161 0.0677623 0.0259787
-0.075369 0.155134 0.0270903
-0.0605191 0.153857 0.0308432
-0.0358396 0.125396 0.0214464
-0.025008 0.0334859 -0.0261337
-0.0617504 0.158434 -0.0225881
-0.0810076 0.10869 -0.00259876
0.0595997 0.0567108 0.0101713
0.0270423 0.0648893 -0.0216756
-0.00579523 0.10109 0.0444886
-0.0789669 0.172206 -0.0419919
-0.0527883 0.0490273 0.0246529
-0.0241902 0.160559 -0.0136368
-0.0809353 0.145916 -0.000819165
-0.079478 0.142827 0.0451049
0.0453685 0.090397 0.014157
-0.0218606 0.101624 -0.0238704
-0.0685451 0.170527 -0.0328985
0.041165 0.0675922 -0.00677134
-0.0530436 0.142764 -0.000526483
-0.088744 0.0996845 0.0203875
-0.0704967 0.156763 -0.0469167
0.0425401 0.0986672 0.000167984
-0.0875304 0.0861027 0.015468
-0.0350927 0.168167 -0.014918
-0.0338319 0.0498039 0.0388148
-0.0666556 0.0360676 0.0353877
0.000501847 0.0590908 0.0549783
-0.0111043 0.0366055 0.0502176
-0.0563111 0.122698 0.0396267
-0.0221672 0.0839099 0.0558332
0.0253818 0.0487646 -0.0196147
-0.0702518 0.06756 0.0285092
-0.00548676 0.116904 0.0394711
-0.0285131 0.111188 0.0369648
-0.0635876 0.0600882 0.0187607
-0.0437659 0.0811743 -0.0201658
-0.0819891 0.0923793 -0.00757573
0.0322222 0.0597861 -0.0166881
0.0165359 0.0912212 -0.0265781
0.0194854 0.0989751 0.0466096
-0.0390311 0.160893 0.00133569
-0.0635554 0.166233 -0.0355972
0.0198172 0.102563 -0.0205962
-0.0548571 0.0546624 -0.0043828
-0.041504 0.0562873 0.0399374
-0.0516778 0.140064 0.0213757
-0.083145 0.0762813 0.00952219
0.0463102 0.0820482 0.0101764
-0.0166096 0.0435748 -0.0274243
-0.0064667 0.128955 -0.000718006
-0.085625 0.079203 0.01151
-0.0495043 0.073253 0.0416255
0.00249824 0.119676 0.0375233
-0.0630515 0.152177 -0.00858675
-0.0495055 0.0848369 0.0453213
-0.073147 0.0648981 0.0178865
-0.0430409 0.0337266 -0.000289053
-0.0283728 0.156641 -0.000811787
-0.0428489 0.09852 -0.021578
-0.0419504 0.0338103 -0.0111665
-0.0584972 0.102936 0.0420973
-0.0601559 0.0472008 0.00728305
0.0234524 0.0505688 0.0407158
-0.0465484 0.0404249 0.0444582
-0.0515626 0.0460585 0.0186779
-0.0115095 0.129073 0.00398865
-0.0162822 0.113495 -0.0182068
-0.0779669 0.165862 -0.0278956
-0.0866888 0.0833263 0.0124872
-0.0277895 0.06758 -0.0314768
-0.0907804 0.150219 0.0191245
0.0217692 0.0444645 -0.0177596
0.0210858 0.0848756 0.0499424
-0.0234782 0.174205 -0.0130294
0.00145793 0.0977369 0.0519067
-0.010477 0.110005 0.0426237
0.0143608 0.0508459 -0.0270896
-0.00338536 0.100168 0.0483773
-0.0616877 0.169385 -0.0545934
-0.0745039 0.117561 0.0526615
-0.00471394 0.0641886 -0.0352179
0.0204347 0.103384 0.043762
-0.079504 0.128859 0.053141
0.0437257 0.0902921 0.0241674
-0.0285258 0.0717501 0.0402231
-0.023595 0.180085 -0.0196757
-0.0885619 0.129493 0.00323888
-0.0752191 0.155599 0.0242023
-0.0795053 0.148405 0.0389114
-0.00249757 0.0952299 0.0546317
-0.0124985 0.0603974 0.0541523
-0.0740972 0.155492 -0.0239137
-0.0225344 0.118142 0.03379
-0.0187755 0.107692 -0.0220397
-0.015947 0.124632 0.0285893
0.0102801 0.12364 -0.00922404
-0.0159305 0.0950186 -0.0327431
-0.0465015 0.112315 -0.0168133
0.00379004 0.0367184 0.046186
-0.00109314 0.103948 0.0441727
0.0132667 0.0519749 0.0488584
-0.0833287 0.0817012 -0.000498118
-0.0627563 0.152415 -0.0301468
0.0292827 0.060879 -0.0197951
-0.067269 0.167119 -0.0252721
-0.0108703 0.180136 -0.0264173
-0.0328698 0.101492 -0.0223548
0.00921575 0.0781468 -0.0329463
-0.0608634 0.154346 0.0292597
-0.0137571 0.128142 0.00234571
0.0245051 0.108393 0.0385583
0.0244747 0.0400424 -0.00510986
-0.0444358 0.0344955 0.0309851
-0.0440699 0.153194 -0.00699527
-0.0619642 0.126755 -0.00826981
-0.0324125 0.0849398 -0.0275574
0.0165672 0.128654 0.015768
0.00749081 0.093253 -0.0307631
-0.015693 0.057044 -0.0346551
-0.0133248 0.129244 0.00909724
-0.0684896 0.172346 -0.0400602
-0.0427705 0.0826571 -0.0207663
-0.0741728 0.15268 -0.0288898
0.00845802 0.129083 -0.00108013
-0.0228968 0.117028 -0.0138782
-0.0796245 0.0859561 0.0353266
-0.00835092 0.0354934 -0.0172056
-0.0467634 0.0560036 0.0374321
-0.0756542 0.0679921 0.00394259
-0.0509379 0.131197 -0.00260501
-0.0859627 0.109007 0.009354
-0.0764979 0.135856 0.0507679
-0.0775564 0.166657 -0.0379504
-0.0718144 0.147892 -0.0304457
-0.0266136 0.0837142 0.0504396
0.0183828 0.0447123 -0.0227438
-0.0286056 0.0475856 -0.0255224
-0.0877048 0.0873692 0.00346654
-0.0514982 0.108428 0.0386132
-0.0114925 0.06602 0.0547394
0.00569172 0.093878 -0.0314287
-0.0883984 0.103684 0.0133796
-0.0828517 0.110648 0.028886
-0.0681277 0.152206 0.0356633
-0.029645 0.121258 -0.00823608
-0.0937861 0.128264 0.0182441
-0.045381 0.0381676 -0.0212668
-0.0507419 0.0753249 -0.0179378
-0.0313524 0.158102 0.00192058
0.0065365 0.100373 0.0469448
0.00533532 0.0538992 -0.0301758
-0.0537303 0.0473713 0.0135851
-0.0597131 0.0708022 -0.0154129
-0.0390631 0.127858 0.0143467
0.0246516 0.122175 0.000230276
-0.0303843 0.0566029 -0.0193937
-0.0555013 0.0547806 0.00866941
-0.080608 0.0720682 0.0165498
-0.0492522 0.165358 0.00274428
-0.027407 0.0396009 0.0539527
0.0450117 0.0805305 0.000199058
-0.0378236 0.125803 -0.00505851
-0.020287 0.0445184 0.0528933
-0.0773104 0.159761 -0.0159076
-0.0573264 0.15429 0.0261567
-0.0390182 0.0473551 -0.0162983
0.0071927 0.124822 -0.00847934
0.0413371 0.0444728 -0.00290745
-0.0782363 0.119072 0.0512696
-0.0605698 0.0727907 0.0401099
-0.0571072 0.154583 -0.000558004
0.0303366 0.0352283 0.0150252
-0.0678289 0.135464 0.0458614
-0.0711952 0.0805577 0.0397762
-0.0287063 0.168278 -0.00832187
0.0179185 0.121996 -0.0074786
-0.019434 0.184905 -0.0153275
-0.00820144 0.0344928 -0.0181278
-0.0900898 0.119956 0.00430245
-0.0920088 0.118668 0.00830639
0.0385774 0.0888011 0.0348199
-0.0629727 0.118457 0.044154
-0.0788017 0.0846357 0.0359502
-0.0637998 0.0852745 -0.0191701
0.0452514 0.0931962 0.00916141
-0.0465027 0.162256 0.00645028
0.0202904 0.0912514 -0.02462
0.0515378 0.0461489 0.00621743
-0.0341434 0.0780256 -0.025502
-0.0833901 0.0762729 0.00451303
-0.0693592 0.176521 -0.047588
0.0152459 0.0821521 -0.0296185
-0.0461015 0.150679 0.0086365
0.0607571 0.0609589 0.0141669
0.0504568 0.0627892 -0.00292241
-0.0633881 0.0336212 0.00649796
-0.0703591 0.0620888 0.0120183
-0.0350329 0.037518 0.0477355
0.0314319 0.059214 0.0400505
-0.00687536 0.0389886 0.0330493
-0.0559881 0.0594067 0.0225062
-0.00386806 0.105937 -0.0224388
-0.0528151 0.132539 0.0323863
-0.0105044 0.0745085 0.0567054
-0.0391365 0.0406682 0.0418102
-0.0654105 0.124234 0.0493774
-0.0404413 0.10705 0.0387043
0.0368805 0.101462 -0.00941022
-0.0116045 0.0420472 -0.0262702
-0.0780856 0.0784826 -0.00760345
-0.0493943 0.14168 0.0103932
-0.0574019 0.116942 0.0379675
-0.0807714 0.153393 0.00628177
-0.0206011 0.0382174 0.00381729
-0.0931085 0.131006 0.0192314
-0.0375789 0.0335576 -0.0249215
-0.0537237 0.147766 0.0244131
-0.0270125 0.0891105 0.0478066
-0.0697006 0.0619862 0.0158161
-0.0685057 0.159542 -0.0539539
-0.0167333 0.0642714 -0.0369951
-0.0276907 0.0335904 -0.024878
0.0423363 0.101455 0.00317956
-0.0126734 0.0384579 0.00339052
-0.0570589 0.0507155 -0.000374425
-0.0137302 0.107232 -0.0215702
-0.0701892 0.156285 0.021569
-0.0760167 0.15688 -0.0219252
0.0369412 0.107321 0.0271722
-0.0745142 0.138634 0.0488155
-0.00253303 0.110473 -0.0210263
-0.063929 0.0354009 0.0416662
-0.070531 0.151779 -0.0453729
-0.0177757 0.0756957 -0.0389571
0.0413154 0.0451948 0.0296022
-0.0441515 0.0335185 0.00510187
-0.0451321 0.0560164 0.0386443
-0.0786632 0.155487 0.0200952
-0.0331127 0.123309 0.0239558
-0.0668221 0.16563 -0.0222317
-0.0440479 0.169839 -0.00695693
-0.0512591 0.0544504 0.0206222
-0.00758688 0.0376797 -0.0254717
0.0373215 0.0444316 0.0300039
0.0293196 0.0632732 0.0423131
-0.093596 0.126936 0.0252692
0.0227019 0.123147 0.0266031
0.0308153 0.0525508 -0.0137522
-0.0667152 0.0419014 -0.00231002
-0.0277494 0.0764615 0.044728
-0.0877693 0.113692 0.0289151
-0.0109155 0.0356188 0.0494667
-0.0337476 0.119587 0.029726
-0.0107484 0.0348144 0.0431359
0.0405703 0.105644 0.0131657
-0.0626214 0.149057 -0.0155813
0.00748061 0.115492 0.0392535
-0.0628726 0.147915 -0.0152353
-0.0714997 0.16363 -0.0138384
-0.0570892 0.0602319 -0.00257411
-0.0421326 0.160667 -0.0107094
-0.0140302 0.116852 -0.0157862
-0.0740753 0.155198 0.0041876
-0.073524 0.16243 -0.0369561
0.021637 0.0948486 -0.0224193
0.042201 0.0819186 0.0294354
0.0335035 0.0686838 0.0396083
-0.065725 0.180452 -0.0578644
-0.0745611 0.163685 -0.0159572
-0.0353516 0.166776 -0.00214363
-0.0888345 0.136443 0.0400961
-0.0554949 0.0427291 0.0458455
-0.045698 0.157938 0.00750606
-0.0576914 0.0693962 -0.0144511
-0.0854479 0.0898939 -0.00155092
0.0464006 0.0792571 0.0121793
-0.0840733 0.0966087 -0.0036103
-0.0616087 0.146812 0.0373554
-0.0875561 0.121673 0.0477803
-0.0468723 0.0587675 0.0374438
-0.0778945 0.102117 0.0345146
-0.0773369 0.105608 0.0341784
-0.0396908 0.0651397 -0.0142325
-0.0104754 0.127368 -0.00300647
0.0563061 0.0508424 0.00620646
-0.0895593 0.13929 0.0311867
-0.0569108 0.0471914 0.0407265
-0.0386513 0.0344774 0.0357393
-0.0705399 0.100871 0.0399167
0.0213375 0.0536353 -0.0261911
0.00750493 0.0561002 0.0528313
-0.0616719 0.0410515 0.0160296
0.000472166 0.0388678 0.0256446
0.0144928 0.11263 0.0387455
-0.0639761 0.129691 -0.00851425
0.027653 0.0506012 0.0379885
-0.0775565 0.148654 -0.00488618
-0.0247835 0.166781 -0.00970724
0.0135274 0.12988 0.0160733
-0.065493 0.153273 0.0335324
-0.0227439 0.0669905 -0.0360641
-0.0624566 0.177245 -0.0586155
-0.0525648 0.0515684 -0.00660684
-0.0910152 0.129688 0.0372352
-0.0226179 0.0464363 -0.0275647
-0.0711064 0.152637 0.0345827
-0.0405106 0.151258 -0.00613685
0.0415736 0.0738523 0.0301911
-0.00449913 0.108643 0.0435023
-0.0778042 0.156927 -0.0169128
-0.0323789 0.115075 -0.0157884
-0.0170028 0.0977503 -0.0256286
-0.0704486 0.16924 -0.0264473
-0.0258331 0.0561399 -0.0284181
-0.0294956 0.124519 0.0193203
-0.0125985 0.0420542 -0.026434
-0.0656433 0.0657616 -0.0058195
-0.0578481 0.0940916 -0.0211113
-0.0202018 0.177138 -0.0227808
-0.0827616 0.091206 0.0312465
-0.039498 0.118035 0.0314
0.04296 0.0817702 -0.00479044
-0.0731283 0.155734 0.00889607
-0.0735032 0.144216 0.0449341
0.0473212 0.0533258 -0.00537345
-0.0475187 0.0790945 0.0436556
-0.0495769 0.126877 0.0317874
-0.0642587 0.173261 -0.0500973
-0.0134888 0.11412 0.0398002
-0.0335041 0.0789099 0.0415331
-0.0339969 0.152567 -0.000573454
-0.0510859 0.154625 -0.00472421
-0.0168713 0.104463 -0.0227606
-0.0636699 0.112355 0.0376208
0.0161036 0.0393372 0.0440174
0.0134074 0.0463149 -0.0249889
-0.072687 0.0955359 0.0408041
-0.0202504 0.182971 -0.0220384
-0.00946933 0.0932363 -0.0348935
-0.0432877 0.171276 -0.00598005
0.000105856 0.117482 -0.0165473
-0.0218007 0.0637891 0.0462553
-0.0181983 0.18599 -0.0174024
-0.0104302 0.175693 -0.0238578
0.0349018 0.0698502 -0.0158378
-0.0639921 0.0605727 0.020032
-0.0202282 0.0639107 0.048901
-0.000130337 0.0395577 0.0357254
-0.0506704 0.0680761 0.0375114
-0.0663392 0.0600723 0.0146241
0.0443987 0.0959613 0.0131589
-0.0725037 0.079155 0.0383043
0.0174813 0.0865744 0.0503122
0.0115191 0.107071 0.0419973
-0.0690509 0.0654544 -0.0025414
-0.0844285 0.0832425 0.0264792
-0.00717727 0.0999816 0.0485274
-0.0906275 0.137865 0.0211926
-0.0650109 0.041163 0.0307556
0.0309993 0.0686673 0.04128
-0.088994 0.140671 0.0361625
0.0286561 0.108194 -0.012625
0.0241882 0.0633761 -0.0240832
-0.0600535 0.138395 -0.00620678
0.0390362 0.0980073 0.030266
-0.0254054 0.0766649 0.0494071
-0.0709159 0.125294 -0.00875352
-0.0266188 0.0490904 -0.0254391
-0.0713722 0.163817 -0.0449613
-0.0308026 0.0367564 0.0517774
0.0379386 0.07401 0.0354837
-0.0649388 0.16711 -0.0315896
0.0415387 0.0610238 0.0295203
-0.0574934 0.0875623 0.0444505
0.0320794 0.0526694 -0.0107538
-0.0624959 0.0607929 0.0219134
-0.0688718 0.063973 0.0231175
-0.062597 0.0740287 0.040345
0.0209029 0.107601 -0.0159886
0.0163998 0.0834424 0.0519345
-0.0871174 0.110466 0.0103621
0.0176113 0.111464 -0.0161155
0.0381875 0.10978 0.0131678
-0.041205 0.169789 -0.00987939
-0.000827607 0.0389424 0.0289209
0.0307316 0.091606 0.0428217
-0.0618021 0.116863 0.0404147
0.0353371 0.0534224 -0.00701071
0.0154848 0.0548588 0.0485877
-0.00430179 0.125159 -0.00873129
-0.0885378 0.137788 0.0102157
-0.0581679 0.154986 0.022946
-0.010869 0.165486 -0.0158779
-0.0514985 0.0931716 0.0440238
0.044397 0.0945546 0.0171571
-0.0314483 0.177007 -0.0139273
-0.0901963 0.136492 0.0222062
0.0584482 0.0538047 0.0101717
-0.0550975 0.13533 0.0326236
-0.0512486 0.0474505 0.019655
0.0197271 0.0808668 0.051456
-0.0614975 0.10975 0.0377559
0.0230336 0.049071 0.0400904
-0.0746075 0.156859 -0.0239292
-0.0654107 0.0782591 0.0414837
-0.016108 0.038364 0.00641286
-0.0620497 0.155563 0.0244621
-0.0900318 0.128311 0.0429434
-0.000418875 0.0389219 -0.0131688
-0.0468135 0.1536 0.00939603
0.0074848 0.0976824 0.0494394
0.0552084 0.0493743 0.00621284
-0.0064991 0.0952675 0.0547927
-0.0227544 0.0753712 0.0524561
-0.0288776 0.0903901 -0.0295833
-0.00402267 0.0975528 0.0526596
-0.0114956 0.105842 0.0433599
-0.0385096 0.0776202 0.0427509
-0.00909377 0.175718 -0.0267745
0.0378012 0.0604211 0.0334272
-0.0911122 0.11473 0.0343167
-0.0196644 0.0494984 -0.0297043
0.0454568 0.0819591 0.00221362
0.0171483 0.0535046 0.047456
0.0354173 0.0414682 -0.003097
-0.0525645 0.0417313 -0.0101531
-0.00324005 0.038276 0.0477168
0.00730102 0.131 0.00524198
-0.0688005 0.087996 -0.0171065
-0.0699509 0.134055 -0.00826728
0.0488619 0.047436 -0.000620948
0.0285217 0.0480557 -0.0127278
0.0262747 0.0376552 0.0265482
0.0364907 0.111851 0.00455337
-0.0253214 0.158135 -0.00165461
-0.028552 0.159576 0.000695282
-0.0640415 0.167322 -0.0369994
-0.0138991 0.162654 -0.0155462
-0.0615004 0.0818818 0.0435978
-0.0314961 0.10429 0.0412052
-0.0622597 0.0337543 0.0119702
-0.0630395 0.136976 -0.00741235
-0.0719085 0.064649 0.0201308
-0.0456524 0.0621788 -0.0131898
-0.0866855 0.14466 0.00818677
-0.0580682 0.132534 -0.0063879
0.0403843 0.0547484 -0.00641578
0.0271142 0.0463333 0.0371793
0.0147704 0.0519654 0.0475176
-0.0494799 0.116621 0.0323892
-0.00481581 0.0882239 -0.0361964
-0.086179 0.107645 0.0083646
-0.0274965 0.0973724 0.0435854
-0.00609738 0.037339 0.0487481
-0.024023 0.17718 -0.0120308
-0.0858587 0.125737 0.0487678
-0.0134986 0.0911752 0.0564813
0.0591059 0.0677548 0.00712748
0.0082875 0.114937 -0.017843
-0.07435 0.0711851 0.0297739
-0.0127037 0.064273 -0.0367671
-0.0397448 0.172952 -0.00234724
-0.0178184 0.0841429 -0.0390768
-0.0427281 0.0478381 -0.0112773
-0.0684496 0.0369814 0.0129839
-0.0188177 0.0683045 0.0530002
0.0338372 0.104851 -0.0110391
0.0553692 0.0711293 0.0213817
-0.0747481 0.158885 -0.00783629
-0.0174383 0.038419 -0.00120725
-0.036496 0.17271 -0.000384966
0.0560276 0.0714782 0.0201554
-0.0437605 0.146927 0.00133694
-0.0670308 0.141141 0.0435296
-0.0708742 0.117963 -0.00822963
0.0348151 0.0605689 0.0379285
-0.029898 0.0385093 -0.0112051
0.0574282 0.0681585 0.00377242
-0.0823735 0.148711 0.0361489
-0.0629292 0.155832 0.0110869
0.0177513 0.0462342 0.0429632
-0.021676 0.184465 -0.0190713
-0.062327 0.161572 -0.0265871
-0.0667756 0.124253 0.0509201
-0.0305064 0.059434 -0.0194047
0.010861 0.0360066 0.0447493
-0.00635915 0.0931082 -0.0347376
-0.0820284 0.13533 -0.00235647
-0.0139533 0.0338864 -0.0205741
-0.0615314 0.169388 -0.0555899
-0.0367962 0.0383714 -0.00507539
0.0234643 0.0889079 0.0481435
-0.0354995 0.0619703 0.0405316
-0.0621042 0.153787 0.0317461
-0.0368559 0.101427 -0.0217814
-0.0335034 0.0774945 0.0414157
0.0137891 0.103175 -0.021246
-0.031661 0.0351392 -0.0196159
-0.00484087 0.0994589 -0.0252596
-0.00848922 0.0385737 0.0258802
-0.0621803 0.161575 -0.027587
0.011387 0.126452 0.0296316
0.0309722 0.116471 -0.00147933
-0.0244241 0.178665 -0.0108375
-0.0657306 0.150277 -0.0347821
0.00890997 0.125517 0.0316176
-0.0739864 0.158247 -0.0289285
-0.0523414 0.0402098 0.0465679
-0.047972 0.135544 0.0173874
0.0453303 0.0875809 0.0171699
-0.0539828 0.0700164 0.038652
-0.0468821 0.108426 -0.0186436
-0.00524162 0.0395598 0.0483202
-0.0528711 0.15259 0.0147483
-0.0656059 0.0615317 0.0026003
-0.0199036 0.0739897 0.0538964
-0.0418108 0.128972 0.0103834
-0.0604952 0.0932426 0.0451145
0.0322341 0.112712 0.0291688
0.0184912 0.0906471 0.0481735
-0.0618294 0.0342021 0.0275686
0.028889 0.0549767 0.0398373
-0.0866419 0.0923952 0.0266005
-0.0344319 0.0350721 -0.0182387
-0.0283013 0.113756 -0.016413
-0.0641215 0.0336259 -0.00810847
0.0126883 0.0343606 -0.00448368
0.0239009 0.12202 -0.0014718
-0.0767393 0.157602 -0.0105393
-0.0622273 0.163125 -0.0345932
0.00535242 0.130989 0.0202309
-0.0188119 0.0964492 -0.0282644
-0.0238257 0.0881589 -0.0366228
0.0529468 0.0608894 0.0290245
-0.00754786 0.039018 -0.00905888
-0.0662857 0.0625946 -0.00141881
-0.0877934 0.0860475 0.0044818
-0.0674507 0.155183 -0.000720573
-0.0482032 0.131003 0.0267578
-0.0274618 0.045988 0.0503593
0.00949153 0.0936876 0.0522363
-0.0618767 0.15376 -0.0175826
-0.0104844 0.118266 0.038122
-0.073587 0.148629 -0.0261691
-0.0037871 0.0812341 -0.0371832
-0.0144972 0.0772805 0.0565653
-0.0684451 0.117201 0.0519481
-0.0307415 0.0374976 -0.017878
0.00411674 0.108725 -0.0201726
-0.0739012 0.112096 -0.00769672
-0.0706825 0.163806 -0.0469738
-0.0405007 0.0860467 0.0431081
-0.017913 0.184413 -0.0239895
-0.0647932 0.143933 0.0397518
-0.0342171 0.0808501 -0.0245506
-0.0684956 0.0958684 0.0422138
0.0122871 0.124953 0.0313975
-0.0438752 0.128361 0.000408951
-0.0819225 0.125087 -0.0048212
-0.0375089 0.0790164 0.0426336
0.0539548 0.0603844 -0.00239402
0.0153369 0.0552331 -0.0286287
-0.0856284 0.151402 0.00824006
-0.0215102 0.0435311 0.0534788
-0.0813576 0.0734641 0.0155425
0.00194863 0.100763 -0.0227079
0.00993007 0.126906 -0.00476687
-0.0111714 0.129564 0.00700207
-0.0494895 0.143125 0.00338457
-0.0334914 0.0960174 0.044365
0.00349012 0.116915 0.0395094
-0.0664605 0.152204 -0.0437352
0.049194 0.055373 0.030576
-0.0377624 0.0420706 0.0430123
-0.00845839 0.0346349 0.045549
-0.0786738 0.10815 0.0335843
-0.0472913 0.128011 -0.00322004
0.00419216 0.0340885 -0.0190827
-0.0506923 0.0693793 -0.0143111
0.0261507 0.0923065 -0.0217116
-0.00649422 0.0590504 0.0549316
0.0153317 0.060873 -0.028643
0.0343638 0.0491351 -0.00656846
-0.055019 0.14719 -0.00165707
-0.0737106 0.0699801 -0.00251138
-0.00886334 0.103392 -0.0235214
0.030344 0.1101 0.0335023
-0.0891975 0.0996627 0.0124046
-0.0476622 0.0620749 -0.0123691
-0.0857072 0.152777 0.0118249
-0.0891789 0.14342 0.0311627
-0.0196496 0.0582641 0.0484904
-0.0824094 0.151775 0.0307901
-0.0688114 0.086573 -0.0173858
-0.0262192 0.162456 -0.00472466
-0.0246921 0.156571 -0.00408158
-0.0353048 0.127501 0.00687019
-0.0933659 0.118725 0.0133024
-0.0769537 0.132513 -0.00657383
-0.0674791 0.0622216 0.0214031
-0.0941295 0.121483 0.024294
-0.0724827 0.124619 0.0532114
-0.0527613 0.0797578 -0.020501
-0.065886 0.15405 -0.00011759
-0.0591735 0.11954 -0.0102201
-0.0230427 0.038006 0.0179945
-0.0442655 0.127665 -0.00291939
-0.0670917 0.155954 0.0255845
0.0588047 0.0677091 0.00614939
-0.0682758 0.06442 0.0246162
-0.0667678 0.0695012 0.0345692
0.0122982 0.128768 0.0241985
-0.0861137 0.0805676 0.00950062
-0.0847456 0.0911272 0.0289858
-0.0407313 0.0710722 -0.0172567
-0.0330903 0.15925 -0.0128209
0.0386236 0.109277 0.0110826
-0.0477832 0.129154 -0.000397631
-0.0635342 0.161573 -0.0210278
-0.0427321 0.0739589 -0.0183224
-0.0696814 0.0354769 0.0114289
0.0532979 0.0476993 0.0202039
-0.0243177 0.0607418 0.04177
-0.050463 0.0627793 0.0338697
0.00148661 0.108625 0.0426664
-0.0158082 0.0346932 0.0474464
0.0287509 0.0911639 -0.0204971
0.0173961 0.0343459 0.000212982
0.00242016 0.0361514 -0.024222
-0.021523 0.118151 0.0342827
-0.0209361 0.0381808 0.0128466
-0.0164951 0.109966 0.0413377
0.0209419 0.0535563 0.0459234
-0.0835459 0.133987 0.0490485
-0.0523202 0.0474101 0.0149978
-0.0166332 0.101644 -0.0236856
0.0232354 0.0968772 0.0460698
-0.0843239 0.0775269 0.0169616
-0.02552 0.111233 0.0379672
-0.032514 0.105674 0.0400124
-0.0834736 0.114211 -0.000781836
0.0223101 0.120965 0.030775
-0.011089 0.038804 -0.005846
0.0278638 0.0367181 0.000104301
-0.0146742 0.180146 -0.0213737
-0.00450514 0.0647631 0.0563697
-0.00211759 0.125578 0.0320366
-0.0416172 0.17268 -0.00599082
-0.0323987 0.114036 -0.016697
-0.0799546 0.100457 -0.00758867
0.0413467 0.0718054 -0.00779903
-0.0924762 0.124198 0.0322659
0.0134328 0.0846923 0.0528905
-0.0078767 0.103255 -0.023393
0.0241035 0.1245 0.0085821
-0.0696939 0.158144 -0.0499358
0.0239811 0.109404 -0.0139261
-0.00851461 0.0647289 0.0558918
-0.0908254 0.142021 0.0251655
0.0290261 0.106116 0.036871
-0.0162281 0.181624 -0.0200739
0.0336609 0.0968599 0.0382997
0.00890036 0.0630937 0.0549611
-0.0111853 0.109046 -0.0214904
-0.0697019 0.142554 0.0449861
0.0203316 0.0551325 -0.0272049
-0.0157478 0.0352634 0.050467
0.00435977 0.0481043 -0.0288152
-0.062692 0.155999 0.0140721
0.00224005 0.0768974 -0.0352993
-0.0579872 0.0576809 0.00662705
-0.0650198 0.154365 0.0307072
-0.070489 0.118975 0.0531649
0.0402562 0.0857576 -0.0117696
-0.0301691 0.174141 -0.0165339
0.0363367 0.0432226 0.0290731
-0.0426699 0.0336999 -0.0149012
-0.091546 0.146121 0.023146
-0.0141538 0.0965092 0.052175
-0.0445007 0.165214 0.00483168
-0.0776607 0.0817583 -0.0102119
-0.0774559 0.158948 -0.0154272
0.0247922 0.121532 -0.00113746
-0.0757697 0.145819 -0.00688494
-0.02246 0.183226 -0.0115124
-0.0275135 0.111195 0.0372083
0.00854197 0.104373 0.044167
0.0204354 0.100784 0.0455262
-0.0668418 0.138273 0.0438208
-0.0588824 0.0997395 -0.0190365
0.0425837 0.100055 0.002186
-0.00249685 0.08015 0.0577289
-0.044496 0.0451943 0.0419603
0.0151599 0.050478 0.0463014
-0.00349386 0.0925503 0.0560196
-0.0669681 0.132599 -0.00847972
-0.0778454 0.158312 -0.0179205
-0.0778809 0.0759658 0.0302027
-0.0485025 0.167013 -0.00296472
-0.0451779 0.152141 0.00822921
-0.0554962 0.0904299 0.0451691
-0.0883846 0.119913 0.00130167
-0.0916761 0.122705 0.00729331
-0.0198038 0.0827175 -0.0390158
-0.0920259 0.132307 0.0132318
-0.00170896 0.0655406 -0.0343993
-0.0379669 0.0433397 0.0417712
-0.0409771 0.113795 -0.0164017
-0.0587089 0.155741 0.0125904
-0.0263289 0.0434924 0.0526862
-0.0741118 0.0819105 0.0384161
-0.0210995 0.166843 -0.0113898
-0.0145015 0.0631456 0.0536787
0.0473464 0.0561746 -0.0057008
0.0573764 0.0621793 0.0248727
0.000506827 0.0489752 0.0512269
0.0317419 0.0667553 -0.0187125
-0.0304968 0.172715 -0.00561384
-0.0237993 0.184341 -0.0145966
-0.0673252 0.149334 0.0390086
0.0387628 0.10462 0.0262683
-0.0615233 0.0354132 0.043881
-0.0287306 0.074519 0.0412207
-0.0649629 0.0620542 -0.00149187
-0.0404988 0.043751 0.0418177
-0.0468614 0.102797 -0.0212675
-0.0701875 0.0395708 0.00901355
-0.0444845 0.0846726 0.04342
0.0584743 0.0538121 0.0171841
-0.0444957 0.111173 0.0370595
-0.0429797 0.127137 -0.00436425
-0.0663598 0.15609 0.0142173
-0.0869233 0.112018 0.0232463
-0.0104845 0.10863 0.0429333
0.0356609 0.104701 0.030636
-0.0354821 0.0561791 0.038801
0.0219297 0.123716 0.0263137
-0.055347 0.0335038 0.00284205
0.00149473 0.112812 0.0419217
0.0350602 0.0968439 0.0368099
-0.0303114 0.0384164 -0.0075003
-0.065894 0.118002 -0.00906639
-0.00531173 0.100039 -0.0239686
-0.0927384 0.122733 0.00927055
-0.0401471 0.163848 0.00326215
-0.0656034 0.0619186 0.0220381
-0.00969446 0.0598719 -0.0345693
-0.0678317 0.0335757 0.00383638
0.030238 0.0814876 -0.0201701
-0.0819819 0.112797 -0.000848269
0.0094903 0.116849 0.0377607
-0.00400483 0.123769 0.0343163
-0.089797 0.129515 0.00524651
-0.0164554 0.0963571 0.0512639
0.0222547 0.0819067 -0.0260667
-0.0892473 0.0888575 0.0104669
-0.0623698 0.169401 -0.0505859
-0.0114929 0.118282 0.0379089
0.0283692 0.0466516 -0.00870467
0.00126756 0.0669175 -0.0339113
-0.0663865 0.0388997 0.0348294
-0.0615859 0.155307 -0.0235819
-0.0836005 0.0763298 0.006515
-0.00649633 0.0488329 0.050181
-0.0328813 0.11004 -0.0184872
0.0126937 0.0345417 0.0229719
0.0380905 0.0941294 0.0341306
-0.0712521 0.17555 -0.0439596
-0.0416036 0.125525 0.0208631
0.0269219 0.115924 -0.00692402
-0.0591547 0.117476 -0.0120923
-0.0624789 0.152144 -0.0275875
0.0364932 0.0484054 0.0314672
-0.0494761 0.0600183 0.034326
-0.0657515 0.154274 -0.0462128
-0.012793 0.0813325 -0.0389447
-0.0577888 0.0439091 -0.00660137
-0.0638345 0.0431637 0.0378429
-0.0691531 0.167331 -0.0231015
-0.0393381 0.149359 -0.00118821
0.0608111 0.0651191 0.0151635
0.0429126 0.0775596 -0.00475805
0.0275209 0.088828 -0.0220264
-0.00327774 0.125061 -0.00864173
-0.0779551 0.163899 -0.0249456
0.0162761 0.0694793 -0.03005
-0.0171825 0.0382402 0.011747
-0.0803034 0.072641 0.00422068
-0.0214965 0.0525299 0.044709
-0.0825753 0.107428 -0.000626511
-0.0227666 0.126779 0.0143916
-0.0758088 0.0906346 -0.0139136
-0.0797391 0.110092 0.0425713
0.0155008 0.0345049 -0.00593057
0.0152366 0.121915 0.0327966
-0.0162922 0.125122 0.0270033
-0.0468008 0.0347657 0.0424884
0.0525369 0.0651172 0.0279377
0.0441531 0.0720542 0.000197496
-0.0236825 0.0566574 -0.0305632
-0.0325077 0.0632413 0.0389915
-0.0531678 0.0503031 -0.00638771
-0.00736899 0.0366982 -0.0162506
0.0248435 0.0822524 0.0483141
0.0075074 0.0702645 0.0557506
0.0359735 0.108741 0.0274101
-0.0103201 0.0393296 0.0497389
0.0375229 0.0590309 0.0330268
-0.0441494 0.163638 -0.00943446
-0.0667502 0.0337781 -0.00695475
-0.0545225 0.0645764 -0.00897215
0.00250363 0.0489881 0.0513443
-0.0295123 0.0565107 -0.0214026
0.026913 0.0619271 0.0440949
-0.0687416 0.11428 0.0497375
-0.0758029 0.111217 -0.00664466
0.00150816 0.0911296 0.0556681
0.0164932 0.112605 0.0382483
-0.0613392 0.0587193 0.00967832
-0.0670227 0.0607355 0.00842954
-0.0617195 0.0669875 0.0343055
-0.0918958 0.129686 0.0292517
-0.00149798 0.121047 0.037107
0.0448613 0.0903726 0.0191701
0.0316988 0.118246 0.0142694
-0.0456637 0.0382067 -0.0202858
-0.0842876 0.108899 0.00336188
0.00315167 0.10307 -0.0219554
-0.0715764 0.0724969 0.0344898
0.0450165 0.0718833 0.00186291
0.0364941 0.0454217 0.0304675
-0.0557733 0.0797194 -0.0205764
-0.0561408 0.0460708 0.0131999
-0.0487687 0.0559317 0.0351683
-0.0518271 0.094161 -0.0217872
-0.0782251 0.104799 0.0333593
-0.0277551 0.121254 0.0258902
-0.0517751 0.0826668 -0.0215624
-0.077209 0.110378 0.0446936
-0.00749363 0.0547355 0.05304
0.00853553 0.0366751 -0.00931803
-0.0304675 0.175749 -0.00423829
-0.00950667 0.125161 0.0310898
-0.0487147 0.0723044 -0.01565
0.0233319 0.059176 0.0459237
-0.065807 0.090969 -0.0181206
-0.0391759 0.16667 -0.0123913
0.0200436 0.125383 0.0241901
0.00184795 0.0345666 0.017115
-0.0679015 0.120916 -0.00896008
0.0246298 0.0347052 0.0125163
0.0315716 0.117859 0.00423829
-0.0354553 0.163829 -0.00227816
-0.0494012 0.054529 0.0344155
-0.0306702 0.0891071 -0.0265975
0.0254584 0.0383883 -0.00303811
-0.0348481 0.110331 -0.0188
-0.0622566 0.0709345 0.0378148
0.0298569 0.0835122 0.0432289
-0.0653424 0.0629827 0.0247148
0.0223863 0.0449715 0.0408911
-0.0293326 0.154386 -0.00360575
0.0330999 0.114889 0.024788
0.0301352 0.0955658 0.0419698
0.0131268 0.120538 0.0349816
-0.0513902 0.122634 0.0344378
-0.0872644 0.139206 0.0412952
0.0225502 0.0873848 -0.0245875
0.0158369 0.105055 -0.0192576
-0.0154895 0.0559453 0.0511175
0.013902 0.054865 0.0498147
0.0461219 0.0806353 0.0161697
-0.0515413 0.0403485 -0.0110842
-0.0354915 0.050532 0.0385401
-0.0408221 0.0343419 0.0301151
-0.042083 0.168351 -0.00985967
-0.0623027 0.153756 -0.0145815
0.0413142 0.0637288 -0.00386959
-0.0721201 0.149786 -0.0402916
0.0599778 0.0622697 0.0191849
0.0199591 0.0564127 0.0480725
0.0285711 0.0632767 0.0429905
0.0273074 0.0346174 0.0112772
-0.0887181 0.123977 0.00228597
-0.0280195 0.0378733 -0.0295429
0.0248664 0.0898261 -0.023121
0.00788239 0.0363273 0.00580236
0.0269409 0.117743 0.0296345
0.00399334 0.0399971 0.0458959
-0.0238211 0.0384511 -0.00993154
-0.0653246 0.0648097 0.0284194
-0.0247501 0.0578943 0.0408638
-0.00638198 0.124385 -0.00985914
-0.0530656 0.150158 -0.00286677
0.0549908 0.0567623 0.0266396
-0.0719831 0.170733 -0.0298702
-0.0271419 0.168228 -0.0179326
0.0279852 0.0352646 0.0181572
-0.0511234 0.159083 -0.0045978
0.00678439 0.0392286 0.0320303
-0.0144784 0.0645279 0.0535035
0.020155 0.0344845 0.00437508
-0.0904989 0.148452 0.0245146
-0.0853944 0.101863 0.0264831
-0.0624258 0.0342984 0.0291094
-0.0685768 0.0699128 0.0338326
0.0384287 0.064558 0.0344028
-0.00319773 0.0384234 0.00715593
0.0432765 0.10012 0.00816425
0.041209 0.10285 0.0181659
-0.0660555 0.0600044 0.0111686
-0.0780215 0.158305 -0.0199209
-0.0930613 0.118852 0.0392987
-0.0945397 0.121475 0.0202819
0.00329134 0.119473 -0.0147093
-0.000215874 0.126274 0.0312521
-0.0585706 0.155353 0.0213449
-0.0224223 0.072452 0.0507888
-0.0491873 0.165537 -0.00392571
0.020848 0.0400652 -0.0117024
0.00349851 0.0356817 -6.66678e-05
-0.00378569 0.0826645 -0.03749
-0.0285043 0.0545632 0.0363758
0.0207575 0.0645289 0.0475184
-0.00749309 0.122405 0.0352331
-0.0296061 0.0499557 0.0431146
-0.0650557 0.129761 0.0446036
0.0416085 0.0656213 0.0284032
-0.0768211 0.0804727 0.0355147
0.0303372 0.119206 0.0194646
-0.0449923 0.0381195 -0.0222607
0.0297243 0.0538559 -0.0167895
-0.0805181 0.12599 0.0525745
-0.0342911 0.0473692 0.0421968
0.0174969 0.108466 0.0401752
-0.0711231 0.141136 0.0464522
-0.00749086 0.0675042 0.0558082
-0.0833358 0.105954 0.0271122
0.0392297 0.0926988 -0.0100859
-0.0750322 0.144421 -0.00688246
-0.0604969 0.0918487 0.0452694
