0.00647701 0.143025 -0.0328199
0.0440913 0.155975 -0.0223375
-0.0119114 0.095425 0.0056625
-0.0855838 0.150843 -0.00680764
0.0168537 0.060425 -0.0188375
0.037627 0.128325 -0.0031011
-0.079623 0.166125 0.0146452
-0.0180242 0.075125 0.0133625
-0.0722129 0.120975 -0.0076375
0.0168 0.059375 -0.0142875
-0.0510308 0.157369 -0.00123108
-0.053791 0.054825 0.000762504
-0.026073 0.173475 -0.039334
0.022227 0.070575 -0.0377363
-0.044273 0.0869213 -0.0233875
0.0326311 0.0540589 0.0022065
-0.014873 0.136725 -0.0201886
0.069477 0.066725 0.0243254
0.028877 0.148394 -0.0345875
0.0160553 0.0667133 0.00286204
-0.044973 0.101045 -0.0142875
-0.053723 0.0798097 -0.0356375
-0.043923 0.140225 -0.00141422
-0.095373 0.143725 0.00493309
0.021877 0.067425 -0.030279
0.038677 0.122852 0.00706251
0.039727 0.098925 -0.0031372
-0.071573 0.178025 -0.00479261
-0.0186699 0.056925 -0.0170875
0.005427 0.149578 -0.0114875
-0.069123 0.142203 0.0123125
0.044277 0.150375 -0.00947086
-0.054423 0.145353 -0.0037875
0.058627 0.056575 -0.0251256
0.045183 0.158075 -0.0188375
-0.070173 0.158345 -0.0153375
-0.046373 0.124125 0.00262826
-0.0196008 0.153016 -0.0248108
-0.027123 0.055525 0.0108209
0.040077 0.130775 -0.0339912
-0.0250614 0.125608 -0.0197279
-0.029223 0.167525 -0.0404855
-0.029223 0.165425 -0.00299147
-0.053373 0.151425 0.00602068
-0.0452066 0.108725 -0.0023875
-0.059323 0.096475 0.0139896
0.022227 0.151425 -0.0322721
-0.0562279 0.144073 -0.0217682
0.08202 0.079675 0.0144125
0.0403597 0.0949743 0.0140235
-0.041123 0.167525 0.000895984
0.072277 0.134625 -0.00983639
-0.039723 0.173655 -0.0296875
0.036927 0.146175 -0.0342316
-0.0259881 0.159475 -0.0401875
0.015224 0.119925 -0.0282875
-0.034473 0.054475 -0.0269018
-0.081723 0.076175 0.0102115
-0.030623 0.056925 0.00970687
-0.069473 0.094375 0.0137526
-0.0764691 0.111875 -0.0149875
-0.033073 0.0943733 -0.0013375
-0.054423 0.155275 -0.027717
0.0144968 0.160175 -0.0226875
0.0658667 0.115613 -0.00664222
-0.0765998 0.059725 0.00181251
0.0313819 0.085975 0.0207125
-0.036573 0.147225 -0.0371517
-0.037273 0.0977104 -0.0111375
-0.022573 0.0542288 -0.0174375
-0.0345535 0.181175 6.25029e-05
-0.031673 0.173825 -0.00188571
0.0577219 0.112925 -0.0275875
-0.050869 0.160426 0.00058737
-0.037973 0.097525 -0.0104098
0.005427 0.133225 -0.0346039
-0.026423 0.155275 -0.00237087
0.0123904 0.0809866 -0.0167481
0.025377 0.0645825 -0.0464875
0.0340104 0.0624822 0.0192975
-0.0285097 0.069525 0.0214125
0.0645177 0.116132 -0.0102433
0.063527 0.141975 -0.0173342
0.050227 0.0541808 -0.0034375
-0.102955 0.147925 0.0081125
-0.00927299 0.187158 -0.0282875
0.0795239 0.151075 -0.0083375
-0.038673 0.174528 6.25029e-05
-0.099573 0.145825 -0.0029308
0.069477 0.109045 0.00356251
0.032377 0.0744899 -0.0384375
-0.062823 0.0614463 -0.0303875
0.089777 0.141625 -0.00695421
0.0462392 0.0980494 0.0155355
-0.0825065 0.093325 0.0077625
0.00822701 0.103113 -0.0107875
-0.0349068 0.0989076 -0.0118283
0.0393803 0.0778999 0.014679
-0.0416814 0.147575 -0.0349375
-0.013773 0.063575 0.0021625
-0.038085 0.090175 0.0084625
0.00603513 0.063225 0.0151125
0.0736332 0.143375 -0.00728749
-0.0580872 0.156872 -0.0207082
-0.0253802 0.115105 -0.0140785
0.015927 0.080025 -0.00786882
-0.065973 0.122006 -0.0191875
-0.011723 0.189575 -0.0255587
0.0333705 0.0983356 0.0176734
0.0392302 0.0900543 0.0130462
-0.011023 0.174781 -0.0111375
0.021527 0.12391 -0.0254875
-0.00465213 0.144425 -0.0230375
-0.0575692 0.134625 -0.0170875
-0.033773 0.081075 -0.0296492
-0.078573 0.061125 -0.0176685
-0.089073 0.162275 -0.00572302
-0.065273 0.0565224 0.0228125
-0.028523 0.102075 -0.0107456
-0.050923 0.0540902 0.0231625
-0.060023 0.061475 -0.0235406
-0.0850406 0.073725 -0.0083375
0.0468683 0.089475 -0.0216375
0.00612701 0.145475 -0.0307356
-0.00647299 0.130775 -0.00349997
0.040235 0.057435 -0.00752195
-0.058273 0.091575 -0.0262672
0.032727 0.153529 -0.0083375
0.0384559 0.150725 -0.0069375
0.083127 0.0877832 0.0123125
0.062477 0.056225 -0.0223224
-0.086973 0.059025 -0.0216938
-0.041823 0.139525 -0.029264
0.0822094 0.099275 0.0084625
-0.062123 0.0535691 -0.0111375
-0.078573 0.141843 0.0165125
-0.0865177 0.088775 6.25029e-05
-0.0199049 0.066025 -0.0328375
0.078227 0.096825 -0.00654216
-0.020123 0.055875 -0.0179878
0.0743665 0.145825 -0.00903749
-0.053373 0.0549111 0.0329625
0.037277 0.135325 -0.0344835
-0.068773 0.0542757 -0.0076375
0.071227 0.077575 0.0237268
0.023277 0.138475 -0.0351591
-0.047073 0.060075 0.0218053
-0.056173 0.179075 -0.00353981
-0.001223 0.125516 -0.000987496
0.0612001 0.056225 -0.0233875
0.0655117 0.122452 -0.0115068
-0.0946948 0.172775 6.25029e-05
0.017677 0.073375 -0.0297895
-0.019878 0.118175 -0.0198875
0.039727 0.0695349 -0.0391375
0.042877 0.110475 -0.00176125
-0.034123 0.0531242 -0.0289875
-0.032723 0.174525 -0.00239904
-0.024673 0.157714 -0.0160375
-0.098873 0.154575 0.00469435
0.041477 0.1546 -0.0251375
-0.042173 0.178375 -0.00687984
-0.061513 0.13982 -0.0219971
-0.071573 0.0774794 -0.0261875
0.029577 0.159475 -0.0235074
0.038327 0.058675 -0.0479501
-0.081723 0.0668423 -0.0237375
-0.0221625 0.148998 -0.00972156
-0.047423 0.0598498 0.0133625
-0.097123 0.144055 0.00356251
-0.090823 0.173475 0.00984276
-0.0882879 0.149275 -0.00267606
0.052327 0.154225 -0.0197368
0.043227 0.122725 -0.0342023
-0.0315598 0.095497 -0.0040035
-0.0499913 0.096825 -0.0174375
0.021527 0.0635438 0.0154625
0.026077 0.0557532 0.0179125
-0.0409639 0.060425 0.0333125
0.005077 0.111175 -0.0323808
-0.053373 0.174739 0.00356251
-0.091873 0.164725 -0.00764501
0.090477 0.140015 -0.0107875
0.045327 0.104175 0.0157892
0.026427 0.129725 -0.00803346
0.0341887 0.0554235 -0.00222876
0.070877 0.143812 -0.0114875
-0.059673 0.095075 -0.0228012
-0.0165758 0.059725 0.0252625
0.0464929 0.086325 0.0270125
0.028527 0.107327 -0.0275875
0.010327 0.158075 -0.0217864
-0.075773 0.157725 -0.0182217
0.047427 0.073375 0.0192972
-0.079973 0.141454 0.0161625
-0.091873 0.141641 0.000762504
-0.0868018 0.089825 -0.0083375
-0.040773 0.180825 -0.0233185
-0.046373 0.069175 -0.0361037
0.0321699 0.056575 0.0105625
0.0802671 0.103125 0.0081125
0.00385715 0.059025 0.0119625
-0.026423 0.163325 -0.0158979
-0.037973 0.0763859 0.0214125
-0.0520474 0.146484 -0.000667755
0.051627 0.0674272 -0.0296875
-0.001573 0.146761 -0.0167375
0.0339367 0.057275 0.0266625
0.043577 0.098575 0.0277708
0.081727 0.143725 -0.0146624
-0.028523 0.058325 -0.0257432
-0.075773 0.0695884 -0.0279375
-0.0296664 0.126575 -0.0146375
-0.0592882 0.155579 -0.00955821
0.0357441 0.0627896 0.0157804
0.00822701 0.057975 0.0158338
-0.0303992 0.095425 -0.0219875
-0.082773 0.0665557 -0.0363375
-0.033423 0.098225 -0.0148512
0.079277 0.100675 0.0110482
0.020127 0.0688915 0.0102125
0.046727 0.157375 -0.0208889
0.0723407 0.060775 0.0112625
-0.056873 0.149675 0.00801184
-0.024323 0.163685 -0.0128875
0.012777 0.150375 -0.00750947
-0.048123 0.164375 -0.0333471
0.000877008 0.085625 -0.00615567
0.0587635 0.115375 -0.0272375
0.0362642 0.123075 -0.0048375
-0.083823 0.061825 -0.0379273
-0.0392523 0.064275 0.0228125
-0.063873 0.175575 -0.0225381
-0.087673 0.0852634 -0.0055375
-0.060023 0.144075 -0.0247997
-0.053373 0.145663 -0.0030875
0.011027 0.10829 -0.0153375
0.057227 0.073375 -0.00249689
-0.032723 0.165737 -0.0408875
0.0575079 0.137075 -0.0268875
0.00600107 0.094725 -0.0111375
0.021177 0.151075 -0.0323739
-0.078223 0.089125 -0.0209192
0.038327 0.0788258 0.0287625
-0.0207623 0.113275 -0.0219875
-0.070173 0.0573732 -0.0139375
-0.0423207 0.122025 0.000762504
0.082427 0.139525 -0.0164052
-0.064573 0.161172 0.0098625
0.0428272 0.0622541 0.00557322
-0.0606142 0.160293 -0.0160116
0.086977 0.137775 -0.00741645
-0.059323 0.074425 0.03442
0.00578597 0.055525 0.0109125
-0.082073 0.139983 -0.0107875
-0.012423 0.0955089 0.0056625
-0.0733765 0.174875 -0.0149875
-0.0800347 0.140225 -0.0118375
0.0595431 0.115725 -0.00903749
-0.00997299 0.129375 -0.0276103
-0.0183787 0.054825 -0.0079875
-0.026423 0.130775 -0.0223373
0.042177 0.153875 -0.014956
0.0364561 0.055525 -0.0219875
-0.086623 0.140575 -0.0100596
0.0337169 0.0626418 -2.22229e-05
0.067727 0.130075 -0.0133441
0.0430935 0.084925 -0.00728749
-0.0347603 0.0568349 -0.00256526
0.0177499 0.064975 -0.0030875
0.0335551 0.0619844 -0.000475293
0.0210569 0.081775 0.0095125
-0.0870938 0.085275 -0.0093875
-0.0153117 0.121675 -0.0247875
-0.0462265 0.144425 -0.0314375
0.0317409 0.119225 -0.0125375
-0.036223 0.136725 -0.00238349
0.025727 0.130775 -0.0317822
0.051977 0.055624 -0.0139375
0.020127 0.158425 -0.0239261
-0.040773 0.174541 6.25029e-05
0.076827 0.123075 -0.0157595
-0.023623 0.162275 -0.0441579
-0.0416077 0.190975 -0.0191875
0.0422799 0.0823342 0.0161203
0.0922563 0.138475 -0.0121875
-0.059673 0.115025 0.00784561
-0.062123 0.0560564 0.0333125
-0.0304037 0.162275 -0.0310875
0.045677 0.132173 -0.0338875
-0.021523 0.0821116 0.0091625
-0.0352266 0.143311 -0.00115221
-0.011023 0.083175 -0.0306349
0.034127 0.124125 -0.0298101
0.013127 0.0664107 0.0042625
-0.077173 0.06936 -0.0279375
0.008927 0.146175 -0.00591129
-0.00303119 0.074425 -0.0146375
0.059677 0.0558039 -0.0240875
0.0397422 0.069525 -0.0391375
-0.060373 0.166388 0.0095125
0.00419849 0.097525 -0.0261875
-0.031673 0.0668732 -0.0384375
0.042877 0.0577192 -0.0205875
-0.071573 0.141975 -0.0143269
-0.0825494 0.073025 0.0067125
-0.0628702 0.056575 0.0189625
0.0327327 0.142675 -0.0027375
-0.090123 0.143725 -0.00794111
0.0103416 0.105575 -0.0177875
-0.03457 0.170325 -0.0391375
0.0323001 0.115375 -0.0079875
0.001577 0.123075 -0.000444125
0.00367701 0.087725 -0.0113977
0.0798625 0.086675 0.0179125
-0.059673 0.053425 -0.001699
-0.013823 0.189941 -0.0258375
-0.032023 0.173936 -0.0356375
0.0459937 0.091575 -0.0083375
0.021877 0.160532 -0.0233875
-0.073323 0.101375 -0.0209352
-0.033423 0.083175 -0.0294233
0.018377 0.058325 -0.0177998
-0.056736 0.15652 -0.00991765
-0.022223 0.113275 -0.0114912
0.041477 0.098225 -0.0336875
0.0411164 0.0692453 0.013246
-0.050573 0.0671001 0.0347125
-0.027823 0.136725 -0.00924491
0.030627 0.0861279 -0.0345875
-0.030973 0.158075 -0.00102737
-0.014523 0.108206 -0.0321375
0.049877 0.0616266 -0.0310875
-0.040423 0.140925 -0.0316627
-0.032373 0.072325 -0.0344803
0.041867 0.0780828 0.0195454
-0.0501574 0.158822 -0.00185645
-0.068773 0.145475 0.0129596
-0.048123 0.0568021 -0.0244375
-0.036223 0.0831583 0.0189625
-0.033423 0.185848 -0.0184875
-0.085923 0.167525 0.0102726
-0.012423 0.105925 0.00208881
-0.0807801 0.147225 -0.0104375
0.0403884 0.0790988 0.0149069
0.058977 0.0545355 -0.0226875
0.061777 0.081425 0.0221823
-0.077873 0.172772 -0.0062375
-0.049523 0.178725 -0.036095
-0.0592375 0.15418 0.00646215
0.0117335 0.112925 -0.0118375
-0.048123 0.169975 -0.0343905
0.061777 0.086032 0.00356251
-0.025023 0.182892 -0.0275875
0.028527 0.149325 -0.00442221
-0.0440105 0.143405 -0.00196087
-0.071573 0.142253 0.00181251
0.0153832 0.064975 -0.0083375
0.0397736 0.0551535 -0.0059155
-0.00402299 0.114675 -0.0344467
0.029227 0.161721 -0.0226875
0.062477 0.130613 -0.0139375
0.0357092 0.0947596 0.0145399
0.010327 0.0585232 0.00356251
0.0293011 0.064975 -0.0394875
-0.0935616 0.155275 0.0063625
0.0428245 0.082825 -0.0065875
0.029927 0.054825 -0.0227796
0.053027 0.0976626 -0.0181375
-0.027473 0.172425 -0.00285007
0.057577 0.0643589 -0.0240875
-0.099223 0.143706 0.000762504
0.000527009 0.148608 -0.0233875
-0.033423 0.184276 -0.0244375
0.014177 0.064702 0.0133625
-0.072973 0.081775 0.0149724
-0.0373778 0.178768 -0.00752151
-0.010323 0.0588172 0.0210625
-0.031323 0.0534128 -0.0300375
0.071227 0.143635 -0.0097375
-0.035523 0.116775 -0.0129827
0.0370697 0.120033 0.00536071
-0.088023 0.141275 0.0030939
-0.084523 0.181752 0.000762504
0.0413537 0.061825 -0.0377375
-0.034473 0.181238 -0.0013375
-0.0614047 0.073025 0.0305125
0.077527 0.128954 -0.0195375
0.0387372 0.057275 -0.0223375
0.0423888 0.0617821 0.00567134
0.015227 0.160875 -0.0225505
0.0362988 0.0971917 0.0132404
0.0347327 0.0555069 -0.00737465
0.049877 0.066375 -0.0326552
0.035877 0.0532625 0.0063625
-0.0771894 0.150092 0.0107292
-0.0346348 0.060075 0.0217625
0.0307477 0.0577903 0.0111024
-0.0202604 0.161575 -0.0121875
-0.084873 0.152143 0.0074125
-0.00059998 0.129025 -0.0338875
0.029577 0.124243 -0.0132375
0.077177 0.116058 -0.0037875
0.044627 0.088075 -0.0277907
0.0386037 0.112508 0.00703501
-0.0379618 0.085625 -0.0265375
-0.046373 0.18067 -0.0118375
-0.018023 0.122725 -0.0125429
0.0388468 0.0630739 -0.00458561
-0.016973 0.12098 -0.0086875
0.052677 0.094375 -0.0141743
-0.0553272 0.141661 -0.0242084
0.040777 0.108578 0.0182625
-0.067023 0.169304 -0.0216375
-0.0823039 0.065675 -0.0016875
-0.077173 0.104586 -0.0181375
-0.073673 0.062525 -0.0367167
0.00682701 0.061125 0.0117365
-0.0312897 0.148326 -0.0305517
-0.015573 0.070925 -0.0278149
0.0928853 0.138825 -0.0111375
-0.031323 0.123223 -0.0205875
0.0350873 0.105768 0.00970172
0.013827 0.063225 0.0242818
-0.082074 0.090525 -0.0174375
-0.055823 0.176625 -0.0250682
-0.057923 0.0752519 0.0249125
-0.0117107 0.130075 -0.00903749
0.033777 0.157619 -0.0240875
-0.026773 0.0953922 0.0021625
0.053727 0.0786878 0.0133625
0.0330914 0.0544874 0.00260457
0.083827 0.145382 -0.00728749
0.077118 0.099625 -0.0083375
0.030977 0.162275 -0.0206901
0.0367423 0.068463 0.0166038
-0.0541599 0.164375 -0.0300375
-0.050223 0.074775 0.0329761
0.0138327 0.148625 -0.0324875
0.079277 0.127275 -0.0109128
-0.091173 0.176275 0.0150008
-0.018023 0.0553493 -0.0034375
-0.053023 0.14575 -0.0027375
0.032377 0.101745 -0.0335375
-0.0777423 0.16539 -0.00378634
0.0579101 0.106975 -0.0223375
-0.0867772 0.061475 -0.0296875
0.073327 0.136386 -0.0086875
-0.0848109 0.164391 0.0119554
-0.070173 0.147225 -0.0187035
-0.098523 0.168925 -0.00799572
-0.0823104 0.105225 -0.0104375
-0.084173 0.063591 -0.0244375
-0.049873 0.057625 -0.0265738
-0.022923 0.163675 -0.0442354
0.025027 0.104196 -0.0251375
-0.047518 0.0569354 -0.00617713
-0.0159532 0.136406 -0.0185954
-0.033073 0.149595 -0.0380875
-0.095023 0.176275 -0.00469981
0.036577 0.143025 -0.0343195
-0.046723 0.0629793 0.0329625
-0.0411588 0.167525 -0.0373875
-0.052323 0.065675 0.0361536
0.092927 0.145765 -0.0086875
-0.018023 0.069175 -0.0287769
0.0464739 0.070925 -0.0338875
0.067027 0.108725 -8.57785e-05
-0.069123 0.055875 0.00498571
-0.070173 0.170406 0.0063625
0.016977 0.156304 -0.0160375
-0.0464693 0.082125 -0.0279375
0.0569943 0.097875 -0.0104375
-0.069473 0.143025 0.0137098
0.044977 0.093325 -0.0299669
-0.040423 0.116075 -0.0220016
0.0781689 0.116775 -0.0069375
-0.044273 0.113102 -0.0223375
0.0835 0.101025 0.00356251
0.0667002 0.103475 -0.000287496
-0.0196089 0.054475 -0.0041375
-0.059323 0.119925 -0.0231584
-0.088723 0.14464 0.0224625
-0.0607319 0.131825 -0.0083375
0.0384629 0.0826064 -0.0022298
-0.0177229 0.070575 -0.0293375
-0.0502657 0.140491 -0.0243452
0.005077 0.150265 -0.0135875
0.03284 0.0612186 0.0165869
-0.017323 0.155625 -0.0101788
0.018027 0.0641093 0.0217625
-0.0803667 0.141625 0.0172125
-0.0766187 0.14941 0.0102441
-0.0398888 0.142038 0.00200881
0.032727 0.090175 -0.0346778
-0.0402474 0.0570374 -0.0123926
-0.034123 0.060425 -0.0409961
-0.053723 0.179425 -0.0192076
-0.048123 0.175925 0.000410646
-0.012423 0.0640397 0.0217625
-0.0457242 0.109425 -0.0205875
-0.032023 0.132875 -0.00507269
0.0138325 0.067425 -0.0209375
0.048477 0.0984006 0.0217625
-0.036135 0.078275 -0.0293375
-0.078923 0.174818 0.00531251
0.029227 0.0643547 -0.0401875
-0.076473 0.0616879 -0.0142875
0.02989 0.0768799 -0.0344048
-0.012073 0.096125 0.00473059
0.070527 0.122725 -0.0194699
-0.00614462 0.142325 -0.0160375
0.086627 0.138824 -0.0153375
0.069127 0.11967 -0.0181375
-0.0750769 0.068475 -0.0212875
-0.0840533 0.151256 0.0122103
0.0253071 0.063925 -0.0461375
-0.060723 0.0537283 -0.0132375
0.0189302 0.071625 -0.0384375
0.026777 0.087025 -0.00258245
-0.015573 0.0747728 0.0172125
0.00822701 0.100162 -0.0156875
0.02891 0.148975 -0.0342375
-0.015573 0.070225 -0.0274259
-0.0254116 0.053425 0.00181251
0.094327 0.138235 -0.0107875
-0.029223 0.150725 -0.0410904
-0.091873 0.139525 -0.00718391
0.029577 0.125525 -0.0260235
0.048127 0.0891933 -0.0139375
0.066327 0.070225 -0.00974881
-0.098173 0.138185 -0.0062375
0.00779163 0.0628025 0.00390165
-0.080673 0.086325 0.0113233
-0.068773 0.0541024 -0.0037875
-0.048823 0.107675 0.00461574
-0.019423 0.113667 -0.0058875
-0.0776778 0.168225 -0.0104375
0.036227 0.120275 -0.0044773
0.070527 0.112639 0.0014625
0.027127 0.0861749 0.0056625
-0.0521442 0.142368 -0.0226801
-0.0999216 0.147925 0.0151125
0.076127 0.119575 -0.00661043
0.0160241 0.0640206 0.00335011
-0.033073 0.0665026 0.0263125
0.0623576 0.120625 -0.0121875
0.0311009 0.057625 0.0245625
0.055127 0.135341 -0.0062375
-0.046723 0.181309 -0.0349375
0.041827 0.0936187 -0.0044875
0.022927 0.131475 -0.0329541
-0.093973 0.141625 -0.00694934
-0.0118183 0.113275 -0.0321375
0.0322686 0.0556121 -0.00326728
0.0431635 0.0699206 -0.00141867
-0.0646917 0.166475 -0.0247875
0.0474455 0.087375 0.0242125
-0.083123 0.161925 -0.0174245
-0.041473 0.081425 -0.0277718
-0.059323 0.060868 -0.0268875
-0.066323 0.143725 0.0126016
-0.055823 0.124475 0.00386351
-0.0577498 0.156265 -0.0157018
0.053377 0.071975 -0.0246488
0.018377 0.096475 -0.0209775
0.053727 0.075825 -0.0017022
-0.055473 0.0581731 0.0144125
0.0188605 0.121675 -0.0163875
-0.0316059 0.176374 -0.020218
-0.0644067 0.140225 -0.0202375
-0.053723 0.0553529 0.0336625
-0.0184053 0.158078 -0.0105653
-0.032373 0.0584363 0.0221125
0.050227 0.118175 -0.0336123
0.060019 0.073725 -0.000637498
-0.055823 0.108433 0.00881251
-0.0790955 0.15257 0.0122595
-0.0243263 0.187125 -0.0251375
0.043927 0.157375 -0.018198
0.061777 0.106667 -0.0132375
-0.029923 0.130425 -0.00973142
-0.101379 0.140575 -0.0030875
-0.044273 0.112215 -0.0216375
0.053377 0.119887 -0.0324875
-0.060723 0.112575 -0.0225343
-0.0638002 0.144466 -0.0174529
-0.0567746 0.156385 -0.00773756
0.012427 0.111134 -0.0205875
0.043577 0.080725 -0.00533164
0.029927 0.124474 -0.0125375
-0.088723 0.143375 0.0230278
-0.013135 0.062875 0.000762504
0.037977 0.104875 0.0226936
-0.00402299 0.083875 -0.0269697
0.034128 0.0639551 0.0173457
-0.0857376 0.094375 0.000762504
-0.0235759 0.173475 -0.0433375
-0.102723 0.148793 0.0056625
-0.0126791 0.062875 6.25029e-05
0.0426384 0.056966 0.00523918
0.073327 0.087375 0.0207786
-0.096423 0.156325 0.00588301
-0.046023 0.176393 -0.0258375
-0.0492893 0.102775 0.0049625
-0.013823 0.065675 -0.0226814
-0.082773 0.098575 0.00522955
-0.0523167 0.156953 4.00172e-05
0.0376026 0.0623233 -0.00340736
0.038327 0.068125 -0.0402044
-0.0503111 0.144075 -0.0286375
-0.046023 0.17641 -0.0275875
0.036817 0.0593151 -0.00537208
-0.019423 0.063925 -0.025584
-0.0927209 0.169016 0.000133799
0.0431972 0.0724943 -0.00173404
-0.046023 0.141275 -0.00233453
0.055477 0.101025 -0.0181202
0.0387361 0.0744359 0.0130022
-0.0173277 0.071275 0.0203625
-0.034123 0.115632 -0.0170875
-0.012073 0.068825 0.0187735
0.0306913 0.116775 -0.0216375
-0.024323 0.173825 -0.00409054
-0.0358627 0.0556119 -0.000131285
-0.0353583 0.162975 0.000412505
-0.063873 0.124987 0.000412505
0.0349034 0.115161 0.00730015
-0.0209717 0.140225 -0.0212875
0.045327 0.104157 0.0203625
-0.08175 0.150595 0.0119022
-0.034823 0.0930639 0.0025125
-0.048823 0.123775 -0.0263003
0.026362 0.108019 -0.013125
-0.0356454 0.084925 0.0151125
0.0418779 0.081075 0.0284125
-0.074023 0.148625 -0.00818314
0.021527 0.159125 -0.0188474
0.015227 0.150375 -0.00709495
-0.056173 0.053775 0.0203839
-0.0495823 0.153175 -0.0296875
0.04482 0.091017 0.0170269
0.00582375 0.060425 0.0147625
0.0453155 0.098575 0.0266625
0.0814042 0.102775 -0.0058875
-0.0836042 0.160758 -0.00762836
-0.0814684 0.067425 -0.0121875
0.0772525 0.115725 -0.0034375
0.0163691 0.078275 0.0032125
0.0149314 0.063925 -0.0104375
-0.071923 0.071625 -0.0213758
0.081027 0.148275 -0.00663018
-0.080323 0.159448 -0.0118375
-0.042173 0.17272 0.0014625
-0.060023 0.099275 -0.0223122
0.0127519 0.113625 -0.0254875
-0.0134809 0.087025 -0.0321375
0.036227 0.100325 -0.0346144
-0.0636746 0.062875 0.0364625
0.0744914 0.064275 -0.0020375
0.041827 0.145475 -0.0328389
0.044277 0.096125 -0.0319766
-0.0878475 0.152053 0.00200468
0.046479 0.078275 -0.0156875
-0.0837801 0.101725 -0.0086875
0.0733422 0.121325 -0.0062375
0.060377 0.110474 -0.0191875
0.0327059 0.0575585 0.0115434
-0.023973 0.162975 -0.00442789
-0.013123 0.070925 0.0197586
-0.0275322 0.100469 -0.0087776
0.056877 0.0805867 0.0154625
0.0161196 0.090875 -0.0233875
0.054777 0.0542568 -0.0079875
0.0850521 0.125525 -0.0125375
-0.033423 0.1491 -0.0366875
-0.072973 0.085975 0.0147616
0.059677 0.106645 -0.0167375
-0.0300663 0.168225 -0.0020375
0.036227 0.129725 -0.0329854
-0.030973 0.174016 -0.0363375
0.0402407 0.0563857 -0.00643571
0.062116 0.116425 -0.0202375
-0.048123 0.0559957 0.0249125
-0.091173 0.171989 0.00531251
0.056877 0.063575 0.02478
-0.054773 0.132497 -0.0016875
0.016627 0.084741 -0.0282875
-0.0843049 0.081775 0.0063625
-0.00854885 0.064975 -0.00728749
-0.0612069 0.160864 -0.0144035
0.082777 0.0822758 0.0077625
-0.039373 0.0976464 -0.0093875
-0.034123 0.092275 0.00461943
0.049877 0.132525 -0.0331287
0.057927 0.0712371 -0.0048375
-0.064223 0.139174 -0.0212875
-0.0758621 0.115725 -0.0013375
0.071227 0.138125 -0.0106487
-0.0570875 0.068125 0.0371625
0.020827 0.0837183 0.0042625
0.0236562 0.098225 -0.0296875
-0.054423 0.0766106 0.0301625
-0.074373 0.064975 -0.0373542
0.066677 0.122725 -0.0180839
0.077877 0.143935 -0.0149875
-0.070873 0.167525 0.0149061
0.0633372 0.089825 0.00356251
-0.0626076 0.074075 0.0364625
0.032727 0.0616422 -0.0468375
-0.070873 0.167175 0.0149593
0.030277 0.074425 0.0182752
-0.048823 0.099275 0.00603084
0.014177 0.15916 -0.0230375
-0.023623 0.073025 -0.036075
-0.012073 0.073025 -0.0266793
-0.0837696 0.15035 -0.00714605
-0.00297299 0.145246 -0.0160375
0.042877 0.0535113 0.0144125
0.0440243 0.077575 -0.0331875
0.031865 0.060775 -0.0464875
0.029577 0.084925 -0.000634111
-0.055123 0.149324 0.0077625
-0.0620783 0.095425 -0.0237375
-0.0445512 0.143725 -0.0020375
0.075777 0.119925 -0.0165909
-0.078573 0.162671 -0.0083375
-0.079973 0.0616092 -0.0023875
-0.0249368 0.107325 -0.0188375
0.008577 0.0657407 0.0116125
0.035343 0.0889977 0.0117929
-0.0368841 0.162625 0.0011125
-0.0369747 0.0558345 0.000876181
0.053727 0.077575 0.0185404
0.047077 0.060775 0.0218827
-0.091523 0.172346 0.00531251
-0.0478032 0.180475 -0.0366875
-0.091873 0.163325 -0.00574401
0.0645529 0.053775 0.0049625
0.044627 0.076525 0.00952376
0.031327 0.0547715 -0.0027375
-0.060723 0.160875 0.00336465
-0.0427986 0.097525 -0.0125375
0.070527 0.095775 0.0156799
0.0166116 0.079675 0.0011125
0.027127 0.142675 -0.00289166
-0.079973 0.164375 0.0132136
-0.0384237 0.177675 -0.0079875
-0.022573 0.116075 -0.0181078
-0.043573 0.0540764 -0.0377375
-0.033423 0.096125 -0.01586
0.045327 0.152671 -0.0149875
0.0099612 0.057975 0.0168625
0.034127 0.059725 0.0252375
0.0814166 0.099625 0.0095125
0.0272059 0.070575 -0.0415875
0.0382491 0.0623426 -0.00357022
-0.0663229 0.156239 -0.021578
0.036577 0.133925 -0.00251319
0.0188241 0.082125 -0.000637498
0.049527 0.0966308 -0.00903749
-0.071573 0.117819 -0.0163875
0.050927 0.153175 -0.0208769
-0.0866431 0.150481 0.0108798
-0.030973 0.067775 0.0256709
-0.00437298 0.083194 -0.0268875
-0.026773 0.172425 -0.0427006
-0.0823508 0.169975 0.0165125
-0.023623 0.140575 -0.0251074
0.048827 0.116425 -0.0336416
-0.081373 0.163675 0.00961352
-0.0243338 0.103825 -0.0237375
-0.0864775 0.090525 0.0011125
-0.0368719 0.125525 -0.0027375
0.0458811 0.102775 0.0161625
-0.016973 0.126925 -0.0202213
0.056177 0.150657 -0.0202375
-0.0226341 0.181024 -0.0268414
-0.069123 0.157725 -0.0163507
-0.021173 0.102075 6.46003e-05
-0.0376893 0.140585 -0.00233066
-0.0522952 0.146001 0.00311658
0.034127 0.108725 0.00945697
-0.075773 0.109287 -0.0174375
0.035177 0.080025 0.0286792
-0.048473 0.118175 0.00432255
0.017677 0.088075 -0.0285541
0.039727 0.062875 -0.027004
0.021177 0.129025 -0.0316517
-0.0675223 0.171025 0.0011125
-0.0464637 0.144775 -0.0314375
0.0568566 0.106975 -0.0097375
-0.104823 0.156633 0.0119625
-0.070873 0.147957 0.0116125
0.0345184 0.0550929 0.000698742
0.000527009 0.139525 -0.0310241
-0.011023 0.132525 -0.0238856
0.042527 0.136725 -0.0344773
0.0440282 0.107675 0.0151125
0.077527 0.128675 -0.0194427
-0.103073 0.148305 0.00706251
0.00927702 0.144815 -0.0328375
-0.0289904 0.056575 -0.0244375
0.026427 0.126512 -0.0118375
0.066677 0.097175 0.0102156
0.062127 0.117088 -0.0209375
0.039377 0.160875 -0.0198457
0.026777 0.151908 -0.0062375
0.067727 0.083875 0.00210497
0.0730903 0.060775 -0.000287496
0.053727 0.129025 -0.0321342
-0.00682299 0.086188 0.0039125
-0.077873 0.140505 -0.0104375
0.0364953 0.0676104 0.0158859
0.071927 0.102075 0.0112995
-0.085573 0.164025 -0.0161165
0.074727 0.134625 -0.0196934
-0.056873 0.0587466 -0.0328375
0.0313751 0.115375 -0.0247875
-0.079623 0.0674174 -0.0195375
0.022927 0.078625 0.0140065
0.0160647 0.0649228 0.00330492
-0.078223 0.110122 -0.0135875
-0.088723 0.139231 -0.0069375
0.025854 0.077925 0.0165125
-0.024673 0.141975 -0.02568
0.00718902 0.061125 0.0168625
-0.028873 0.158393 -0.0331875
-0.067723 0.158779 -0.0233875
-0.0659046 0.153687 -0.000456708
-0.040773 0.17499 -0.0265375
-0.056173 0.0565469 -0.0212875
-0.0530629 0.156606 0.000124111
0.044627 0.060075 0.0202079
0.015227 0.144075 -0.0346065
-0.0772202 0.162448 0.0102233
-0.0305253 0.097175 -0.0191875
-0.035873 0.096115 -0.0097375
0.039377 0.074075 0.0255098
0.0393594 0.0931612 0.0127362
-0.0256173 0.073725 -0.0352875
0.0430317 0.0630421 0.00929001
-0.080673 0.147435 -0.0100875
-0.0606942 0.113625 -0.0226875
-0.013123 0.070225 0.0199704
-0.019423 0.0575822 0.0084625
0.055127 0.064625 -0.0275143
-0.083473 0.16648 -0.0037875
0.0364274 0.056575 0.0259625
0.063527 0.12073 -0.0195375
-0.065273 0.169189 0.0084625
-0.0845684 0.073375 -0.0097375
0.063177 0.0840018 0.0025125
0.00997701 0.1035 -0.0195375
0.0387705 0.058675 -0.0468375
-0.057223 0.0576588 0.0126625
-0.000622332 0.089825 -0.0013375
-0.050923 0.171924 0.00356251
-0.068423 0.075475 0.0192159
-0.030623 0.123775 -0.0146512
-0.058623 0.079675 0.0189646
0.024677 0.161029 -0.0209375
0.031839 0.080025 0.0235125
-0.079973 0.166475 -0.0136071
-0.055823 0.158775 -0.0280134
0.0142019 0.121325 -0.0083375
-0.0449853 0.099625 -0.0135875
-0.0453922 0.151775 -0.0331875
-0.086623 0.169275 0.0137773
-0.0224357 0.18038 -0.0255531
-0.090123 0.172037 -0.0069375
-0.0546803 0.139175 -0.0170875
0.0154441 0.0645829 0.00311602
-0.0724658 0.174875 -0.0104375
0.0367456 0.0604011 -0.000234514
0.062127 0.0531264 0.0028625
0.047777 0.085975 -0.00734814
-0.0996358 0.147575 0.0158125
0.0808954 0.077575 0.0161625
0.035177 0.070925 0.0256256
0.0543552 0.099975 -0.0202375
-0.00647299 0.099625 -0.0335842
0.062827 0.062175 -0.0191766
-0.030623 0.101323 -0.0118375
-0.0212121 0.141275 -0.0237375
-0.0595261 0.153573 0.00215433
-0.010323 0.143604 -0.0209375
-0.045323 0.069525 -0.0361941
-0.015923 0.077925 -0.0305906
-0.058444 0.087025 -0.0335375
0.038677 0.0548423 -0.0093875
-0.020473 0.068475 -0.0354966
-0.020473 0.058675 0.00493401
0.039727 0.155975 -0.0166819
-0.0902952 0.150364 -0.00331738
0.0333189 0.088425 0.0249125
0.067377 0.098575 0.0101658
-0.0404645 0.123075 -0.0261875
0.073327 0.147651 -0.0121875
-0.0314444 0.168225 -0.0328375
-0.0727777 0.148625 -0.0163875
0.029927 0.154575 -0.00990242
0.0822504 0.105925 -0.0020375
0.0423716 0.055875 -0.0195375
-0.040773 0.0668108 0.0249125
-0.0680289 0.083525 -0.0331875
-0.0289482 0.136025 -0.0265375
0.023977 0.094025 -0.0318915
0.023633 0.151775 -0.0321375
0.00752701 0.0567438 0.0119625
-0.0531432 0.158081 -0.00419005
-0.0344571 0.170675 -0.0307375
0.018027 0.071975 -0.0296035
0.017327 0.095075 -0.0200244
0.0778375 0.093325 -0.0048375
-0.048823 0.177127 -0.0268875
0.053027 0.0694243 -0.0251375
0.0155824 0.0731856 -0.00506813
-0.0551078 0.160987 -0.00849751
-0.031673 0.0580584 0.0116125
-0.084873 0.168225 -0.00221775
-0.014523 0.122725 -0.00669249
0.022577 0.063575 0.0154208
-0.0316975 0.102075 -0.0142875
-0.075073 0.148533 -0.0121875
0.0462334 0.084575 -0.0139375
-0.033423 0.0594608 0.0140625
-0.091523 0.146525 0.0215638
-0.020823 0.066375 -0.0351711
0.0533545 0.078275 -0.000637498
-0.028873 0.057275 -0.0285198
-0.065273 0.0586851 0.0119625
-0.069823 0.150269 -0.0177875
-0.071923 0.169645 0.0091625
-0.093273 0.155467 0.0084625
0.079277 0.085975 0.0187124
-0.026073 0.169275 -0.00424202
-0.0303782 0.131125 -0.0083375
0.038677 0.0861414 -0.0349375
-0.031323 0.164725 -0.0311406
0.028527 0.070575 -0.0451785
-0.073323 0.104875 0.00993339
-0.0120483 0.077225 0.0133625
0.050927 0.147466 -0.0265375
0.087327 0.129455 -0.0132375
-0.0813137 0.179075 0.0028625
0.0376716 0.101375 0.0235125
-0.021523 0.112575 -0.0213761
-0.065623 0.139525 -0.0201059
-0.0134729 0.160565 -0.0116876
0.0421753 0.0617611 0.00866756
-0.033773 0.166125 -0.00119516
-0.0140044 0.149383 -0.00826106
0.058977 0.129716 -0.0086875
0.0450865 0.0568321 0.00243186
-0.036923 0.055875 0.00986763
0.0343613 0.094725 -0.0030875
-0.049523 0.054475 0.0312298
-0.0633161 0.151526 -0.0137533
-0.032023 0.098225 -0.016094
-0.060042 0.146006 0.00461296
0.058977 0.066375 -0.0196951
-0.0726467 0.148833 0.00719447
-0.054073 0.114675 -0.0240334
-0.047073 0.168575 0.00284075
0.0501513 0.077925 -0.0258375
-0.011373 0.120942 -0.0307375
-0.044273 0.068825 -0.0361709
0.034127 0.058675 -0.0249624
-0.029573 0.0568268 0.0091625
-0.028173 0.087375 0.00811614
-0.057923 0.145175 0.0056625
-0.060723 0.160525 0.00417943
0.0341562 0.102393 0.0160369
0.063877 0.054825 -0.0209503
-0.061423 0.087725 -0.0339531
-0.091173 0.143725 0.0111284
0.00376465 0.0573121 0.0113115
-0.00402299 0.086675 -0.0283238
-0.037623 0.0858932 0.0165125
-0.020823 0.185375 -0.0287545
-0.028873 0.185746 -0.0195375
0.055127 0.140575 -0.00902703
-0.030973 0.127625 -0.0101149
0.031677 0.068475 -0.0469249
0.0249471 0.100325 -0.0086875
-0.0735584 0.173825 -0.0020375
0.0913812 0.148625 -0.0076375
0.036927 0.089475 0.0296471
-0.037973 0.172867 -0.0293375
-0.0224039 0.149597 -0.0104278
-0.0294839 0.0970122 -0.0052348
-0.069473 0.071625 0.0158218
-0.073323 0.104525 -0.0203234
-0.035173 0.0981787 -0.0111375
0.061427 0.0708543 -0.0044875
-0.054073 0.0534814 -0.0121875
-0.060023 0.0751037 -0.0349375
0.048477 0.064975 -0.0340302
-0.039723 0.0878902 -0.0226875
0.0183345 0.067425 -0.0279375
-0.0355997 0.117475 -0.0125375
-0.0099647 0.074425 -0.0258375
-0.0229317 0.112575 -0.0181375
-0.0423713 0.0562801 -0.0104502
0.0359164 0.084925 0.0091625
0.0320105 0.0601741 0.0159896
-0.0293208 0.120512 -0.0184799
0.0759064 0.118875 -0.0160375
-0.025023 0.0556113 0.0091625
-0.078923 0.0675515 -0.0198875
-0.029573 0.169625 -0.0397244
0.0137431 0.087981 -0.0153688
-0.022573 0.112225 -0.0114863
0.074027 0.065325 0.0193015
-0.043573 0.053775 -0.015411
-0.0335943 0.115253 -0.0155034
0.037627 0.106202 0.0203625
-0.026073 0.164025 -0.00377586
-0.016273 0.082825 -0.0317867
0.0376073 0.0547133 -0.00383466
-0.047073 0.173125 0.00257606
-0.048473 0.170675 -0.0324841
0.00962701 0.0654034 0.0158125
-0.00893617 0.068475 0.0165125
0.061777 0.142123 -0.0198875
-0.065273 0.16114 0.0060125
0.025377 0.0528372 -0.0139375
0.0711781 0.144075 -0.0132375
0.048827 0.089125 -0.00864067
-0.0306789 0.055525 0.0161625
0.0190565 0.094025 -0.0111375
-0.017323 0.0674456 0.0196625
-0.0505938 0.14335 0.00763955
-0.064573 0.167019 -0.0247875
-0.0435097 0.180125 -0.0121875
-0.030273 0.0562053 0.0084625
0.0398293 0.0572608 0.00505208
-0.021873 0.115186 -0.0125375
0.028527 0.0873045 0.0081125
-0.0372755 0.089475 0.00881251
-0.012073 0.0742659 0.0151125
-0.082773 0.078625 -0.0157393
-0.0552592 0.155357 0.000935011
0.0442804 0.105925 0.0189625
0.028177 0.0670806 -0.0377375
0.022577 0.0838553 0.0105625
0.086277 0.141967 -0.0142875
0.0350456 0.0556949 0.00429163
-0.046023 0.081775 -0.0279904
0.024327 0.124613 -0.0240875
0.0379012 0.0828346 -0.00215518
0.024327 0.087375 -0.00394107
-0.077523 0.0625373 -0.0139375
0.0435035 0.0609539 0.00402828
0.0752619 0.080375 0.0224625
0.071227 0.0538806 -0.0076375
0.00221103 0.148275 -0.0254875
0.0663266 0.106275 -0.0016875
0.00262702 0.139875 -0.0323326
-0.092223 0.165662 -0.0030875
0.0101124 0.118525 -0.0051875
0.027127 0.067775 -0.0377149
0.082077 0.124475 -0.0110939
-0.028873 0.171025 -0.0119268
-0.0890911 0.057975 -0.0286375
0.018727 0.133575 -0.0345568
0.039027 0.0605241 -0.0398375
-0.0424929 0.0550211 0.00220267
0.0503543 0.096475 -0.0254875
-0.011756 0.083175 0.0077625
-0.0794914 0.085275 0.0119625
-0.063145 0.073375 0.0224625
-0.088723 0.167465 -0.0034375
-0.0108453 0.064625 -0.0170875
0.069827 0.0536378 -0.0097375
0.027827 0.063225 -0.0450266
0.038327 0.069875 -0.0392772
0.016277 0.12553 -0.0317875
0.0453538 0.0759506 -0.000950047
0.036927 0.058325 -0.0239254
-0.0377084 0.172425 6.25029e-05
-0.053373 0.144748 -0.0065875
-0.075423 0.0583832 0.0011125
-0.046723 0.179075 -0.0072738
-0.035873 0.067075 -0.0377339
0.0379987 0.0575215 -0.00499941
0.028877 0.055525 0.0066773
0.057927 0.101025 -0.0140098
0.055827 0.12502 -0.0310875
-0.0281462 0.130775 -0.0230375
0.0460304 0.066725 -0.0370375
0.0362097 0.104875 0.0210625
0.029927 0.0552625 -0.0482375
-0.093273 0.176275 0.00561209
-0.079623 0.17301 0.0091625
-0.0445388 0.0558394 -0.00513941
-0.075773 0.139699 -0.0142875
-0.044623 0.181676 -0.0331875
0.063177 0.139175 -0.0163759
0.049527 0.146875 -0.0286095
0.063177 0.0722619 -0.0020375
-0.053023 0.0789602 0.0242125
-0.051973 0.059375 0.0147372
0.0748709 0.065325 0.0175625
-0.0262134 0.152125 -0.0373875
-0.024673 0.089825 -0.0311244
-0.0852374 0.094375 0.0021625
0.0413469 0.0632328 0.00970577
0.038327 0.15521 -0.0146375
0.079277 0.0726724 0.0081125
0.040777 0.111563 0.0154625
-0.060373 0.177607 -0.0223375
0.0316629 0.076875 0.0252625
-0.0828838 0.059025 -0.0310875
-0.040423 0.0907698 -0.0156875
-0.0378944 0.143725 0.00181251
0.060027 0.144425 -0.0169849
0.0504854 0.075125 -0.0272375
-0.082423 0.098225 0.00605632
0.060377 0.063925 0.0249619
-0.083123 0.169975 -0.00865094
-0.085923 0.0587374 -0.0209375
-0.00876005 0.0674394 0.0116833
0.0338992 0.063225 -0.0468375
0.005427 0.0914919 -0.0135875
-0.065623 0.143905 -0.0128875
0.090827 0.144075 -0.00527525
0.008927 0.106607 -0.0097375
-0.036573 0.061125 0.0164638
-0.021523 0.138825 -0.0242616
-0.0271368 0.103825 -0.0177875
-0.044973 0.0536178 0.00531251
-0.080673 0.159825 -0.0115312
0.053377 0.067775 0.0242974
0.0644893 0.104982 -0.00521505
-0.014173 0.127975 -0.010441
-0.039373 0.169625 0.00043017
-0.037623 0.111175 -0.0165607
0.035527 0.0547187 0.0259625
-0.058623 0.168225 0.0067899
-0.043573 0.057975 0.0279272
-0.052673 0.175957 -0.0293375
-0.085573 0.074083 -0.0069375
0.050927 0.0776501 0.0098625
0.022927 0.125875 -0.0122722
0.0353691 0.082825 0.0298125
0.0457995 0.0561596 0.000543135
0.016982 0.066025 0.0011125
-0.078923 0.164075 0.0130125
0.053377 0.0938415 -0.0125375
-0.00367299 0.1417 -0.0104375
-0.011723 0.120975 -0.0304013
-0.0767478 0.141975 -0.0156875
-0.0669848 0.148275 -0.0205875
0.045327 0.151098 -0.0114875
0.0307043 0.0763394 -0.0376346
0.00997701 0.065675 0.0152425
0.0252023 0.086325 0.0077625
-0.0262166 0.103125 -0.0209375
0.071227 0.136008 -0.0191875
-0.0840078 0.149162 -0.0049511
-0.0917403 0.174175 -0.0048375
-0.044273 0.0560328 -0.0244375
0.046377 0.153525 -0.0165447
-0.0855427 0.150375 0.0105689
0.032727 0.147225 -0.0343022
0.055827 0.057275 -0.026475
-0.053023 0.107325 -0.0223699
0.0159158 0.065675 -0.00728749
0.0421758 0.153875 -0.0258375
0.0509223 0.094725 -0.0170875
-0.027123 0.089825 -0.0296306
-0.070173 0.156042 -0.0191875
-0.078223 0.060152 -0.0058875
0.0486962 0.075566 -0.00234938
0.042877 0.055623 0.0056625
-0.096773 0.138981 -0.0048375
-0.022573 0.106588 -0.0244375
-0.071573 0.086325 -0.0305363
0.0357778 0.0576723 -0.00523941
0.044277 0.063925 -0.0373126
-0.0878232 0.169275 0.0102125
-0.020473 0.0832505 0.0095125
0.078577 0.0969017 0.0140625
-0.0413609 0.106975 -0.0097375
-0.088723 0.140647 -0.0020375
-0.0610677 0.130075 -0.0055375
0.0350067 0.0890349 0.0116492
0.0266625 0.0588 0.00805106
-0.0820594 0.067775 0.0046125
-0.103058 0.141625 -0.000637498
0.0504992 0.077925 -0.0037875
0.020127 0.083175 -0.0042468
0.068077 0.092124 -0.000637498
0.040427 0.098925 -0.00330673
-0.0809868 0.149861 -0.00342272
0.00752701 0.132566 -0.0349375
0.00772665 0.062875 0.0238625
-0.082423 0.0655188 -0.0048375
0.00472701 0.0914622 -0.0107875
-0.044623 0.113275 -0.0226638
-0.012423 0.115375 -0.000528481
-0.0580017 0.160137 -0.0156428
-0.00223374 0.142325 -0.0268875
-0.038323 0.074425 -0.0288062
0.023977 0.151775 -0.0321696
0.0401072 0.0911377 -0.00426255
0.011377 0.147925 -0.00624443
-0.035523 0.163675 -0.000328928
0.0478144 0.070575 -0.0296875
-0.045711 0.104525 -0.0037875
0.017677 0.063575 0.0228716
0.0372634 0.0742364 0.0166933
-0.049531 0.144075 -0.0289875
-0.058273 0.157025 -0.0254744
0.025377 0.063575 -0.0289861
-0.058273 0.18027 -0.0153375
-0.060723 0.129375 -0.00301275
-0.0025409 0.074775 -0.0086875
-0.046373 0.174525 0.00170834
0.027827 0.057275 0.00704445
-0.037623 0.190625 -0.017445
-0.095023 0.141755 -0.0030875
-0.017323 0.078275 0.0140547
-0.0203571 0.124923 -0.0163885
-0.081373 0.15187 0.0056625
-0.038673 0.174069 -0.0321375
-0.0200571 0.054125 -0.0058875
0.0238266 0.0606269 0.0078693
-0.0233236 0.153175 -0.0121875
0.0352482 0.0589158 -0.00294871
-0.019073 0.0903059 0.0060125
0.069477 0.088075 0.0208291
-0.0307661 0.120658 -0.0159188
-0.093273 0.169625 0.000463091
0.0593886 0.082125 0.0189625
0.042177 0.054825 -0.0184879
-0.089773 0.146048 0.0214125
-0.048123 0.112575 -0.0236391
0.00196232 0.155975 -0.0202375
-0.0952386 0.179075 0.00356251
0.0589505 0.099975 -0.0111375
-0.056173 0.076175 0.0254619
-0.057923 0.121325 0.005413
-0.0217897 0.103125 -0.0275875
-0.085223 0.062175 -0.0304757
0.070527 0.138475 -0.0111206
-0.0208097 0.148202 -0.00899708
-0.024323 0.150725 -0.00340062
-0.071573 0.121117 -0.0034375
-0.0868847 0.151387 0.0131555
0.031327 0.118875 -0.0140202
-0.0522978 0.145043 0.00427901
-0.073673 0.0563647 -0.0030875
0.0452626 0.0720933 -0.00335999
-0.00647299 0.098225 0.00326442
0.0374933 0.123022 0.00522075
-0.084173 0.165425 -0.00478826
0.049177 0.156325 -0.0181903
0.026077 0.0640764 -0.0429875
-0.00673861 0.137075 -0.0261875
-0.0817545 0.067425 -0.0111375
0.0851424 0.145825 -0.0069375
-0.0396911 0.1409 -0.00175665
0.0189202 0.060425 -0.0044875
0.0733326 0.065325 0.0203625
0.0348736 0.104875 0.0193125
0.00577702 0.122725 -0.0345478
-0.029923 0.084925 -0.0297593
-0.098173 0.143282 -0.000287496
0.080677 0.099625 0.0105706
0.026427 0.086675 -0.00249133
0.0831838 0.095425 -0.000287496
0.044977 0.159454 -0.0195375
-0.020118 0.058325 0.0067125
-0.077523 0.0624141 0.0063625
-0.0702377 0.094025 0.0137125
-0.00805217 0.123075 -0.0013375
-0.061423 0.057275 0.0348334
-0.0772852 0.066725 0.0102125
-0.0828513 0.16894 0.00124819
0.0225184 0.075453 -0.0397488
-0.0673244 0.066375 0.0189625
-0.0337992 0.145609 -0.0307867
0.058504 0.0692723 -0.00620234
-0.062823 0.145331 0.0028625
-0.0227403 0.147663 -0.00904078
0.0151049 0.070225 0.0011125
-0.102023 0.158425 0.0127017
0.043227 0.153408 -0.0146375
0.048827 0.141625 -0.00514839
-0.0190683 0.073375 0.0154625
-0.035873 0.069875 0.0267702
-0.000321284 0.152125 -0.0219875
-0.072973 0.162625 -0.00861292
-0.050923 0.085975 0.0207217
-0.059673 0.053285 -0.0097375
-0.037973 0.071975 -0.0296775
0.073327 0.114675 -0.0162729
0.063527 0.141275 -0.0178861
-0.027123 0.161876 -0.0258375
-0.023273 0.106625 -0.00689876
-0.037973 0.172075 4.98183e-05
-0.056873 0.101025 -0.021534
-0.038323 0.150725 0.00129927
-0.065973 0.173475 0.00178901
-0.043223 0.0731654 -0.0338875
0.0476751 0.0715133 -0.00334412
-0.025723 0.171374 -0.0405375
0.0474517 0.150725 -0.0128875
-0.076823 0.069175 -0.0271996
-0.041123 0.190275 -0.0217767
0.034127 0.0999699 0.0207125
0.0777166 0.124475 -0.0156875
-0.0467257 0.103125 -0.0167375
0.00717701 0.148446 -0.0289875
-0.048823 0.143375 -0.028616
0.028527 0.0534131 -0.0023875
0.028527 0.0705256 0.0182625
0.047077 0.142675 -0.0324831
0.057577 0.099275 -0.0106048
0.015227 0.122025 -0.00901332
0.0134221 0.151425 -0.0083375
-0.0794785 0.111175 -0.0100875
-0.036223 0.163325 0.000856519
-0.060373 0.072675 0.0408044
0.025027 0.097525 -0.00771193
-0.020473 0.184675 -0.0288762
-0.019199 0.167525 -0.0093875
0.046377 0.072675 -0.0303826
-0.052323 0.111525 0.00687049
-0.0225613 0.069875 0.0186125
-0.038673 0.066375 0.0253384
-0.0784646 0.067425 -0.0181375
-0.0732469 0.172075 0.0021625
0.042287 0.0785504 0.0185386
-0.076823 0.083175 -0.0212792
0.031677 0.064975 0.0229295
-0.0099352 0.173825 -0.0100875
0.0381284 0.0743926 0.0129882
0.0431097 0.0595791 0.00299079
0.038327 0.092975 -0.0341946
0.019427 0.076175 0.0105816
-0.081723 0.067775 -0.0255245
0.0396287 0.0892337 0.0140552
0.0407203 0.0680929 0.0156754
0.069127 0.097904 0.0133625
-0.0654555 0.153801 -0.000465204
0.073677 0.143375 -0.0157469
0.03581 0.0597827 -0.00262555
0.00509582 0.106275 -0.0300375
0.016977 0.063925 -0.00587393
-0.076123 0.070575 0.0125206
-0.075773 0.058127 -0.0086875
0.037277 0.102775 0.0225051
-0.027123 0.075825 0.0170972
0.0474925 0.081775 -0.0086875
-0.052673 0.159825 -0.0288036
0.050927 0.155975 -0.0208445
-0.0302549 0.144075 -0.0289875
0.033077 0.148625 -0.033853
0.040427 0.104458 0.0249125
0.0451514 0.098225 -0.0321375
-0.070873 0.162351 0.0091625
-0.094323 0.167525 -0.00449793
0.064577 0.084575 0.0210033
-0.078923 0.059025 -0.0386731
-0.075073 0.173076 0.0014625
-0.0845964 0.169975 0.0011125
-0.053373 0.175208 0.0028625
0.0528725 0.077575 -0.0016875
-0.085579 0.096825 -0.0027375
-0.0715944 0.157375 -0.0202375
0.013127 0.147225 -0.0331697
0.0211328 0.083525 -0.0324875
-0.0870307 0.082825 0.000762504
-0.030973 0.0555769 0.0168625
-0.00542299 0.133925 -0.00499448
-0.0873922 0.086325 -0.0079875
-0.039723 0.161225 0.000768062
-0.00542299 0.075475 -0.0220786
-0.065273 0.173825 0.00287857
0.0175522 0.0716847 -0.0363575
-0.0791459 0.173475 0.0074125
-0.042523 0.0746621 -0.0310875
-0.050573 0.160088 -0.0317875
0.051277 0.118175 -0.033329
-0.0377958 0.084575 0.0186125
-0.0737046 0.148975 -0.0079875
0.020827 0.100675 -0.0193264
0.0175385 0.081075 -0.0013375
0.0359469 0.123075 -0.0051875
-0.072273 0.082825 -0.0290807
0.071912 0.137425 -0.0184875
-0.0348078 0.071625 -0.0303875
-0.054073 0.0790983 -0.0359875
-0.0656853 0.153346 -0.0024304
-0.072623 0.089475 -0.0286418
0.023977 0.056771 0.0140625
-0.034823 0.17213 -0.0258375
-0.104123 0.145154 -0.000637498
0.00187676 0.103475 -0.0317875
0.0252261 0.103825 -0.0261875
-0.035523 0.053075 -0.0318426
-0.00542299 0.128325 -0.00231899
-0.043223 0.0659696 0.0228125
0.079977 0.102425 -0.00722583
-0.063523 0.168575 0.00772951
-0.023639 0.104875 -0.0055375
0.0284486 0.123075 -0.0177875
0.061077 0.0853156 0.00706251
0.035877 0.118525 0.00883794
0.066327 0.126925 -0.0132019
-0.027123 0.166475 -0.00392953
-0.0591823 0.071625 0.0403125
0.035877 0.119925 0.00839303
-0.067373 0.072325 -0.024402
0.048477 0.0760528 -0.0121875
-0.080673 0.167875 0.016038
-0.0477822 0.143025 -0.0037875
-0.069123 0.161562 -0.0226875
-0.021523 0.151075 -0.0248857
0.0468037 0.157375 -0.0195375
-0.0412498 0.0996052 -0.00964301
0.0432573 0.0588717 0.00225207
0.054777 0.0677442 0.0249125
0.0560008 0.070575 -0.0212875
-0.022573 0.110269 -0.0097375
-0.026073 0.182575 -0.0191813
-0.086623 0.159501 -0.0086875
-0.027123 0.053425 -0.00743668
0.051277 0.149504 -0.0153375
0.045677 0.093675 -0.00686247
0.036577 0.056575 0.0138875
0.039377 0.0849386 0.0133625
-0.087673 0.139875 -0.00898527
-0.0803336 0.148912 -0.00421223
0.0143812 0.115025 -0.0233875
-0.058273 0.154134 -0.0247875
-0.0519664 0.14669 8.17064e-05
0.0646344 0.11561 -0.00998477
-0.021873 0.182925 -0.0281988
0.068777 0.116425 -0.00284617
0.055827 0.062875 -0.0275968
-0.051973 0.054125 0.0216258
0.0217949 0.161225 -0.0230375
-0.0191201 0.098925 0.0028625
0.0648451 0.115161 -0.00943902
0.014177 0.0632308 0.0175625
0.052196 0.136725 -0.0048375
0.011727 0.113614 -0.0272375
0.0578132 0.068825 -0.0198875
-0.054423 0.175225 -0.0272865
0.072977 0.055875 -0.0087547
-0.0525698 0.138825 -0.0219875
-0.063523 0.176749 -0.0198875
-0.013123 0.151425 -0.00810916
-0.023273 0.150018 -0.0415875
0.042527 0.0884043 -0.0314375
-0.042873 0.174789 -0.0282875
0.012427 0.112482 -0.0149875
-0.0227763 0.057275 0.0063625
0.00717701 0.0965859 -0.0167375
0.025027 0.12384 -0.0205875
-0.061423 0.0746228 0.0371625
0.075077 0.115375 -0.00136695
-0.036573 0.17256 -0.0303875
-0.0929823 0.179775 0.0025125
-0.0227888 0.095775 -0.0296875
-0.0512188 0.144698 0.00433613
0.0562183 0.144425 -0.0230375
-0.087323 0.166654 -0.0139375
0.022227 0.065325 0.00999115
-0.0256335 0.099975 -0.0027375
0.023627 0.154925 -0.0280676
-0.043223 0.0538674 -0.0205875
0.031677 0.0600365 -0.0471875
-0.025723 0.166125 -0.00406986
-0.044273 0.17837 -0.0069375
-0.0133451 0.1514 -0.0106172
-0.00945726 0.062175 0.0137125
-0.092223 0.141283 -0.0037875
0.00647701 0.0564107 0.0130125
-0.0674192 0.066375 0.0203625
0.048477 0.072675 -0.0288875
-0.082773 0.140395 0.0014625
0.035177 0.0803173 0.00181251
-0.069473 0.150375 -0.0096728
0.0196726 0.0628558 0.0055937
-0.0485462 0.144205 0.00390215
0.028527 0.0537985 -0.0107875
0.062127 0.0676289 -0.0083375
0.0820716 0.080025 0.0077625
0.071577 0.101375 0.0116012
-0.043573 0.110825 -0.0203166
0.0831714 0.087375 0.0123125
0.052677 0.108025 -0.00526831
-0.032373 0.077575 0.0203717
-0.0204471 0.058675 -0.0223375
0.074027 0.084575 -0.00104208
0.000877008 0.139904 -0.0310875
-0.100018 0.173825 -0.0034375
0.084527 0.137425 -0.016593
0.016277 0.0640743 0.0119625
0.0345609 0.0700657 0.0154219
-0.084173 0.066725 -0.0249
-0.033773 0.169012 -0.0293375
-0.025373 0.182225 -0.027357
0.025031 0.098575 -0.0307375
0.031327 0.069875 0.024795
-0.0215109 0.104525 -0.0020375
-0.039373 0.077575 0.0214956
0.0689549 0.055175 -0.0156875
0.0451988 0.055484 -0.00468196
-0.0620623 0.160404 -0.0161032
0.01938 0.0984166 -0.0161286
0.029203 0.0770812 -0.0343151
0.020827 0.056225 -0.00417701
0.036577 0.0765749 0.00881251
-0.086273 0.0590336 -0.0275875
0.0487222 0.092625 0.0238625
-0.072623 0.101025 0.0113359
-0.088723 0.142195 0.0189625
0.032377 0.085275 -0.0344207
0.042877 0.060425 0.0195434
-0.022876 0.122487 -0.0167532
-0.014188 0.087025 0.0095125
-0.079623 0.0713049 -0.0170875
-0.0663155 0.059375 0.0224625
-0.041473 0.0952641 -0.0055375
-0.048123 0.090525 0.0193041
-0.074373 0.061147 0.0081125
-0.0557835 0.142126 -0.0239083
-0.036573 0.194125 -0.0229386
-0.078573 0.146175 -0.0128643
-0.077173 0.061475 -0.0125809
0.014877 0.065325 -0.00945386
-0.0826619 0.14974 0.0111208
0.054777 0.121675 -0.00369132
-0.00752299 0.115375 -0.0335241
-0.088723 0.144951 0.0221125
0.076127 0.137425 -0.00791999
0.0465796 0.071625 -0.0303875
-0.0692925 0.149385 -0.01164
0.0401911 0.0692283 0.0149471
-0.070523 0.162975 0.0126672
0.041827 0.056575 0.0170837
0.057577 0.105213 -0.0198875
0.0427205 0.0797475 0.0180703
0.057927 0.0543357 -0.0216375
0.034477 0.082825 0.00652175
-0.085923 0.0585496 -0.0342375
-0.080673 0.068825 -0.0264982
-0.086973 0.173583 0.0168625
0.041827 0.119225 -0.0338206
-0.061631 0.163675 -0.0261875
0.0194263 0.0609426 0.006287
0.084043 0.094025 0.0074125
-0.01174 0.076875 0.0130125
-0.0271478 0.096125 -0.0258375
-0.099573 0.172075 -0.00710705
-0.089423 0.167175 -0.0141374
-0.025023 0.081425 0.0101142
0.0345136 0.106433 0.0110969
-0.068073 0.098575 0.0127152
0.042527 0.114675 -0.00172312
-0.0849963 0.159825 -0.0121875
-0.089423 0.179425 0.00457371
-0.098173 0.157025 0.00655366
-0.106917 0.157375 0.0102125
0.0536228 0.141975 -0.0086875
0.068077 0.0536244 -0.0083375
-0.0885834 0.149282 -0.00343481
-0.0289961 0.165425 -0.0030875
-0.095373 0.178761 -0.000987496
0.053727 0.103512 -0.0272375
-0.016973 0.092275 -0.0321824
-0.034473 0.144425 -0.0305158
-0.061073 0.158775 -0.025235
-0.0565752 0.165425 0.0091625
0.041951 0.0626133 0.00959956
0.069477 0.125143 -0.0083375
-0.0625021 0.129725 -0.0118375
0.0659126 0.057275 -0.0177875
0.0420909 0.0971645 0.0144121
0.043927 0.0758737 0.0112625
0.016627 0.156675 -0.0179506
-0.045673 0.178339 -0.0062375
0.058977 0.110125 -0.0237211
0.063177 0.0671232 -0.0093875
-0.0903495 0.175575 0.0158125
-0.019423 0.093325 0.00514247
-0.026773 0.175287 -0.0037875
-0.011373 0.077575 -0.0287973
0.0662077 0.104875 -0.0023875
-0.024673 0.151182 -0.0415875
0.031677 0.139012 -0.0027375
0.063177 0.080725 0.0229149
-0.0662157 0.072325 -0.0293375
-0.0858902 0.170675 0.0011125
0.042877 0.064975 -0.0403242
0.051172 0.144075 -0.0289875
-0.043223 0.172075 -0.0370244
0.033777 0.059375 -0.0498406
-0.041473 0.183625 -0.0352622
0.090477 0.140077 -0.0097375
0.00437701 0.100325 -0.0273315
0.031677 0.0617009 -0.0275875
-0.072973 0.156292 -0.0181375
-0.079487 0.166832 -0.000735418
0.048477 0.119925 -0.033796
-0.0838043 0.074425 0.0056625
-0.0238036 0.105575 -0.0069375
0.018727 0.0641848 -0.0013375
-0.0853509 0.150329 0.0108632
-0.0567486 0.146167 0.00438798
0.0671531 0.095075 0.0140625
0.068777 0.0589465 0.0175625
-0.0280825 0.144269 -0.0054689
0.038677 0.0529832 0.0098625
0.0567263 0.104175 -0.0209375
-0.0372649 0.158425 -0.0391375
-0.049523 0.0544599 0.0312125
-0.0158198 0.149027 -0.00860848
-0.043223 0.114675 -0.0230566
-0.045673 0.179413 -0.0359875
-0.072273 0.141831 0.0032125
-0.00192299 0.129025 -0.00194188
-0.0726381 0.167875 0.0154625
-0.097473 0.151425 -0.00100236
-0.0676716 0.167525 -0.0209375
-0.073323 0.091225 0.0140962
0.069477 0.101725 -0.00799699
-0.0343024 0.059375 0.0207125
0.0154078 0.0753796 -0.0069095
-0.042173 0.070225 -0.0354606
0.00962701 0.115025 -0.0304591
0.0383321 0.111875 -0.0023875
-0.018373 0.117825 -0.00775452
0.0328696 0.055849 0.00123421
0.055127 0.099275 -0.0097056
0.038677 0.089125 -0.033041
0.001577 0.108025 -0.0333298
-0.034823 0.193775 -0.0197147
0.033777 0.160201 -0.0223375
0.00146848 0.142675 -0.0062375
-0.0238278 0.154575 -0.0128875
0.016977 0.090525 -0.0116044
0.00367701 0.144724 -0.0065875
0.0568811 0.132875 -0.0293375
0.060027 0.0534588 0.0151125
0.026765 0.158425 -0.0237375
-0.0310016 0.149156 -0.0308019
0.078927 0.084925 0.0191674
-0.067723 0.143357 -0.000637498
-0.0169567 0.056225 -0.0079875
0.068777 0.107306 0.0039125
0.0393388 0.084225 0.0133625
-0.0247077 0.148975 -0.0408875
-0.057223 0.128289 -0.0226875
-0.0363972 0.090875 -0.0202375
0.018377 0.094725 -0.0130973
-0.0687653 0.122725 -0.0149875
0.068427 0.119274 -0.0177875
-0.000408247 0.082825 -0.0051875
-0.069473 0.141481 -0.0163875
0.00612701 0.143025 -0.032652
-0.049523 0.155275 -0.0296844
-0.020473 0.091925 -0.0327542
-0.0938045 0.15254 0.00220772
0.075077 0.085625 0.0209502
-0.00374103 0.130075 -0.0324875
-0.082457 0.094025 -0.0160375
-0.066673 0.124475 -0.00103961
0.0404279 0.0731558 0.0220911
-0.076473 0.163794 0.0126625
0.0130303 0.0791814 -0.0119407
-0.071223 0.0599408 -0.0226875
-0.0419543 0.099275 -0.0086875
-0.054773 0.144458 -0.0275875
-0.066323 0.125815 -0.0044875
0.0175026 0.0717372 -0.0365694
-0.089073 0.174875 0.0165938
0.040777 0.159682 -0.0209375
-0.049873 0.103125 0.00586994
0.0444123 0.090525 -0.00728749
-0.043573 0.0669376 0.0252625
0.036927 0.078447 0.0049625
0.0145219 0.085275 -0.0233875
0.077877 0.105225 -0.00995877
-0.067054 0.072675 -0.0265375
0.080677 0.105225 0.00558204
-0.072973 0.119575 -0.0111775
-0.0250182 0.147225 -0.0051875
-0.083823 0.163325 -0.0166815
-0.038323 0.0976846 -0.0107875
0.088027 0.140925 -0.0135032
0.0122928 0.076175 -0.0191875
-0.017323 0.075825 -0.0316109
-0.0332208 0.122375 -0.0118375
-0.104462 0.146875 0.0028625
0.0482192 0.0919932 0.0214417
0.0325206 0.081425 0.00181251
0.040077 0.054825 0.00656701
-0.00962299 0.189575 -0.0264757
0.0570932 0.062875 -0.0261875
0.0683461 0.134975 -0.0177875
-0.030973 0.167592 -0.0016875
0.035527 0.0908941 0.0270125
-0.061423 0.098575 -0.02215
-0.023623 0.143301 -0.0149875
0.0555702 0.116775 -0.0307375
0.034827 0.0529347 0.0081125
0.0460015 0.08814 0.0198051
-0.062473 0.072675 0.0335174
-0.053723 0.057275 0.0356485
-0.0239215 0.180473 -0.0213916
0.024327 0.0838394 -0.0013375
-0.047504 0.088425 -0.0216375
-0.069123 0.0619358 -0.0314375
-0.022923 0.147956 -0.0048375
-0.0844216 0.149594 -0.00426278
0.0836638 0.089825 0.00356251
0.030977 0.0616208 -0.0443875
0.00612701 0.063575 0.0151457
0.0552214 0.068475 -0.0230375
-0.0325636 0.176092 -0.0218182
0.0805836 0.111175 -0.0058875
0.040427 0.146103 -0.0328375
-0.0318317 0.117111 -0.0152085
0.049877 0.0981064 -0.0275875
0.056177 0.054125 -0.00651292
-0.023623 0.150225 -0.0415875
-0.034796 0.180536 -0.00693264
-0.027123 0.130129 -0.0167375
0.079347 0.101725 -0.0076375
0.041477 0.147925 -0.00582312
-0.0470696 0.170325 -0.0352875
-0.0103946 0.106275 0.0025125
-0.00717299 0.081425 -0.0279845
-0.00927299 0.191921 -0.0279375
-0.0355328 0.092975 -0.0167375
-0.060723 0.142214 0.0102125
-0.024673 0.104506 -0.0223375
-0.0205246 0.137113 -0.0217476
-0.0358571 0.176074 -0.0078508
-0.018023 0.0751306 0.0133625
0.0395439 0.0780173 0.014639
-0.0581103 0.059375 -0.0307375
-0.041123 0.111564 -0.0184875
-0.070523 0.177611 -0.0118375
0.065277 0.127975 -0.0139677
0.059327 0.069175 0.0254038
-0.0116522 0.130775 -0.0097375
0.058627 0.0529112 -0.000987496
-0.062823 0.0546082 -0.0135875
-0.083823 0.143025 0.0205089
-0.081023 0.141975 -0.0127508
0.0464995 0.0558875 0.00239731
0.063527 0.0666157 -0.0104375
-0.027823 0.186425 -0.0234789
-0.057311 0.155604 -0.0218698
-0.00331737 0.095775 0.0021625
0.0774494 0.076175 0.0214125
-0.089073 0.167525 -0.0138074
-0.044273 0.055525 0.0330259
-0.050573 0.0551538 -0.0212875
-0.083823 0.145727 -0.0100875
-0.035523 0.068825 -0.0375429
-0.001223 0.0780598 -0.0163875
-0.049523 0.132175 -0.0262924
-0.019423 0.109391 -0.0272375
-0.081373 0.174552 -0.0058875
0.0645711 0.092975 0.0056625
0.0916833 0.132525 -0.0111375
-0.082073 0.097875 0.00675674
0.0397332 0.068475 -0.0394875
-0.0566162 0.159493 -0.0139869
0.071577 0.116075 -0.00087161
-0.051623 0.148975 0.00691803
0.0175771 0.0957323 -0.0161588
-0.040773 0.177325 0.00131444
-0.033773 0.059618 0.0137125
0.0561645 0.098925 -0.0146375
-0.060373 0.117825 -0.0230167
-0.053023 0.085975 -0.0308192
-0.025723 0.095775 0.00252179
-0.0793992 0.112225 -0.0069375
-0.0237982 0.066725 0.0210625
-0.0456123 0.182225 -0.0349375
-0.0742827 0.167175 -0.0139375
-0.039373 0.181175 -0.0139031
-0.053373 0.0968192 0.0123125
-0.034123 0.172425 -0.0322571
-0.0285424 0.0980592 -0.00600657
-0.022923 0.112575 -0.0181515
0.0452874 0.054475 -0.00728749
0.048528 0.091575 -0.0160375
0.00822701 0.140225 -0.00307357
0.061427 0.131125 -0.0130365
-0.073673 0.141296 0.0014625
-0.00647299 0.115725 0.000707362
-0.041473 0.069186 -0.0356375
-0.062823 0.161118 0.0039125
-0.0591693 0.155711 -0.0107756
-0.0255377 0.117031 -0.0157604
-0.022573 0.154575 -0.0119093
0.0443908 0.0909068 0.0173582
-0.070173 0.118095 0.00356251
-0.044273 0.0657488 0.0221125
0.070527 0.129375 -0.0105122
0.068777 0.110465 0.00181251
-0.0675929 0.143025 -0.00903749
-0.00962299 0.104175 0.00287446
-0.052673 0.162578 -0.0314375
-0.0303567 0.176888 -0.0217388
-0.062473 0.152664 0.0077625
0.0322271 0.159825 -0.0191875
-0.044973 0.17581 -0.0279375
0.0596493 0.147575 -0.0177875
0.067027 0.068825 0.0254288
-0.070173 0.120975 -0.0146242
-0.082073 0.144075 0.0180892
0.0344297 0.113107 0.00843448
0.0359427 0.053775 0.0105625
0.049527 0.053425 -0.0114161
0.067727 0.078975 0.0242275
-0.050223 0.0718655 0.0333125
-0.0264298 0.075825 0.0147625
-0.0898196 0.150375 0.000472318
-0.059444 0.101725 0.0116125
-0.061073 0.15686 -0.0244375
-0.012073 0.087025 0.00655503
-0.090823 0.170467 0.0025125
-0.0403144 0.174875 -0.000287496
0.033077 0.160844 -0.0205875
0.0322262 0.058835 0.0143268
-0.00997299 0.110125 -0.0332056
-0.046723 0.0784397 0.0291125
-0.0803621 0.148617 -0.00437899
-0.020507 0.14573 -0.0237357
-0.0341937 0.147575 -0.0013375
-0.034823 0.0530295 -0.0296875
-0.016623 0.170325 -0.00753032
-0.048823 0.178429 -0.0048375
-0.0602372 0.141711 -0.0244545
-0.0621382 0.154726 -0.0095899
-0.099573 0.150725 0.00121651
-0.018373 0.0557964 -0.0135875
-0.033423 0.074775 0.0211727
0.063325 0.105879 -0.00778968
-0.0688568 0.143313 -0.0149151
0.0771599 0.116075 -0.0037875
-0.036923 0.176625 -0.0081569
-0.025023 0.186698 -0.0212875
-0.041123 0.0868457 -0.0237375
-0.052673 0.123075 0.00426052
0.068392 0.134275 -0.0177875
0.031677 0.105406 -0.0317875
-0.00892299 0.085625 0.00510438
0.035527 0.0646862 -0.0450875
-0.051973 0.0551752 6.25029e-05
0.051277 0.146175 -0.0272345
0.0712396 0.141975 -0.0121875
-0.039023 0.119575 -0.00347432
-0.066307 0.153254 -0.00461185
-0.0656323 0.056925 0.0231625
-0.045673 0.177589 -0.0342375
-0.069823 0.150157 0.0046125
0.046727 0.150452 -0.0268875
-0.031323 0.170998 -0.0342375
0.067027 0.131125 -0.0187261
0.0769536 0.120975 -0.0118375
-0.045673 0.180825 -0.0323801
0.032027 0.0697024 0.0249125
-0.0831438 0.103475 -0.0041375
-0.0475169 0.101025 -0.0160375
-0.021523 0.151391 -0.0212875
0.0410329 0.059025 -0.0226875
-0.042173 0.178869 -0.0055375
0.032727 0.054825 -0.0102222
-0.072273 0.177675 -0.00805877
-0.012773 0.0741138 -0.0279375
0.0407803 0.056225 -0.0205875
0.055127 0.0797441 0.0123125
-0.071923 0.14172 -0.0142875
0.024677 0.125124 -0.0149875
-0.057923 0.151775 -0.0265066
-0.076123 0.149155 0.0112625
0.049527 0.0783644 -0.0055375
-0.035523 0.157375 -0.000749707
-0.070173 0.092275 0.0141214
-0.027123 0.161225 -0.00238968
-0.0536078 0.074425 0.0357625
-0.078573 0.165407 0.0140625
-0.014172 0.098925 -0.0328375
-0.076473 0.161539 -0.0100875
-0.0408501 0.0560017 -0.00190143
0.024327 0.0672585 -0.0454375
0.073327 0.080375 0.0230136
-0.047423 0.144425 -0.00312608
-0.0400899 0.182225 -0.0352875
0.014527 0.153295 -0.0100875
-0.070523 0.0597554 -0.0184875
0.084527 0.145778 -0.0107875
-0.0143119 0.106625 -0.0324875
-0.083123 0.167525 -0.00218291
0.0137694 0.0627407 0.00218977
0.050568 0.061125 0.0231625
-0.023623 0.101293 -0.0020375
0.079277 0.0722083 0.0091625
0.0290948 0.083525 0.00181251
0.033077 0.0578414 0.0119625
0.051977 0.053075 -0.00413469
-0.048823 0.0554538 -0.0352875
-0.00612299 0.141975 -0.0153562
-0.076123 0.173475 -0.00592685
0.0458791 0.0984563 0.0147513
0.0113589 0.059725 0.0266625
-0.099573 0.141975 -0.00564497
-0.0379554 0.115375 -0.0104375
-0.098523 0.145119 0.0063625
0.064577 0.0993337 -0.0020375
-0.0410348 0.0992966 -0.00978033
0.0134756 0.112418 -0.0196538
-0.071923 0.112925 -0.0190835
-0.053023 0.177961 -0.0219875
-0.0542653 0.174175 -0.0314375
0.0656446 0.118175 -0.0079875
-0.077523 0.0619936 -0.0128875
-0.0248249 0.053425 -0.0167375
0.0425307 0.088075 -0.0062375
0.040997 0.0764554 0.0143476
0.076477 0.126575 -0.0192148
-0.0208408 0.138231 -0.0234921
0.0162574 0.130775 -0.0037875
0.061777 0.0530236 0.0032125
-0.0622413 0.152685 -0.0133595
-0.0726681 0.120625 -0.0055375
-0.064223 0.102775 -0.022487
-0.076473 0.068475 -0.026618
-0.0138229 0.060775 -0.0153375
0.022227 0.074075 -0.0399093
-0.013823 0.083175 -0.0311363
-0.052323 0.180424 -0.0174375
-0.0633949 0.127975 -0.0027375
-0.0892398 0.060075 -0.0289875
0.0149062 0.066725 -0.0086875
-0.066673 0.0573593 0.0291125
0.046703 0.077925 -0.0153375
0.0331521 0.0605286 0.0160246
-0.08074 0.176625 -0.0041375
-0.00647299 0.0821588 -0.0279375
0.068777 0.132525 -0.0124708
0.012777 0.064379 0.0235125
0.059677 0.110125 -0.0102248
0.023627 0.160175 -0.0226216
-0.0588495 0.166125 -0.0275875
0.039727 0.089825 -0.0326239
0.090827 0.135675 -0.00772328
-0.058623 0.087581 -0.0331875
0.033427 0.160652 -0.0216375
0.00122701 0.155275 -0.0197117
-0.019073 0.173313 -0.0107875
-0.079973 0.150025 0.013496
0.0171306 0.089825 -0.0268875
-0.0561541 0.14382 -0.0141684
0.014177 0.0672115 -0.0100875
-0.093273 0.151129 0.0179125
-0.0823178 0.160525 -0.0170875
-0.044623 0.0606288 0.0137125
0.076127 0.114122 -0.000637498
-0.017673 0.0569338 -0.0153375
0.090827 0.128425 -0.0111375
0.0497138 0.069875 -0.0279375
0.0381431 0.0901627 0.0129238
0.030627 0.0764954 0.0235125
0.042877 0.078625 0.00184337
-0.076123 0.146175 0.0140472
0.048477 0.098575 -0.0298447
0.0429359 0.0701394 -0.00336497
-0.063523 0.111632 0.0091625
-0.0228475 0.147243 -0.00938152
0.0482334 0.064975 -0.0342375
-0.0754033 0.172075 0.0049625
0.035877 0.083875 0.0302328
0.023277 0.0985701 -0.0093875
0.00822701 0.142675 -0.0336263
-0.075773 0.171375 -0.0079808
-0.087323 0.0613552 -0.0212875
-0.047773 0.156815 0.00356251
-0.0884301 0.181175 0.0025125
0.019427 0.160728 -0.0202375
-0.0138321 0.120625 -0.0279375
0.0416038 0.114675 0.0105625
0.043227 0.067075 0.0199921
-0.00542609 0.080025 0.0011125
0.077527 0.110475 -0.011691
-0.051973 0.149325 0.00692357
-0.019773 0.117825 -0.0201543
0.052677 0.078275 0.0108937
-0.090123 0.179816 0.0084625
0.0148756 0.116425 -0.0163875
0.067027 0.088775 0.0008303
0.041649 0.0747427 0.0211957
0.0367369 0.0941675 0.0145975
-0.075073 0.062175 -0.0378175
-0.0341364 0.121675 -0.0107875
-0.038818 0.124825 -0.000987496
0.066327 0.069875 -0.00995281
-0.048473 0.174183 0.00181251
-0.0707257 0.141975 -0.0055375
-0.048237 0.064275 0.0336625
-0.0287265 0.120542 -0.0180625
-0.0124063 0.140808 -0.0196085
0.00543384 0.151075 -0.0247875
0.041827 0.096475 -0.00403713
0.054427 0.07278 -0.0065875
-0.092923 0.169975 0.000490725
0.082077 0.150375 -0.00906242
0.048477 0.156325 -0.0181732
-0.0556441 0.136375 -0.0188375
-0.0256784 0.129025 -0.0177875
0.0235886 0.0666498 0.0104862
-0.0109945 0.056925 0.0175625
-0.0818715 0.067075 -0.0104375
-0.079588 0.165703 -0.00383564
-0.065973 0.140575 -0.0221686
0.041827 0.143725 -0.00362971
0.0565306 0.140925 -0.0254875
-0.012773 0.055875 0.0113817
-0.0852138 0.164872 0.0117147
0.0186547 0.0715662 -0.0367163
0.046727 0.0539633 -0.0146375
-0.085573 0.090525 0.00363122
-0.062473 0.144501 -0.00903749
0.029577 0.0556873 0.0161625
-0.0638438 0.154459 -0.00585189
-0.0898776 0.149877 -0.00134042
0.044977 0.076175 0.0112517
-0.016973 0.095075 0.00465548
0.045135 0.104525 0.0200125
0.023277 0.0533391 -0.0135875
0.0401618 0.158425 -0.0184875
-0.088023 0.0618001 -0.0265375
0.0142109 0.149675 -0.0069375
0.0306381 0.076175 0.0186125
-0.023973 0.153875 -0.0258224
-0.034473 0.0927798 0.00356251
0.0614112 0.140225 -0.0205875
0.021527 0.061125 0.0223725
0.005427 0.144567 -0.0310875
-0.0246319 0.151775 -0.0398375
0.037277 0.064047 -0.0478875
0.084604 0.127625 -0.0135875
-0.0525388 0.156656 -0.00241634
-0.037973 0.062175 0.017211
0.0158779 0.0752701 -0.00413407
-0.052323 0.143025 -0.00919937
0.0398709 0.060425 -0.0429875
0.00612701 0.148975 -0.00970991
0.060027 0.126925 -0.0268923
0.0489251 0.080375 -0.0258375
-0.0260599 0.145686 -0.00603282
0.028527 0.071975 0.0153126
-0.032723 0.080375 0.0185721
-0.0683151 0.149941 -0.013445
-0.036573 0.075125 0.0213991
0.0343145 0.058992 0.0137878
-0.053723 0.057975 -0.0233521
-0.096073 0.140575 -0.00653645
-0.083123 0.0723777 0.00531251
-0.083123 0.173045 0.0137125
-0.0607688 0.156629 -0.0210882
-0.00465177 0.083175 0.0014625
-0.056173 0.144075 -0.0269203
0.069477 0.119925 -0.00466245
-0.0307254 0.159825 -0.0412375
-0.029573 0.054125 -0.000797782
0.0667553 0.105225 0.0014625
-0.035523 0.0534135 -0.0275875
0.013127 0.126225 -0.00447252
0.026077 0.0697665 -0.0342375
0.021877 0.0538274 -0.0079875
0.0443067 0.087725 -0.0289875
0.028177 0.124668 -0.0146375
0.043927 0.0531141 0.0137125
0.021527 0.150375 -0.00547675
0.049877 0.076525 0.0154573
-0.069123 0.079675 0.015801
0.030277 0.122068 -0.0163875
-0.064223 0.0682562 0.0336625
-0.0147409 0.137907 -0.019502
0.049177 0.104875 -0.0321086
-0.0619625 0.160225 -0.0164522
0.070177 0.0606162 0.0193125
0.010677 0.156325 -0.0225583
0.075777 0.140925 -0.00761632
-0.019073 0.102775 0.000923242
-0.056523 0.094025 -0.021723
-0.075423 0.057275 -0.00500038
0.046377 0.053775 -0.0146193
-0.0263779 0.128675 -0.0174375
-0.0789423 0.111175 -0.0016875
-0.063873 0.068475 0.0393586
0.021102 0.0632467 -0.0441329
0.0210465 0.062175 0.0011125
0.026427 0.085625 0.00425601
-0.050923 0.0567451 -0.0300375
-0.0165752 0.056575 -0.0069375
-0.039723 0.0656182 0.0242125
0.020477 0.082825 -0.0320933
-0.0722676 0.082475 -0.0289875
-0.083123 0.101725 -0.0114546
-0.064573 0.0695423 0.0319125
0.015577 0.139875 -0.0353666
-0.051973 0.175225 -0.0346434
0.00647701 0.152475 -0.0164362
-0.055473 0.089652 -0.0244375
-0.00400952 0.143725 -0.0237375
-0.0676422 0.077575 0.0186125
-0.0713738 0.075125 0.0154625
-0.071923 0.176665 -0.0135875
-0.0896486 0.178725 0.0126625
0.067027 0.107016 0.0011125
-0.025023 0.072675 0.0184125
-0.0628355 0.165075 0.0119625
-0.0879036 0.171671 0.00248129
0.050227 0.078275 0.00393182
0.070877 0.085275 0.0221317
-0.0530163 0.159615 -0.00530924
0.0596216 0.102075 -0.0100875
0.0451545 0.0557125 -0.00322607
-0.025373 0.173475 -0.00347491
-0.0995953 0.176275 -0.0027375
-0.047423 0.158425 -0.0329158
-0.062473 0.057275 0.0342737
0.062477 0.0531087 0.0039125
-0.0586862 0.074075 0.0319125
-0.045673 0.097875 -0.0135314
0.019777 0.080025 -0.0320509
0.016627 0.139525 -0.0352124
0.029227 0.0558707 0.0151125
-0.022573 0.162975 -0.0401382
-0.0320166 0.178375 -0.0058875
0.079277 0.088775 0.017573
-0.026073 0.148655 -0.0398375
-0.086623 0.091575 0.00119805
-0.052673 0.07094 -0.0352875
-0.061423 0.0750906 0.0221125
0.0389107 0.058675 -0.0450875
0.049177 0.054475 0.0183625
-0.088723 0.162941 -0.0048375
-0.00192299 0.0798125 -0.0041375
0.0373729 0.0742984 0.0127303
0.036577 0.0558946 -0.0223375
-0.0697072 0.072675 0.0158125
-0.027823 0.148663 -0.0391375
0.0176768 0.062875 -0.0237375
-0.031673 0.171725 -0.0408152
0.032027 0.118412 -0.0244375
0.0345537 0.0908407 0.0120892
0.048127 0.131125 -0.0338775
-0.00192299 0.090875 -0.0286682
-0.0158091 0.159227 -0.0110816
-0.0201596 0.110475 -0.0251375
0.0609743 0.084575 0.0028625
-0.0887413 0.150725 -0.0065875
-0.073323 0.157025 -0.0154723
0.0185473 0.122375 -0.0142875
-0.0513202 0.063925 -0.0373875
0.0409909 0.104887 0.00972113
-0.024323 0.099625 -0.0270405
0.035527 0.059375 0.0148461
-0.0365733 0.142074 0.000222377
0.00885896 0.102075 -0.0149875
-0.045673 0.174175 0.00148058
-0.097473 0.177325 0.000637081
0.0346687 0.05662 0.000307509
-0.039723 0.164725 -0.0390475
-0.000868112 0.077925 -0.0086875
0.0837293 0.100675 0.0025125
-0.074023 0.168038 -0.0107875
-0.017673 0.183975 -0.0228159
-0.033073 0.158075 -0.0407943
-0.0187579 0.165425 -0.0055375
0.028877 0.076875 -0.0412612
-0.0673644 0.066025 0.0203625
0.033077 0.064275 0.0222597
0.0535911 0.096475 -0.0146375
-0.032723 0.070925 -0.0379483
-0.0443101 0.077575 -0.0296875
0.00787701 0.125525 -0.00169593
-0.020823 0.139175 -0.0233133
-0.030623 0.151384 -0.0405375
0.0347895 0.0869663 -0.00228255
-0.0418354 0.186425 -0.0153375
0.00758195 0.0610509 0.0201493
-0.042173 0.069525 -0.0357352
-0.0573565 0.155967 -0.0213572
-0.037623 0.117475 -0.0206252
-0.0459865 0.0568115 -0.00920135
-0.00362754 0.073025 -0.00903749
-0.0340863 0.0556159 -0.00228489
0.065977 0.0597382 0.0210625
-0.063173 0.0538878 -0.0118375
0.0352263 0.059025 0.0245625
-0.028873 0.183975 -0.00709823
0.078227 0.0999851 -0.0079875
-0.038673 0.080725 0.0211872
0.076827 0.119468 -0.0079875
0.0523216 0.075825 -0.0034375
-0.063523 0.144512 -0.0030875
-0.075773 0.092975 0.0126587
0.0128223 0.0808085 -0.0129122
0.0721859 0.070225 -0.0023875
0.065277 0.062175 -0.0167471
-0.024673 0.163154 -0.0436875
-0.042173 0.061475 0.0338273
-0.065973 0.174875 0.00295371
0.033077 0.061475 -0.0419117
-0.016973 0.114675 -0.0273612
0.047077 0.153525 -0.0229435
-0.0694749 0.150893 -0.0161227
-0.065973 0.126225 -0.00536386
-0.070173 0.167175 -0.0180546
-0.086623 0.074586 -0.0016875
-0.077173 0.150725 0.00598516
0.0189089 0.095075 -0.0251375
-0.0752661 0.115725 -0.000287496
0.030977 0.065325 -0.0466474
0.079977 0.098225 0.0121859
0.010677 0.065325 0.00849817
-0.0520476 0.097175 0.0109125
-0.0198354 0.147876 -0.0230183
-0.00662985 0.073025 -0.000287496
-0.0433831 0.111175 -0.0041375
0.027127 0.131138 -0.0065875
-0.0115495 0.062175 -0.0037875
0.035527 0.0646722 -0.0443875
-0.081023 0.067775 -0.0137385
-0.051623 0.111175 -0.0236671
-0.086623 0.080931 -0.0076375
0.0347527 0.0892071 0.0113915
-0.015573 0.186425 -0.0234257
0.047777 0.073725 0.019021
0.046027 0.0801037 -0.0048375
-0.0879067 0.159125 -0.0069375
0.056177 0.056225 -0.0252441
-0.00332299 0.143636 -0.0135875
0.052677 0.0737892 -0.0244375
-0.049523 0.0569684 0.0329625
0.0120807 0.0741498 -0.0133756
-0.095373 0.14263 -0.000987496
0.0326868 0.057625 -0.0247875
-0.012073 0.078625 0.0122215
0.0578665 0.068604 -0.00792851
-0.106923 0.157405 0.0130125
0.052327 0.0540925 -0.0097375
-0.047073 0.0779056 0.0301625
-0.0362017 0.153525 -0.0377375
-0.037273 0.056575 -0.0412004
-0.063523 0.169975 0.00554072
0.0431107 0.0616973 0.00806882
0.055127 0.0538927 -0.0069375
0.059327 0.13886 -0.0139375
-0.0250345 0.159825 -0.0146375
-0.00892299 0.120275 -0.0324248
-0.0889093 0.14935 -0.00421712
0.046652 0.097875 -0.0310875
-0.0572149 0.133225 -0.0051875
0.00437701 0.126575 -0.0349793
-0.0330517 0.122375 -0.0121875
-0.0853691 0.089125 0.0032125
0.026863 0.0668892 0.011564
0.0545307 0.055175 0.0196625
0.033077 0.056225 0.0194159
-0.091523 0.170586 0.0028625
-0.025373 0.0566402 0.0067125
0.0305811 0.113275 -0.0093875
0.067374 0.0732085 -0.00343495
-0.0606768 0.158897 -0.0181175
-0.019073 0.058325 0.0254563
-0.0852457 0.159179 -0.00856934
0.0453301 0.0563577 0.000164505
0.043586 0.091225 -0.0303875
0.0239981 0.124125 -0.0174375
0.00367701 0.141975 -0.00475939
-0.0104729 0.059725 0.0119625
-0.090123 0.168654 -0.0128875
0.040777 0.111187 -0.0338875
-0.016273 0.0574132 -0.0030875
0.066327 0.122725 -0.0180228
0.0632159 0.108877 -0.00823786
-0.05065 0.074775 0.0333125
-0.026773 0.056575 -0.0387972
-0.0348544 0.175354 -0.00869797
0.0359395 0.122375 -0.0051875
0.0215641 0.0726319 -0.034932
-0.0203086 0.146014 -0.0237597
-0.0263071 0.105225 -0.0181375
-0.0444122 0.097875 -0.0051875
-0.0411283 0.166125 0.0025125
-0.049873 0.16124 -0.0328375
0.027477 0.0670284 -0.0391375
-0.020473 0.151075 -0.023206
-0.062123 0.161964 -0.000637498
0.0623411 0.112925 -0.0174375
-0.053023 0.171025 0.00429834
-0.030273 0.171725 -0.018597
-0.0436692 0.172075 -0.0366875
-0.0875959 0.059025 -0.0363375
0.0290457 0.123425 -0.0156875
-0.022923 0.161925 -0.0439027
-0.040773 0.173897 -0.0300375
-0.051273 0.054475 -0.0115089
-0.0491093 0.161225 0.0042625
-0.0341774 0.146875 -0.000637498
0.0758295 0.071625 0.0217625
-0.037623 0.0617193 0.0196625
-0.050923 0.107488 -0.0219875
0.022927 0.0822717 -0.0335375
-0.0220199 0.147614 -0.00916531
0.0372992 0.0743578 0.0166602
-0.0736086 0.115725 -0.0153375
-0.076473 0.174303 -0.000637498
-0.083823 0.1594 -0.0121875
-0.0345739 0.180125 -0.0027375
0.0529109 0.067775 -0.0261875
0.041127 0.0527437 -0.0146375
-0.065973 0.0583158 0.0112625
0.044627 0.073025 -0.0314107
-0.044623 0.156675 -0.034517
-0.035523 0.088775 0.00883246
-0.00717299 0.133925 -0.0281203
0.039377 0.089825 -0.0328011
-0.040423 0.076525 0.0224322
0.036577 0.078275 0.00510306
-0.058623 0.0741111 0.0315625
-0.0169597 0.132435 -0.0192951
0.0554698 0.118175 -0.0310875
-0.0319384 0.183625 -0.0013375
-0.00256829 0.075125 -0.00728749
-0.063173 0.073375 0.0394414
-0.028523 0.123075 -0.0159812
0.027477 0.134626 -0.0335375
0.036577 0.065325 -0.0428902
0.0393929 0.0645951 -0.000692034
-0.0353672 0.178725 -0.0027375
-0.0997391 0.174875 -0.0023875
-0.067723 0.066025 -0.0346689
0.0379689 0.057975 -0.0436875
0.012777 0.058675 0.0125171
-0.0733387 0.164903 -0.00122008
0.0597974 0.102075 -0.0132375
0.038677 0.055175 -0.0205953
-0.00207344 0.090525 -0.0286375
-0.060023 0.160642 -0.0275875
-0.076823 0.059025 -0.00140059
0.048127 0.076184 -0.0135875
-0.035523 0.191675 -0.0221665
-0.019073 0.053488 0.0242125
-0.00332299 0.151425 -0.0218794
0.0920158 0.148275 -0.0044875
0.036577 0.115375 0.011103
-0.0770719 0.163325 0.0123125
-0.0368749 0.142103 -0.00214496
-0.034123 0.0855367 0.0109125
0.000527009 0.144075 -0.00867761
0.0828356 0.093325 -0.000287496
-0.0551496 0.160106 0.003535
0.012331 0.064729 0.00188716
-0.0201476 0.137434 -0.0224019
-0.00540797 0.129725 -0.0317875
-0.0159053 0.053425 0.0210625
0.074377 0.145083 -0.0083375
0.011027 0.146528 -0.0324875
0.0217112 0.056575 -0.0020375
-0.00647299 0.142325 -0.0164893
-0.075423 0.116425 -0.0115821
0.016277 0.133925 -0.00269606
-0.015223 0.070925 0.0201984
-0.0669273 0.163064 -0.00220721
-0.0257767 0.116204 -0.0154704
-0.015923 0.109075 -0.0309477
-0.038323 0.178725 0.00166601
0.0254876 0.069875 -0.0331875
-0.050573 0.0774284 0.0301625
0.012427 0.0645248 0.0210625
-0.0295309 0.078275 -0.0307375
0.015927 0.0641124 0.0112625
-0.049523 0.093989 0.0158125
0.0339503 0.098925 0.0210625
0.00246757 0.085975 -0.0170875
0.021877 0.063925 -0.0282783
-0.064923 0.142012 0.0116125
-0.0761347 0.165176 -0.000169158
-0.033073 0.171375 -0.00177314
0.087677 0.129025 -0.012673
0.0401211 0.082475 -0.0034375
-0.0872366 0.059725 -0.0296875
0.0457568 0.0725238 -0.00329376
-0.021523 0.157474 -0.0037875
-0.065623 0.124138 -0.0174375
0.072977 0.130425 -0.00994354
0.0457286 0.0931625 0.016752
0.0405649 0.0697157 0.0151166
0.060027 0.0544573 0.0182625
-0.062123 0.161253 0.0032125
0.00604366 0.057625 0.0217625
0.0251882 0.106805 -0.0146576
-0.005073 0.073025 -0.0182776
0.0204251 0.0603376 0.00636064
-0.047423 0.0984919 -0.0149875
-0.0237233 0.130935 -0.0223428
0.0086008 0.057975 0.0116125
0.016277 0.080725 -0.00728633
0.033427 0.0558991 -0.0471875
0.024327 0.104175 -0.0127244
-0.00577299 0.095075 0.00308194
0.039125 0.0731879 0.0172051
0.025727 0.091575 -0.00498478
-0.049523 0.0841503 -0.0289875
-0.044623 0.109425 -0.0197659
0.036927 0.0915445 -0.0342375
-0.057923 0.092275 -0.0233807
-0.0853781 0.099275 -0.0048375
0.093277 0.129725 -0.010604
0.072277 0.0607116 0.0102125
-0.072273 0.142347 -0.0132375
-0.021163 0.054125 -0.0030875
-0.089073 0.150025 -0.00661689
-0.068073 0.143101 0.00181251
0.078577 0.111525 -0.0107152
0.000124753 0.154925 -0.0209375
-0.001223 0.094375 -0.0298202
-0.033073 0.053534 -0.0174375
-0.0933865 0.174875 0.00356251
-0.040423 0.140225 -0.0309016
-0.078573 0.060425 -0.00488495
-0.0583305 0.073025 0.0382125
0.033777 0.066375 -0.0447533
0.0450996 0.070925 -0.0370375
-0.0623873 0.129725 -0.0128875
-0.0446047 0.176625 -0.0342375
-0.013823 0.185375 -0.0298186
0.0444245 0.0755178 -0.000886204
0.0169972 0.158775 -0.0198875
0.0318215 0.122375 -0.0114875
0.019777 0.077225 0.010545
0.0131464 0.0806282 -0.012305
0.001577 0.133925 -0.0335482
0.027827 0.068125 -0.0473086
-0.028873 0.125756 -0.0205875
-0.078923 0.172208 0.0112625
0.049177 0.0788803 0.000412505
0.0103745 0.154225 -0.0240875
0.0503574 0.099975 -0.0079875
0.041477 0.105925 -0.0343805
-0.00863862 0.0673929 0.0125881
-0.021873 0.0984417 -0.0296875
-0.058707 0.161225 0.000762504
0.075777 0.067075 0.00288406
-0.0778329 0.150005 0.00912318
0.00682701 0.113786 -0.0324875
-0.0380475 0.170325 -0.000287496
-0.034823 0.119225 -0.0122699
0.038327 0.152881 -0.0289875
-0.0320321 0.175129 -0.00661442
0.0121255 0.111175 -0.0153375
-0.0541878 0.072675 0.0361125
0.034127 0.057625 0.0267142
-0.0285274 0.171725 -0.0027375
0.055477 0.115725 -0.0306248
0.0412416 0.0824837 0.0147288
0.0443188 0.0732106 -0.000390841
0.036577 0.161236 -0.0191875
0.0184656 0.120731 -0.0170322
-0.036223 0.055602 -0.0251375
-0.022923 0.101725 -0.027093
-0.039373 0.0632213 0.0147625
-0.056873 0.056503 0.0105625
-0.0335448 0.055175 -0.0020375
0.035177 0.082825 0.00725957
0.081727 0.140575 -0.0160699
-0.077173 0.076525 0.0129877
-0.076123 0.111525 0.00415563
0.011377 0.110475 -0.0244742
-0.063523 0.091925 0.0153186
-0.065701 0.071625 0.0210625
-0.044973 0.180125 -0.0314268
0.00262702 0.155625 -0.0216939
-0.025023 0.069525 -0.038853
0.0835131 0.090875 0.0021625
-0.019423 0.161575 -0.00605168
-0.031323 0.173325 -0.0195375
-0.038673 0.14572 -0.0356375
0.050227 0.077575 -0.0219492
0.034127 0.134275 -0.00315953
-0.022923 0.101025 -0.00105011
0.069127 0.110854 0.00181251
0.044277 0.144425 -0.0325655
0.0695123 0.132875 -0.0114875
0.0157238 0.0780575 -0.00324517
0.0770565 0.110475 0.0028625
0.086277 0.137425 -0.0158799
-0.013473 0.121325 -0.0278445
-0.072273 0.13932 -0.0174375
-0.022923 0.0546903 0.0025125
0.0267838 0.153175 -0.0310875
-0.0630122 0.162566 -0.00875589
0.0346756 0.0961674 0.0157426
-0.017323 0.073025 0.019096
-0.047073 0.0553034 -0.0296875
-0.068423 0.120169 0.0025125
-0.0331416 0.176716 -0.023476
0.048477 0.0916251 -0.0181375
-0.0106633 0.071625 -0.0244375
-0.0540004 0.156124 -0.0030933
0.018377 0.095425 -0.0230045
-0.040073 0.148975 -0.036161
-0.088373 0.178725 0.0104217
0.056527 0.054825 0.00704896
-0.042873 0.168575 -0.0361643
-0.068423 0.162975 0.00110205
0.048827 0.060775 -0.0300564
0.00253695 0.140225 -0.0041375
-0.028873 0.124825 -0.0201509
0.036577 0.077925 0.0286412
0.0356374 0.0890556 0.0119092
-0.00912602 0.067425 -0.0177875
-0.030973 0.159825 -0.000684883
-0.099923 0.154575 0.00527728
-0.024673 0.152825 -0.00257298
0.060727 0.107348 -0.0101989
-0.0119701 0.069175 0.0042625
-0.085223 0.14034 -0.0020375
-0.00542299 0.122725 -0.0331791
0.0730215 0.059375 -0.0013375
0.042877 0.0729975 -0.0349375
0.034127 0.0581768 -0.0436875
-0.067723 0.178645 -0.0125375
0.054777 0.0988385 -0.0153375
-0.0385874 0.180825 6.25029e-05
0.0779248 0.124825 -0.0160375
-0.0678255 0.16307 -0.00423203
-0.00962299 0.089475 -0.0317451
-0.040073 0.138125 -0.00113453
-0.010673 0.068825 0.00161323
-0.049523 0.151775 -0.0295867
-0.028873 0.183275 -0.0054405
-0.0342336 0.066725 0.0263125
-0.0343485 0.0571942 -0.00722057
-0.0844264 0.098225 0.000762504
-0.026773 0.150858 -0.0373875
-0.060373 0.065675 0.0375292
0.0676901 0.083175 0.0021625
-0.0760874 0.142675 -0.0163875
-0.100153 0.147925 0.0144125
0.0257385 0.068475 -0.0422875
-0.096073 0.145475 0.0213183
0.082777 0.148782 -0.0097375
-0.049523 0.098225 0.00779553
-0.057223 0.155275 -0.02278
0.0185641 0.0964649 -0.0146742
-0.086973 0.059725 -0.0193966
0.0739067 0.064275 6.25029e-05
-0.0209372 0.117825 -0.0128875
-0.0837371 0.160576 -0.00761418
0.047777 0.0802602 -0.0209375
-0.076401 0.165187 -0.000276195
-0.049873 0.160822 0.0039125
0.0334314 0.0614394 0.0183797
-0.072973 0.151775 0.00390805
-0.074723 0.170675 -0.00869061
-0.040773 0.175225 -2.68444e-05
0.034477 0.108375 -0.00371593
0.025377 0.0975658 -0.0314375
-0.049873 0.123775 -0.0261159
-0.015923 0.119575 -0.00590017
0.0253898 0.0625609 0.00721704
0.025027 0.065675 -0.0468785
-0.044973 0.165775 -0.0356922
0.00615104 0.109775 -0.0307375
0.074027 0.090525 -0.00343488
0.071927 0.141975 -0.00849694
-0.0667978 0.171375 0.0014625
-0.078923 0.112078 -0.0100875
-0.00864758 0.067775 0.0165125
-0.080323 0.066375 -0.0375824
0.076127 0.125525 -0.0107108
0.015227 0.064275 0.0213991
-0.079623 0.167175 0.00024052
-0.0232633 0.066375 0.0210625
-0.0919767 0.154575 0.0063625
-0.068423 0.069525 0.0191108
-0.0260989 0.148975 -0.0034375
0.052327 0.142325 -0.00753871
-0.074723 0.111733 -0.0170875
0.037501 0.0707063 0.0168358
0.031677 0.118175 -0.0118355
-0.06561 0.063575 0.0179125
0.008577 0.057275 0.0254448
-0.021173 0.0636478 0.0235125
0.027127 0.094375 -0.00513336
-0.045323 0.132224 -0.0275875
0.0804625 0.124825 -0.0118375
0.030627 0.0550709 -0.0492875
0.045327 0.085625 0.0280484
-0.0576793 0.161925 0.0084625
0.0443198 0.101212 0.0130472
0.0740647 0.064975 0.000412505
0.015577 0.081075 -0.00876305
-0.031673 0.130775 -0.00657585
0.034127 0.097175 -0.0347979
-0.0804569 0.063575 -0.0093875
0.0180574 0.0969141 -0.0172083
-0.015223 0.0748276 0.0172125
0.0519069 0.065675 -0.0307375
0.072627 0.141832 -0.0163875
0.043927 0.073025 0.0172684
0.070877 0.077225 0.0238271
-0.010673 0.191325 -0.0274135
-0.044273 0.067425 -0.0363354
0.027827 0.156658 -0.0146375
-0.0815749 0.073025 0.0084625
-0.0535426 0.156192 -0.00285779
0.00620663 0.064625 0.0126625
-0.039373 0.166825 0.000567075
-0.058273 0.069175 -0.0333264
0.042877 0.151785 -0.0107875
0.071822 0.092975 0.0179125
0.058615 0.064625 -0.0219875
-0.0285104 0.107769 -0.01401
-0.0495495 0.121675 0.0042625
0.0525933 0.074425 -0.0219875
0.0445761 0.0851924 0.01767
-0.061423 0.078954 0.0179125
0.001577 0.116469 6.25029e-05
-0.047423 0.169625 -0.0352574
-0.0453178 0.148275 -0.0317875
-0.027823 0.094725 -0.0265841
-0.0651307 0.120275 -0.0205875
-0.0772233 0.148001 -0.0101064
-0.0719293 0.149595 0.00941878
-0.062823 0.0614868 -0.0310875
-0.046023 0.144775 0.00547832
0.079977 0.113275 -0.00528629
0.039727 0.0537619 0.0130125
-0.00297299 0.141975 -0.00974691
-0.026073 0.0578989 -0.0310875
-0.0317626 0.124475 -0.0125375
-0.016973 0.0562032 -0.0037875
0.0375003 0.105542 0.00827481
-0.0692787 0.166825 -0.0184875
-0.00717299 0.074775 0.00113231
-0.029223 0.152125 -0.0407701
-0.00962299 0.140225 -0.0166732
-0.017673 0.0648708 -0.0251375
0.0443495 0.0856328 0.016795
-0.023273 0.109075 -0.0209762
-0.026423 0.085275 0.00921052
-0.0674759 0.151475 -0.0161189
-0.040073 0.063575 -0.0388273
0.0392214 0.161225 -0.0209375
-0.081723 0.066725 0.00257537
0.0521528 0.074425 -0.0069375
0.0199563 0.0626983 0.00599189
0.008927 0.159125 -0.0213974
0.0589434 0.063225 -0.0233875
-0.0572479 0.156208 -0.00968448
0.008577 0.0642596 0.0210625
-0.0182862 0.157747 -0.00940819
0.067027 0.096125 -0.00323321
-0.0517354 0.15705 -0.00169501
-0.0753987 0.060425 0.0056625
-0.027123 0.154427 -0.0370375
0.035877 0.0534302 -0.0139375
-0.014523 0.091925 -0.0324797
0.0452019 0.0755461 1.23791e-05
-0.077523 0.1403 -0.0121875
-0.035523 0.177325 -0.0147655
-0.107273 0.158032 0.0102125
0.0353123 0.105225 0.0179125
-0.046373 0.0640058 0.0196625
0.051977 0.136025 -0.0318448
-0.074723 0.157375 -0.0147458
0.014877 0.0663385 0.0060125
-0.085573 0.061475 -0.0254086
-0.014173 0.072325 -0.0279272
0.0181331 0.094375 -0.0132375
-0.033423 0.118875 -0.0131437
0.057577 0.107325 -0.00997138
-0.012773 0.096475 0.00432008
-0.058973 0.087725 0.0189628
-0.004723 0.142539 -0.0237375
-0.056523 0.145457 0.0098625
-0.0570572 0.156588 -0.0237923
0.0201775 0.100014 -0.0176338
-0.034823 0.155275 -0.00048406
0.028527 0.137775 -0.0346634
0.034827 0.0679127 0.0238625
0.056653 0.097175 -0.0118375
0.0423484 0.0776765 0.0190272
0.020477 0.088075 -0.00632998
-0.051623 0.17909 -0.0048375
-0.040468 0.105639 -0.0106962
0.0432924 0.057954 0.00495083
0.0213287 0.073375 -0.0321375
-0.020823 0.160875 -0.0251123
-0.028523 0.0533389 0.0032125
-0.00924484 0.162975 -0.0093875
-0.0374591 0.062175 0.0161625
0.0295614 0.0710683 0.0167896
-0.001573 0.0771141 -0.0160375
-0.068773 0.117064 -0.0191875
-0.049873 0.073725 -0.0362078
0.0135634 0.0871218 -0.0148368
-0.0640144 0.125525 -0.000637498
0.0426954 0.097525 -0.0331875
-0.089073 0.143345 0.0119625
-0.050573 0.080025 -0.0342098
-0.048123 0.070925 -0.0359629
0.061427 0.067075 -0.00938288
-0.017673 0.054825 0.0256234
0.027812 0.152475 -0.0314375
0.0612886 0.110475 -0.0174375
0.037277 0.0530072 0.0098625
-0.01904 0.182229 -0.0232063
0.043227 0.0791896 -0.0023875
0.001577 0.119575 -0.000287518
-0.0163559 0.158508 -0.00972226
-0.0752987 0.148693 0.0072985
-0.017673 0.085275 -0.0318002
-0.028873 0.144775 -0.00452207
-0.076473 0.0588709 -0.0237375
-0.0208105 0.117475 -0.0125375
-0.079623 0.167212 0.000412505
-0.0314412 0.145125 -0.0296875
-0.041473 0.175225 0.00041417
-0.0474678 0.143725 0.0039125
-0.057573 0.157305 -0.0174375
-0.040773 0.106773 -0.0149875
-0.0967193 0.152489 -0.000611301
-0.041823 0.183625 -0.0140881
-0.076473 0.059413 -0.0331875
0.0439375 0.064975 -0.0391375
0.0153433 0.081075 -0.00903749
0.0127138 0.0640787 0.00161041
-0.082773 0.0701123 -0.0125375
0.040777 0.125875 -0.00201049
0.0899412 0.147225 -0.0097375
-0.096423 0.156675 0.00745645
-0.032723 0.120625 -0.0191999
0.044627 0.158248 -0.0184875
0.0832177 0.083525 0.0098625
-0.059509 0.155159 -0.00274725
0.056877 0.126575 -0.0304322
-0.026107 0.151775 -0.0023875
0.065316 0.10758 -0.00538211
0.019077 0.063925 0.0214032
-0.098173 0.151081 -0.000637498
0.055127 0.054825 0.0115147
0.0428733 0.0830505 0.0152587
-0.038323 0.0732705 0.0270125
-0.0855889 0.097875 -0.0083375
-0.023973 0.134275 -0.019022
0.0476654 0.081075 -0.0219875
-0.00192299 0.147575 -0.0181258
-0.016623 0.0586842 0.000412505
-0.034123 0.148975 -0.03627
0.0242142 0.085275 0.0112625
-0.081373 0.151883 0.0021625
-0.100273 0.151075 0.00884212
-0.069823 0.103125 -0.0217637
-0.068073 0.0556922 -0.0125375
-0.082073 0.158601 -0.0128875
-0.012073 0.160143 -0.0100875
-0.0852055 0.151232 -0.00607927
0.0355795 0.0854017 0.00910386
-0.0395118 0.0566438 -0.0121085
0.0742849 0.060425 -0.0023875
-0.082073 0.151886 0.00531251
0.076477 0.105925 0.00794594
-0.060373 0.122375 -0.0226859
0.00367701 0.113625 -0.0010872
-0.060723 0.177602 0.0025125
0.0647764 0.096125 0.00181251
0.050927 0.154225 -0.0183296
-0.070173 0.0566134 0.00531251
0.051627 0.152825 -0.0179335
-0.032723 0.173475 -0.0220882
-0.0236194 0.105575 -0.0062375
-0.0533464 0.142354 0.00771808
0.048127 0.0785087 -0.0188375
0.0135527 0.0839628 -0.0132213
0.0422938 0.087025 -0.0331875
-0.0317684 0.167525 -0.0321375
-0.0803179 0.062175 -0.0013375
0.0632344 0.10864 -0.00811568
-0.0674789 0.151075 -0.0195375
0.047777 0.0716499 0.0207125
-0.0456829 0.158425 0.000762504
-0.082423 0.167328 -0.0020375
0.065977 0.105925 -0.00928856
-0.052323 0.0644636 -0.0370375
0.0781974 0.087375 0.0189625
-0.018648 0.148581 -0.00970426
-0.0786566 0.089475 -0.0205875
-0.035173 0.195175 -0.023108
0.0651898 0.069525 0.0252625
0.019777 0.093675 -0.0283886
-0.024323 0.158425 -0.0251947
0.00962701 0.153175 -0.013739
-0.0729099 0.158775 -0.0212875
0.015227 0.146875 -0.00468053
0.050577 0.0691261 0.0231625
0.0424755 0.0709729 -0.00239933
-0.098873 0.157745 0.0084625
-0.0717707 0.149298 0.00832864
0.060027 0.0677699 -0.0107875
0.0331751 0.0562481 0.00120781
-0.080323 0.163846 -0.0065875
-0.052323 0.152799 0.00531251
-0.0811604 0.0670716 -0.0232585
-0.00787299 0.106625 -0.0339377
-0.0420396 0.100675 -0.0121875
-0.0930913 0.178725 0.0095125
0.0116849 0.150725 -0.0293375
-0.097823 0.143794 -0.0048375
0.071927 0.100675 -0.00863591
0.0341354 0.110825 -0.0307375
0.069127 0.073725 0.0247522
0.0498707 0.076875 0.0137125
-0.011373 0.139175 -0.0173503
0.0294075 0.110125 -0.0261875
-0.076123 0.077225 -0.0211536
-0.010239 0.143725 -0.0209375
-0.021873 0.0726427 0.0133625
0.034127 0.0900203 0.0249125
-0.095723 0.155975 0.00564953
-0.0283406 0.127625 -0.0160375
0.0259304 0.152475 -0.0065875
-0.025723 0.185375 -0.0197463
-0.034473 0.186267 -0.0188375
-0.017323 0.162625 -0.00624303
-0.0624691 0.140225 -0.0240875
-0.089423 0.139241 -0.0069375
0.030277 0.0670806 -0.0342375
-0.048123 0.0559256 -0.0058875
-0.000172988 0.106975 0.000866339
0.0280644 0.069875 -0.0464875
-0.072273 0.085625 0.0150362
-0.0594206 0.150375 0.0081125
-0.00332299 0.076175 -0.0195377
-0.047073 0.141275 -0.0270433
0.0609247 0.124475 -0.0104375
0.026077 0.125904 -0.0254875
-0.0625385 0.055525 0.0326125
-0.086273 0.168575 -0.00239888
-0.060373 0.0549839 -0.0174375
0.0837815 0.088075 0.0063625
0.044327 0.0827661 0.0198274
-0.031673 0.094375 0.00077498
0.020127 0.0832644 0.0028625
-0.029573 0.0800437 0.0119625
-0.0243682 0.161575 -0.0380875
0.0537862 0.123425 -0.0321375
-0.041473 0.086325 0.0196276
0.026077 0.067425 -0.0403698
-0.0853746 0.099275 -0.0058875
0.037977 0.159475 -0.0226205
-0.076123 0.085275 -0.0223
-0.067373 0.0729453 -0.0265375
-0.052673 0.0578679 -0.0282875
-0.064223 0.095732 -0.0254875
-0.050223 0.0560314 -0.0317875
0.062827 0.119225 -0.020132
-0.030973 0.163859 -0.0310875
0.0173722 0.160875 -0.0219875
-0.048473 0.0539172 -0.0198875
-0.0337817 0.084225 0.0119625
-0.051273 0.139875 -0.00510062
-0.081723 0.167639 0.0158125
0.0827956 0.147225 -0.0076375
0.044627 0.111525 -0.033826
-0.00542299 0.080025 -0.0259333
0.053727 0.0663712 -0.0275875
-0.0838291 0.087725 0.0067125
-0.042173 0.075825 0.0285569
-0.081022 0.107675 -0.0104375
0.081727 0.137425 -0.0174797
-0.0433027 0.162975 -0.0363375
-0.014173 0.0608182 0.0077625
-0.0150914 0.153875 -0.0100875
-0.0420931 0.182925 -0.0373875
-0.0467184 0.181175 -0.0167375
-0.072623 0.165425 -0.0168113
-0.0166812 0.169879 -0.00844759
-0.00970832 0.162275 -0.0086875
0.084877 0.129238 -0.0107875
-0.064573 0.172075 0.00418321
-0.040073 0.159489 0.00181251
-0.052323 0.091225 -0.0207883
-0.033773 0.180475 -0.00302353
0.015227 0.157025 -0.0234329
-0.0406129 0.162275 0.0011125
-0.00997299 0.126925 -0.00424688
-0.043573 0.057625 0.0117166
-0.0106406 0.062525 -0.0083375
0.032727 0.118175 -0.0091616
-0.078923 0.109742 0.0011125
0.0233044 0.055525 -0.0202375
-0.076473 0.17452 -0.0023875
-0.014873 0.080375 0.013744
0.074027 0.0872068 -0.0020375
0.0127167 0.069175 -0.0184875
0.022577 0.071625 -0.0396791
-0.041473 0.089825 0.0111278
0.0141514 0.0834225 -0.0119105
-0.016973 0.0708085 -0.0286375
0.028177 0.069175 0.0174621
-0.031323 0.0555551 -0.0279375
-0.038673 0.145271 -0.0345875
0.00119667 0.143025 -0.0296875
0.0403586 0.152125 -0.0289875
0.001927 0.142325 -0.030852
-0.056873 0.0903924 -0.0265375
-0.079623 0.147225 0.0152801
0.025765 0.0661329 -0.041637
0.084527 0.145818 -0.0104375
0.043577 0.055525 -0.0181481
-0.0278832 0.109529 -0.0148455
0.048477 0.137425 -0.0331965
0.035177 0.105245 0.0193125
-0.0626426 0.151775 -0.0237375
-0.072711 0.175225 -0.0048375
-0.0680669 0.063575 -0.0338875
0.039727 0.0596731 -0.0237375
-0.060373 0.095425 0.0145967
-0.065273 0.142318 0.0119625
-0.021523 0.094375 -0.030855
0.0516248 0.073725 0.0214125
-0.056873 0.074075 -0.0355966
-0.097823 0.143112 -0.000637498
-0.025723 0.082825 0.00985933
-0.0720194 0.142675 0.0140625
-0.063523 0.139875 -0.0210039
0.019077 0.095075 -0.0121707
0.0595855 0.139175 -0.0230375
-0.0533037 0.104525 0.00881251
0.029227 0.065675 -0.0305852
0.037627 0.113625 -0.00263484
-0.050223 0.0564825 0.0116125
-0.0584104 0.066375 0.0375125
-0.049173 0.169275 -0.0335512
0.002277 0.150025 -0.0236476
0.018027 0.129375 -0.033327
-0.021873 0.136025 -0.0210366
0.049177 0.142325 -0.0055379
-0.0414194 0.075475 0.0280625
-0.008912 0.075475 0.0032125
-0.047073 0.174782 0.0014625
-0.080673 0.0672438 -0.0191875
-0.0738206 0.088075 -0.0275875
-0.072973 0.103378 -0.0205875
0.0226771 0.072374 -0.0351199
0.0367499 0.0677516 0.0159427
0.096077 0.136725 -0.00808842
0.014023 0.117475 -0.0121875
-0.020823 0.0584986 0.00531251
0.090127 0.138825 -0.00760321
-0.0344263 0.183625 -0.0013375
-0.039147 0.148975 0.00181251
-0.043223 0.055175 0.00961594
-0.0329464 0.195525 -0.0212875
-0.0127804 0.131125 -0.0121875
-0.093623 0.170675 -0.00861342
-0.0921311 0.154234 0.0134466
0.0413798 0.0760869 0.0155053
-0.088723 0.176691 -0.0051875
-0.026423 0.0862163 -0.0317875
0.0626128 0.120147 -0.012265
0.0580807 0.137775 -0.0107875
-0.019423 0.119925 -0.0119962
-0.080673 0.0586054 -0.0317875
-0.001223 0.0771026 -0.0111375
-0.0771445 0.140225 -0.0125375
-0.00647299 0.070575 -0.00200569
-0.078923 0.110618 -0.000637498
-0.054423 0.085625 -0.032185
-0.035173 0.162275 -0.0386001
0.0026349 0.0569444 0.0117472
-0.025023 0.072325 -0.0359257
-0.013823 0.089125 0.00867226
-0.001223 0.082475 -0.0227429
-0.042873 0.141136 -0.0303875
0.0581103 0.061125 -0.0258375
-0.028873 0.131508 -0.0237375
-0.077873 0.0645089 -0.0384375
-0.0795105 0.140225 -0.0083375
-0.061073 0.143025 0.0109082
0.0401577 0.0681486 0.0151942
-0.098523 0.138451 -0.0062375
-0.0549238 0.155237 -3.51221e-05
-0.0712605 0.142325 -0.0076375
-0.028873 0.05377 0.0049625
-0.0504334 0.092975 -0.0184875
-0.0593139 0.123075 -0.0230375
-0.0474728 0.108025 0.0021625
-0.0625598 0.144425 -0.0076375
0.0341814 0.0594319 0.0140492
-0.00729994 0.117825 -0.0331875
-0.040423 0.180825 -0.0362358
-0.040073 0.152475 -0.0368859
0.031677 0.055883 -0.0237375
-0.0148741 0.123775 -0.0240875
-0.0180542 0.125273 -0.0144417
-0.012773 0.173825 -0.00791133
0.079277 0.114261 -0.0086875
-0.045323 0.131825 0.000791289
-0.088723 0.171375 0.0130168
0.013477 0.129402 -0.0030875
0.030977 0.0883683 0.0098625
-0.037273 0.054125 0.00250167
0.0476761 0.090525 -0.0191875
-0.086273 0.1771 0.0084625
-0.0636196 0.1518 -0.0128442
-0.0297163 0.087025 0.00881251
-0.049173 0.154575 -0.0299138
0.00927702 0.104079 -0.0132375
0.020127 0.137775 -0.00275443
0.0663379 0.063225 -0.0149875
0.00682068 0.109775 -0.0300375
-0.054773 0.054825 0.0328924
0.0246241 0.064625 -0.0429875
0.0721641 0.139525 -0.0170875
-0.052323 0.110125 0.00712385
-0.016973 0.122025 -0.00978545
-0.0550406 0.145106 -0.0204642
-0.0408995 0.0979552 -0.011381
-0.0551181 0.158495 -0.00954286
0.0390764 0.109828 0.0076143
0.035527 0.069875 -0.0406028
0.0784775 0.109775 -0.0107875
-0.0794939 0.108725 -0.0125375
-0.022223 0.155625 -0.0210295
-0.0376252 0.081075 -0.0286375
-0.061423 0.101725 0.0116571
0.029927 0.110825 -0.0265546
0.054777 0.115025 -0.00427238
-0.081373 0.158966 -0.0121875
0.0191705 0.123075 -0.0272375
0.034827 0.054369 -0.0121875
-0.054774 0.155975 -0.0272375
-0.0262217 0.133225 -0.0167375
0.036927 0.0768565 -0.0342375
0.0588455 0.108725 -0.0223375
0.0364061 0.0809781 0.00847601
0.0544971 0.068475 -0.0237375
-0.062123 0.062525 0.0368316
-0.0432798 0.184675 -0.0216375
-0.0375398 0.055598 0.00108785
0.076477 0.138475 -0.0181402
-0.065973 0.067425 0.0314147
0.055477 0.071275 -0.00729318
0.0790239 0.071275 0.0112625
-0.0284664 0.169625 -0.0366875
0.0714323 0.078625 0.0235125
0.00367701 0.125875 -0.000884838
0.0320252 0.071275 -0.0398375
0.00997701 0.064275 0.0200755
-0.011023 0.110475 -0.0327552
-0.037273 0.0722792 -0.0293375
-0.042173 0.178025 -0.0355686
-0.099554 0.152125 0.0102125
-0.033423 0.059725 -0.0411244
0.025027 0.067075 -0.0466876
-0.034823 0.196912 -0.0209375
0.044277 0.120643 -0.0016875
-0.048473 0.122375 0.00383529
-0.0757503 0.061475 0.00706251
-0.0684897 0.070925 -0.0289875
-0.011723 0.090175 0.00562594
-0.00822299 0.116425 0.000193566
-0.0346635 0.054825 -0.0153375
0.036577 0.123425 -0.0310743
-0.0638111 0.172075 0.0046125
-0.0216114 0.148975 -0.0051875
-0.0101394 0.103475 -0.0335375
0.080327 0.087375 -0.000930816
-0.060023 0.0632193 -0.0352875
-0.0608236 0.094375 -0.0237375
0.0333661 0.0601967 0.0156464
0.055827 0.066725 0.0251266
0.0506808 0.145825 -0.0282875
-0.069088 0.092975 -0.0289875
-0.085923 0.059725 -0.0302506
-0.036573 0.053405 0.0039125
-0.047423 0.143231 -0.0289875
0.055477 0.0532454 6.25029e-05
-0.060875 0.084575 0.0182625
0.081727 0.091575 0.0137645
0.00405884 0.092625 -0.0076375
0.00577702 0.147925 -0.0285119
0.0177329 0.0727179 -0.0378226
-0.056873 0.145176 -0.0051875
0.079647 0.107325 0.0046125
-0.068489 0.167175 -0.0195375
0.0262903 0.068475 -0.0461375
0.023977 0.056925 0.0217668
-0.069123 0.142325 0.0130125
-0.028173 0.088425 0.0076373
0.0813799 0.081075 0.0042625
-0.0674129 0.066375 0.0193125
0.014877 0.125175 -0.0324827
0.023627 0.123538 -0.0191875
-0.0844278 0.16439 0.0118678
0.0164459 0.161575 -0.0219875
0.042177 0.124125 -0.00174807
0.00741614 0.060075 0.0112625
0.067727 0.063575 -0.012867
-0.058273 0.157725 -0.0265236
-0.083473 0.097875 0.00366432
0.0834067 0.101725 0.0011125
-0.0381003 0.124825 -0.0261875
-0.040423 0.117125 -0.0229026
0.000527009 0.119575 0.000110164
0.022577 0.0638289 0.0133625
-0.031323 0.177228 -0.0051875
-0.042523 0.059025 0.0123722
0.0441852 0.0801563 0.0198859
-0.0818196 0.067775 -0.0114875
-0.0229474 0.165425 -0.0401875
-0.071923 0.142633 -0.0114875
-0.0238923 0.066375 -0.0387875
-0.053373 0.069875 0.0350429
-0.0604251 0.144511 -0.0194515
0.0643858 0.117612 -0.0112458
0.028177 0.104525 -0.00759898
0.0718736 0.094375 -0.0044875
0.0428251 0.0826456 0.0161486
-0.028873 0.169975 -0.0232531
0.063527 0.081425 0.00323047
-0.051623 0.174875 -0.0347413
-0.047423 0.0931083 0.0154625
0.036577 0.060075 -0.0402447
-0.064923 0.167906 -0.0240875
-0.0579312 0.159985 -0.0157653
-0.0199495 0.081075 -0.0342375
-0.035873 0.139175 -0.00273184
0.014177 0.148975 -0.0322943
-0.0444492 0.179775 -0.0219875
-0.040773 0.17802 -0.0079875
-0.040423 0.0931836 0.0046125
-0.074023 0.171725 -0.00840414
-0.017323 0.055875 0.00878255
-0.070873 0.168012 0.0144125
-0.021523 0.094725 -0.0307197
0.00997701 0.064275 0.0250433
0.008927 0.108725 -0.026927
0.0145689 0.074112 0.000214239
0.067727 0.078975 0.00180774
-0.043573 0.141975 -0.0316849
-0.011723 0.124125 -0.00436899
0.015927 0.128325 -0.0337045
0.0338687 0.0644276 -0.000548372
-0.059323 0.161579 -0.0020375
-0.060723 0.144926 -0.0037875
0.0292122 0.108725 -0.0272375
0.043927 0.106975 0.0137045
-0.061073 0.144889 -0.0034375
0.0445651 0.0648653 -0.00518973
-0.032723 0.0577553 0.0165125
0.050227 0.066725 -0.0321162
0.049177 0.066025 0.0230606
0.070877 0.0590406 -0.0121875
-0.033773 0.193732 -0.0209375
-0.0276401 0.10979 -0.0136331
0.047427 0.150045 -0.0111375
-0.079273 0.065675 -0.0177607
-0.091173 0.179445 0.0116125
0.034477 0.132525 -0.0331287
0.0410465 0.0573539 -0.00741398
-0.093273 0.143025 0.00526178
-0.034823 0.172432 -0.0254875
-0.0323968 0.058325 0.0144125
-0.0808947 0.151775 0.0123125
-0.078923 0.151262 -0.0023875
0.0415034 0.0613914 -0.00638333
-0.064223 0.179737 -0.0121875
-0.028565 0.096475 -0.0237375
0.024327 0.0714392 -0.0349375
-0.0342251 0.0571811 -0.00724774
-0.026773 0.158775 -0.0262676
0.0251839 0.064625 0.0137125
-0.103423 0.158457 0.0130125
0.060377 0.084238 0.0140625
0.0811061 0.136025 -0.0181375
-0.095723 0.139875 -0.00668074
-0.00892299 0.069875 0.000394981
-0.069123 0.054475 -0.000337224
-0.0588553 0.077925 -0.0359875
-0.032373 0.150725 -0.0394926
-0.0895311 0.150402 0.000405003
-0.0713054 0.168225 0.0144125
0.064577 0.137425 -0.0163095
0.033077 0.0534219 0.00356251
-0.00997299 0.099975 0.00342098
0.0437391 0.0616933 0.00525001
-0.039723 0.132175 -0.000642609
0.072977 0.0555428 -0.0055375
0.038677 0.095775 0.0290974
0.045327 0.0727397 -0.0310875
0.0437053 0.0806709 0.0185248
-0.033773 0.062875 0.0250125
-0.095023 0.142396 -0.0016875
-0.021912 0.060425 -0.0247875
-0.065973 0.122375 0.00235095
-0.021173 0.071975 0.0152531
0.0770068 0.068475 0.0175625
0.0159107 0.067291 0.00415917
-0.057923 0.080375 -0.0358991
-0.0687806 0.068125 0.0154625
-0.054073 0.083175 0.0204714
-0.0810494 0.094375 0.00881251
-0.079973 0.061475 -0.0178089
0.055127 0.135675 -0.00641458
-0.071923 0.147925 0.0119677
-0.042721 0.113275 -0.0034375
-0.070173 0.0563022 -0.0114875
0.0447505 0.0560375 -0.00257106
0.071927 0.0551552 -0.0037875
0.047427 0.071625 -0.0295082
0.032377 0.0548058 0.0091625
0.069127 0.118875 -0.00409131
-0.0788881 0.166169 -0.00226462
0.0446614 0.0692415 -0.00226794
0.023277 0.061825 0.0214842
-0.0481501 0.145965 -0.000294129
0.0342331 0.0659707 0.0176291
0.050227 0.0955882 -0.0244375
-0.050923 0.144075 -0.0284798
0.091177 0.146875 -0.00964004
-0.043573 0.071625 -0.035366
-0.067373 0.119575 0.00398238
0.0337006 0.098575 0.0207125
-0.0534474 0.057625 -0.0300375
-0.0110437 0.093675 0.0049625
0.015227 0.155625 -0.0247147
0.040777 0.144075 -0.0337833
-0.078573 0.140225 -0.0104584
0.0255688 0.105575 -0.0237375
-0.0540836 0.091575 -0.0216375
-0.053373 0.0691553 0.0354125
-0.077523 0.113975 -0.00905203
-0.013473 0.124475 -0.0258532
0.041477 0.106975 -0.0343386
-0.0172842 0.158361 -0.00904413
0.0387927 0.058325 -0.0450875
0.041127 0.085975 -0.00523153
-0.042173 0.054825 0.00913198
0.035527 0.0580694 0.0263125
0.056877 0.0698705 -0.0205875
0.092227 0.137775 -0.0124501
-0.035173 0.0595748 0.0193125
-0.076368 0.063225 -0.0384375
0.00787701 0.117129 -0.0034375
0.0217738 0.0639587 -0.0432
-0.030973 0.120972 -0.0156875
-0.0233313 0.139175 -0.0191875
0.0131465 0.121325 -0.0310875
-0.0287335 0.173475 -0.0097375
0.037977 0.088075 -0.0333967
0.00402701 0.154623 -0.0198875
-0.036573 0.116775 -0.0112914
-0.096773 0.149325 -0.00307985
0.042527 0.0563867 0.0049625
0.015227 0.150025 -0.0319372
-0.079973 0.139893 -0.0107875
0.036227 0.070925 -0.0379631
-0.100273 0.150809 0.00181251
-0.036223 0.187871 -0.0198875
-0.014523 0.149378 -0.0079875
-0.0587105 0.159077 -0.0176699
-0.075773 0.071275 -0.0196362
0.062127 0.130467 -0.0135875
0.0465313 0.0938629 0.0182909
-0.068773 0.169625 -0.0199193
-0.00542299 0.117825 0.000416253
0.017677 0.137775 -0.00276255
-0.085223 0.066025 -0.031182
-0.0603935 0.113275 -0.0226875
0.001577 0.153175 -0.0187928
-0.0403318 0.0557688 0.00167387
0.066327 0.116805 -0.0167375
0.032377 0.066025 -0.0466221
0.016277 0.0795894 6.25029e-05
-0.048123 0.070225 -0.0358029
-0.0291676 0.157725 -0.0324875
0.0176021 0.094725 -0.0216375
-0.091173 0.18005 0.0074125
0.042877 0.144775 -0.00474979
0.064577 0.131475 -0.0149978
0.0343034 0.0544691 -0.00154828
0.0473893 0.082825 -0.0265375
-0.0574224 0.15452 -0.00119971
-0.061073 0.0956247 -0.0230375
0.0309975 0.056575 0.0242125
0.036227 0.079167 0.0039125
0.00437701 0.147575 -0.0281532
-0.049523 0.130255 0.0014625
-0.0339586 0.153525 -0.0387875
-0.0281467 0.164375 -0.0027375
-0.0333094 0.181875 -0.0027375
-0.097823 0.15701 0.0123125
-0.049348 0.057275 -0.0373875
-0.0512174 0.057625 0.0347125
-0.00682299 0.071265 -0.000987496
-0.035873 0.0541245 -0.0226875
0.0563422 0.077225 0.000412505
-0.064223 0.082125 -0.0349202
0.0451584 0.089475 -0.0083375
-0.050923 0.0536263 0.0266625
0.0530451 0.153175 -0.0195375
-0.0251552 0.073375 -0.0356375
0.044627 0.089125 -0.0280375
-0.029923 0.0960565 -0.0023875
0.0308266 0.119213 -0.016665
0.035877 0.095775 0.0221911
0.0412 0.0660761 0.0132335
-0.0267522 0.110629 -0.013357
-0.0576814 0.142454 0.00878077
-0.054773 0.0770476 0.0259625
-0.016973 0.124475 -0.0205675
0.079277 0.0721041 0.0095125
-0.047073 0.059375 0.0130913
-0.0339352 0.123775 -0.0079875
0.050227 0.096125 -0.0252912
-0.0664993 0.065675 0.0175625
-0.050923 0.0918961 0.0189625
-0.058623 0.161896 0.00881251
-0.0804523 0.148992 -0.00410532
-0.00787299 0.098575 -0.0335267
-0.054423 0.113975 0.00708098
0.000709832 0.128675 -0.0342375
0.0404115 0.0691474 0.013038
-0.068073 0.105925 0.0104435
0.048827 0.140267 -0.0044875
-0.0631838 0.175225 -0.0237375
0.068427 0.0542469 -0.0153375
-0.0855753 0.15129 0.0140546
0.035177 0.102075 0.020894
-0.0813756 0.179775 -0.000287496
0.0363647 0.0991027 0.0129911
-0.076823 0.0587951 -0.0233875
0.014177 0.116081 -0.0146375
-0.082773 0.072675 -0.0142818
0.051977 0.154575 -0.0189049
-0.087517 0.171521 0.00575958
0.056877 0.151351 -0.0181375
0.025027 0.132727 -0.0331875
-0.026423 0.164725 -0.0424904
-0.083823 0.174875 -0.00639447
0.017327 0.0625145 -0.0226875
-0.084873 0.0962914 6.25029e-05
0.062827 0.086325 0.00231443
-0.0259799 0.146855 -0.00419997
0.0304156 0.0583235 0.0133703
-0.020473 0.173475 -0.00642731
-0.054773 0.175925 -0.02577
-0.0237231 0.152475 -0.0146375
-0.00857299 0.077575 -0.0268712
-0.074373 0.172504 -0.0076375
-0.046023 0.060775 0.0254914
0.043577 0.0569976 -0.0195375
-0.0764816 0.075125 0.0133625
-0.026073 0.060075 -0.0287702
-0.0470429 0.0559867 -0.00242099
-0.0311739 0.123775 -0.0142875
0.023277 0.0850331 0.0049625
0.0310456 0.108375 -0.0296875
0.00472701 0.0904064 -0.0128875
-0.0365789 0.178375 -0.0023875
-0.040773 0.166475 0.00168625
0.0571687 0.151075 -0.0188375
-0.054423 0.087725 -0.0298992
-0.0369752 0.109973 -0.0129567
-0.050923 0.0576144 -0.0272375
-0.048823 0.161925 -0.0326435
-0.044973 0.074775 0.0305725
-0.076823 0.107637 0.0063625
0.050927 0.097875 -0.00950384
-0.0795339 0.0674267 -0.0253716
-0.070173 0.167525 0.0145704
-0.072273 0.17618 -0.0118375
-0.086973 0.088775 -0.00693275
-0.037273 0.0679901 -0.0356375
-0.00759958 0.127275 -0.0030875
0.017327 0.0931684 -0.0233875
0.0371566 0.064975 -0.0447375
-0.0969115 0.178725 0.000762504
0.046727 0.141975 -0.0328181
-0.00227299 0.130782 -0.0023875
0.0349443 0.104659 0.0119906
-0.0271717 0.073725 -0.0335375
-0.036923 0.176625 -0.0237932
-0.062823 0.0625781 -0.0233875
0.076477 0.096125 0.0156604
-0.075773 0.0575428 -0.0048375
-0.012773 0.130425 -0.022588
0.0451616 0.0747205 -0.00368485
0.074727 0.066725 0.0199597
-0.062823 0.059025 0.017098
-0.0159706 0.186075 -0.0300375
-0.0182599 0.130602 -0.0171042
-0.000522986 0.102425 -0.0325265
-0.063523 0.088101 -0.0338875
-0.044623 0.17769 -0.0027375
-0.0166773 0.058325 6.25029e-05
0.071927 0.099975 -0.00821272
-0.090473 0.148275 -0.00592959
0.024677 0.052805 -0.0058875
0.0538772 0.138125 -0.0300375
-0.0603682 0.153727 0.00683428
-0.069823 0.177862 -0.0118375
-0.0193629 0.118175 -0.0100875
0.080327 0.108621 0.00181251
0.025377 0.066725 -0.0469098
-0.0128832 0.131825 -0.0219875
-0.004723 0.147925 -0.0223796
0.0202447 0.055525 -0.0132375
-0.0786289 0.066375 -0.0170875
-0.089773 0.174753 0.0161625
-0.010673 0.186422 -0.0268875
0.0169946 0.091575 -0.0125375
0.042527 0.085975 -0.00679318
-0.0848267 0.159409 -0.00694202
0.047777 0.0537681 -0.0135875
-0.062473 0.160525 0.00825007
0.0744794 0.117825 -0.0034375
-0.0282538 0.121346 -0.0179072
0.0765699 0.118175 -0.0055375
0.063877 0.137425 -0.0161609
-0.0846515 0.1594 -0.00813889
0.0417971 0.0689472 0.0138523
-0.027823 0.0588293 -0.0261875
-0.01649 0.188875 -0.0286375
0.066327 0.123075 -0.0181479
-0.000670984 0.085625 -0.0030875
-0.041473 0.184675 -0.0226111
-0.073673 0.0574093 -0.0093875
-0.032023 0.173976 -0.0111375
-0.0190022 0.054475 -0.0069375
-0.0768541 0.141975 0.0091625
-0.0879321 0.161575 -0.0121875
-0.010673 0.0693352 0.00181251
0.0196707 0.122375 -0.0167375
-0.033423 0.173475 -0.0225252
0.028527 0.086325 -0.0016361
-0.033073 0.054125 -0.027812
-0.043223 0.0673377 0.0259625
-0.027473 0.083175 -0.0317804
0.061777 0.0842463 0.0193125
0.00787701 0.153525 -0.0237244
0.0164571 0.121325 -0.0114875
0.022927 0.084925 -0.0334475
-0.026073 0.128325 -0.0176519
-0.065273 0.056225 0.0316563
-0.00577299 0.083175 -0.028045
0.000492737 0.122025 -0.000287496
0.00673002 0.098925 -0.0226875
-0.051273 0.105225 0.00734443
0.051627 0.147442 -0.0258375
-0.0406335 0.10554 -0.0139627
0.00633323 0.064625 0.0123125
-0.0341128 0.115169 -0.0150726
-0.018373 0.113975 -0.0258551
-0.0441047 0.175925 -0.0296875
0.030277 0.087375 0.00779099
-0.0793625 0.062175 -0.0093875
0.0688101 0.057625 0.0060125
0.0491694 0.107675 -0.0034375
-0.011023 0.160778 -0.00903749
-0.049523 0.0820498 -0.0317875
-0.0784556 0.064275 -0.0167375
0.0454151 0.153525 -0.0163875
-0.022223 0.109425 -0.0226699
-0.0296288 0.181193 -0.00651551
0.0316747 0.0545787 -0.000177381
0.017327 0.157375 -0.0234935
0.062477 0.127625 -0.0132203
0.061427 0.0711871 -0.0027375
-0.077523 0.151075 -0.00412633
0.010677 0.130425 -0.00203119
-0.015223 0.130084 -0.0156875
0.0755063 0.126925 -0.0198875
0.0305418 0.121325 -0.0205875
-0.067723 0.145125 0.0128325
-0.0525435 0.158825 -0.00398552
-0.043923 0.0769917 -0.0296875
-0.024323 0.186425 -0.0268416
-0.0682178 0.074075 -0.0282875
0.0208723 0.056925 -0.0034375
0.0366778 0.0589085 -0.00553498
-0.024673 0.139525 -0.0250611
-0.0148597 0.1376 -0.0197226
0.032727 0.099625 -0.00355988
0.00790869 0.061825 0.0175625
-0.0854387 0.150767 0.0091829
-0.031673 0.152821 -0.0398375
-0.089423 0.170464 0.0105625
0.0572905 0.113275 -0.0282875
-0.059323 0.056575 0.0166949
-0.080673 0.166478 0.0144125
-0.032373 0.0537821 0.0014625
0.058977 0.129025 -0.0274115
-0.015573 0.056575 0.00895226
0.0240042 0.085625 0.0077625
-0.0580066 0.155164 0.00495468
0.089777 0.138906 -0.0076375
-0.098506 0.147225 -0.0030875
0.055827 0.068825 -0.0224391
-0.00612299 0.137425 -0.0087465
0.0155389 0.116384 -0.0215423
-0.025723 0.183625 -0.0192801
0.039014 0.0912635 0.0141365
-0.048123 0.073375 0.0322612
0.056527 0.122366 -0.0048375
-0.032023 0.0700081 0.0249125
0.0160505 0.0637758 0.00333492
-0.037642 0.177675 -0.0125375
-0.052673 0.152825 0.00537603
0.010677 0.063225 0.00312827
-0.090123 0.060075 -0.0271672
0.0442898 0.10105 0.0129722
-0.028173 0.158075 -0.0398367
0.0451439 0.089825 -0.0275875
-0.0213412 0.104875 -0.0020375
0.036227 0.152125 -0.00755858
-0.0160747 0.148706 -0.00930117
0.015577 0.126322 -0.0062375
0.042877 0.077225 -0.0335603
0.019427 0.091575 -0.0293275
-0.063873 0.174525 0.00444208
-0.027823 0.174175 -0.0384068
-0.030973 0.181875 -0.0170864
0.037627 0.0529712 0.00881251
0.0902195 0.141625 -0.0086875
-0.018373 0.158136 -0.00728749
-0.00787299 0.114675 -0.0336114
0.065277 0.078275 0.0244776
-0.071223 0.167564 -0.0177875
0.0296663 0.135325 -0.0037875
0.005427 0.150388 -0.0132375
-0.056523 0.150725 -0.0265494
-0.074723 0.169839 0.0147625
-0.103378 0.141975 -0.0013375
-0.030973 0.179425 -0.0037817
-0.0180335 0.149978 -0.0105932
0.019077 0.139853 -0.0027375
-0.081023 0.141151 0.00706251
0.001927 0.117825 -0.000277076
-0.0119393 0.1414 -0.0201724
-0.0444161 0.0562536 -0.0118465
0.064927 0.0537832 -0.0118375
-0.029573 0.0560853 0.0130125
-0.0840474 0.098575 0.00181251
0.060027 0.082475 0.00234882
-0.00468037 0.078625 -0.000637498
-0.058973 0.157305 -0.0258375
-0.066323 0.0616412 -0.0223375
0.0400957 0.0690382 0.0131073
0.059327 0.137775 -0.0244314
-0.058273 0.0614114 -0.0247875
-0.099098 0.170325 -0.0076375
0.020827 0.061475 0.00038068
0.047427 0.081425 -0.029693
-0.025723 0.0531172 -0.0079875
0.063877 0.131825 -0.0149858
-0.025373 0.0563984 0.0084625
-0.067023 0.171375 0.00116264
-0.000522986 0.0825129 -0.0212875
-0.019423 0.066725 -0.0279018
-0.066673 0.142334 0.0119625
0.0584993 0.106975 -0.0100875
0.029227 0.072814 0.0196625
-0.014873 0.0812219 0.0133625
0.0722878 0.060775 0.0063625
-0.0682358 0.061125 -0.0226875
0.0365565 0.0922538 0.0124996
0.022577 0.0630018 0.0200125
0.081027 0.098925 -0.0055664
-0.0906406 0.15346 0.0126171
-0.036223 0.181175 0.00130807
-0.0771976 0.165632 0.000410582
0.051977 0.0557711 -0.0160375
0.019356 0.0606627 0.00636419
-0.00612299 0.103475 0.00262937
-0.035523 0.061825 0.0229664
-0.086623 0.0765383 -0.0076375
0.038327 0.0803089 0.0011125
-0.031939 0.165775 -0.0293375
-0.030273 0.0726176 -0.0359875
-0.087323 0.181814 0.0014625
0.060377 0.109425 -0.0182003
-0.027123 0.129375 -0.0169143
0.00717701 0.15044 -0.0268875
-0.078223 0.142675 0.0165131
0.0596 0.101725 -0.0132375
0.047427 0.138825 -0.0330977
-0.101673 0.144075 -0.00334188
-0.065273 0.139525 -0.0202704
-0.046723 0.082825 0.0211662
-0.0236128 0.153875 -0.0125375
-0.0925117 0.149932 0.000845857
-0.026209 0.081775 -0.0356375
0.0384141 0.0554837 -0.00589263
-0.031673 0.0643853 0.0259625
0.0462886 0.0985513 0.0158424
0.021877 0.0835514 -0.0030875
-0.021523 0.161737 -0.0419375
0.058277 0.0536108 -0.0037875
-0.026073 0.056225 0.0249217
-0.076123 0.141848 0.0147625
0.058977 0.118051 -0.0076375
-0.0564628 0.172425 -0.0289875
-0.082773 0.0933238 0.0074125
-0.027823 0.054125 -0.0340715
0.035527 0.108024 -0.0030875
-0.0817322 0.080725 -0.0174375
0.00285672 0.0573208 0.0119443
0.0656462 0.093703 -0.00111015
0.074727 0.0639663 0.0137125
-0.063173 0.0734606 0.0392625
-0.0231304 0.151775 -0.0163875
-0.042173 0.165647 0.0032125
0.0300479 0.099975 -0.0331875
0.0349352 0.091225 0.0245625
-0.080323 0.0586931 -0.0202375
-0.065623 0.156675 -0.0225121
0.00367701 0.151775 -0.0182872
0.025727 0.053075 -0.000586435
-0.061423 0.176359 0.0049625
-0.050692 0.166125 -0.0328375
-0.0842511 0.152125 0.0067125
0.0318847 0.158075 -0.0181375
-0.0327578 0.080375 0.0186125
0.008577 0.156903 -0.0226875
-0.0574663 0.155776 -0.00426343
0.033777 0.134625 -0.0338058
-0.0586697 0.053775 0.0308625
0.048127 0.140242 -0.0041375
-0.016973 0.099275 -0.0317365
-0.057923 0.059725 -0.0290618
0.0130828 0.154925 -0.0247875
-0.054423 0.090175 -0.0230075
0.044977 0.0828813 0.0266625
-0.039373 0.073375 -0.0291082
-0.081373 0.0635846 -0.0065875
-0.050573 0.0537732 0.0266625
-0.0107496 0.058325 0.0130125
-0.010323 0.069175 -0.0223947
0.011027 0.108733 -0.0230375
-0.061073 0.0627152 -0.0345875
-0.042173 0.0533303 -0.0184875
-0.0783112 0.152114 0.0108331
-0.0464834 0.093325 0.0098625
0.0110443 0.143025 -0.0041375
-0.0891671 0.161925 -0.0111375
-0.055823 0.105225 0.00957708
-0.016623 0.0590982 0.0084625
0.0382242 0.0780362 0.0134301
-0.058273 0.106661 0.0098625
0.0364238 0.0923037 0.0126076
0.070527 0.109425 0.00403987
-0.065973 0.179261 -0.0041375
-0.099223 0.144727 0.0042625
-0.066323 0.1445 0.00356251
-0.065623 0.161167 0.0095125
-0.041823 0.0573991 0.0340125
0.0368433 0.0742591 0.0128178
0.023977 0.075125 -0.0401037
0.034477 0.0664358 -0.0317875
0.00666847 0.06028 0.0211355
0.0384915 0.0618856 -0.00370485
0.018027 0.064625 -0.0257181
-0.0743458 0.173825 6.25029e-05
-0.053023 0.178334 -0.0212875
0.039727 0.100514 0.0280625
-0.0795126 0.110475 -0.0111375
-0.086623 0.168919 0.0095125
0.0151192 0.0774917 -0.00239016
0.052677 0.0741658 -0.0065875
-0.0191778 0.148791 -0.00986449
-0.0246135 0.095425 -0.0289875
-0.0659597 0.064625 0.0168625
0.0583427 0.141975 -0.0226875
-0.00367299 0.0766036 -0.0205875
-0.045323 0.120975 -0.0260038
-0.0402503 0.142089 -0.00125124
-0.0545099 0.054825 0.0186125
0.058106 0.118875 -0.0286375
0.00822701 0.158354 -0.0219875
0.056177 0.110148 -0.0282875
0.080327 0.078275 0.00449171
-0.020123 0.0532547 0.0207125
0.031677 0.0639291 -0.0289875
-0.017323 0.076175 -0.0316851
0.012077 0.109844 -0.0198875
0.0187656 0.081075 0.0060125
-0.072623 0.082825 0.0149954
0.0448751 0.0702244 -0.00191231
-0.069473 0.123865 -0.0111375
-0.050573 0.1402 -0.0044875
-0.0178544 0.160875 -0.0058875
0.00629611 0.059725 0.0154625
0.0380923 0.064625 -0.0457875
0.0164277 0.0646247 0.00325992
0.032377 0.0538201 -0.0135875
-0.0625075 0.072325 0.0410125
0.011027 0.144075 -0.0336575
-0.085223 0.164375 -0.00519596
-0.094323 0.164725 -0.00886797
-0.0403971 0.113275 -0.0079875
0.027477 0.103125 -0.0298736
-0.096073 0.167982 -0.0062375
-0.0889113 0.149603 -0.000675505
-0.052323 0.166825 -0.0312709
0.069827 0.055175 -0.0144926
-0.0665563 0.173825 0.0014625
0.0642959 0.067075 -0.0100875
-0.089773 0.16239 -0.0100875
-0.0231953 0.179963 -0.0249755
-0.037973 0.189225 -0.0226067
-0.022923 0.0534943 -0.0107875
0.075427 0.097175 0.0151498
-0.010323 0.190625 -0.026487
0.0443907 0.0909006 0.0173592
-0.0788571 0.068475 0.0102125
-0.078923 0.0586681 -0.0370375
0.0388604 0.073025 -0.0359875
-0.056873 0.177431 0.000412505
0.016627 0.0574611 0.0231625
0.044977 0.159382 -0.0205875
0.050227 0.102425 -0.0301532
-0.0543558 0.085275 -0.0324875
-0.0607482 0.153907 0.00632422
-0.091523 0.178008 -0.000987496
-0.075423 0.069175 -0.0300903
0.039377 0.096825 -0.0339943
-0.061073 0.076175 -0.0348766
-0.085923 0.0738212 -0.0051875
-0.039723 0.189225 -0.0164595
0.0179743 0.065675 -0.000987496
-0.0529697 0.143924 -0.0219233
-0.029923 0.183646 -0.0069375
-0.0861033 0.175575 0.0123125
0.025271 0.06772 -0.0413671
0.046027 0.149871 -0.0097375
-0.00752299 0.189575 -0.0277345
-0.086973 0.161225 -0.00524238
0.0182755 0.0733276 -0.0363008
-0.065273 0.141625 -0.0227958
-0.0515375 0.176275 -0.0349375
0.0745571 0.059725 -0.0058875
-0.0666302 0.098925 -0.0226875
0.064577 0.0917086 0.0102125
0.043927 0.151075 -0.0279189
-0.026073 0.0533584 -0.0020375
0.015227 0.124825 -0.0320817
-0.0236244 0.166125 -0.0044875
0.0581686 0.0682588 -0.0110971
0.073327 0.118875 -0.00388883
0.0156657 0.078975 -0.0079875
-0.062823 0.180474 -0.00903749
0.0603137 0.137775 -0.0142875
-0.082773 0.103125 -0.0103359
-0.0329232 0.053075 -0.0202375
0.065977 0.0696138 -0.0100875
0.0797831 0.091575 0.0158125
0.0399337 0.0939494 0.0135761
0.055477 0.107325 -0.00833511
0.0192077 0.0742472 -0.037512
0.00240035 0.136375 -0.0335375
0.030627 0.150025 -0.0334688
-0.065273 0.0624154 -0.0237375
-0.0556493 0.126925 0.0021625
-0.025723 0.151244 -0.0027375
-0.0805673 0.150455 0.00980468
0.0180016 0.11906 -0.0200905
0.0196638 0.0611396 0.00644922
-0.029923 0.056236 -0.0244375
0.035877 0.159475 -0.0231002
-0.0874223 0.082475 -0.0013375
0.044277 0.093675 -0.0307461
0.030627 0.0565225 0.0147625
-0.043223 0.168225 0.00196031
0.043227 0.0593227 0.0193125
-0.042523 0.057975 0.034656
-0.0834703 0.067775 -0.00728749
0.036227 0.0564588 -0.0450875
-0.033423 0.133155 -0.0279375
0.0124453 0.0784261 -0.0130277
-0.0819029 0.068125 0.0056625
0.030627 0.056225 -0.0499295
-0.077873 0.166475 -0.0152564
0.020477 0.161575 -0.0205149
-0.0351833 0.172075 -0.0310875
-0.055123 0.180823 -0.0128875
-0.100973 0.14956 0.0028625
0.0457096 0.104175 0.0168625
0.037627 0.148569 -0.0328375
0.0161906 0.088775 -0.0251375
0.063555 0.055875 -0.0212875
-0.0241603 0.158075 -0.0128875
-0.0698634 0.119575 -0.0167375
-0.0401187 0.182925 -0.0356375
-0.0259595 0.094375 -0.0286375
-0.042173 0.077575 0.0222192
-0.0650198 0.153734 -0.00362427
0.012777 0.155275 -0.024118
-0.037623 0.145125 -0.0353014
-0.043923 0.157725 -0.0360682
0.0372965 0.081509 0.0100279
0.0262888 0.0775659 -0.0397439
-0.0243886 0.11711 -0.0140566
0.046027 0.092275 -0.0283105
0.030977 0.0548725 -0.0482375
-0.0470894 0.067775 0.0326125
0.035527 0.086675 0.0277563
-0.088023 0.172485 0.0161625
0.053727 0.0786191 0.0140625
0.045759 0.0935344 0.0165494
0.0935827 0.146525 -0.0062375
0.037627 0.0773674 0.0067125
0.0665608 0.098575 0.0077625
-0.0324124 0.061125 0.0245625
0.014877 0.065325 -0.0216094
0.050927 0.0606403 -0.0300375
-0.0558491 0.14446 -0.0214866
-0.0619478 0.144059 -0.0191852
0.065977 0.0984178 0.0049625
-0.0588526 0.140892 -0.0236685
0.0370328 0.0700912 0.017206
-0.00332299 0.092975 0.00224349
-0.063523 0.178127 -0.0013375
-0.082773 0.063925 -0.0388724
-0.047073 0.119925 -0.0258391
-0.022223 0.0913232 -0.0328375
0.0194004 0.130775 -0.0055375
0.0339689 0.0621255 0.00090552
-0.086623 0.0587949 -0.0212875
0.066677 0.0537352 -0.0034375
-0.029573 0.086325 -0.029566
-0.027823 0.174525 -0.00270584
0.079277 0.143025 -0.015525
-0.069473 0.097525 -0.022589
-0.048123 0.151775 0.00422076
0.041477 0.121325 -0.00192563
0.070177 0.097175 -0.00506537
-0.0293916 0.104875 -0.0153375
0.030627 0.088075 0.0188361
-0.057573 0.0553173 -0.0191875
-0.065273 0.165425 0.0129242
-0.00997299 0.1225 -0.0310875
0.00505991 0.150375 -0.0254875
0.023627 0.155975 -0.0126954
-0.086973 0.164725 -0.0157178
-0.059323 0.061475 0.0374336
0.0456992 0.143375 -0.0044875
-0.0672261 0.172425 6.25029e-05
-0.045323 0.178725 -0.0350428
-0.0443315 0.156325 -0.0345875
-0.014873 0.084575 -0.0316672
-0.0804732 0.109075 -0.0086875
-0.041473 0.118733 -0.000987496
-0.088373 0.140575 -0.00251708
-0.067373 0.143688 -0.0111375
0.038327 0.089475 0.0310311
-0.0304513 0.081075 0.0119625
0.021177 0.094725 -0.0294728
0.039377 0.068125 0.0169777
-0.091873 0.164909 -0.0069375
0.0401596 0.0971775 0.0138607
-0.055823 0.0550874 -0.0191875
-0.0432732 0.0567653 0.0013417
-0.090823 0.148112 -0.0058875
0.0278062 0.099275 -0.0321375
-0.071223 0.150175 0.0046125
0.00962701 0.0632515 0.0179125
-0.070523 0.117488 -0.0177875
0.0154697 0.115731 -0.0190179
0.062127 0.119225 -0.0118587
-0.0480852 0.061125 0.0340125
0.0431666 0.0834376 0.016116
0.00390685 0.0559407 0.0128673
-0.048123 0.0559255 -0.0233875
-0.068423 0.078275 0.0163756
0.039027 0.149675 -0.00631544
-0.020123 0.125857 -0.0177875
0.042527 0.065675 0.0196532
0.008927 0.0573367 0.0144125
0.031327 0.0555178 -0.0499875
0.011377 0.155015 -0.0177875
-0.023973 0.161925 -0.0438932
0.035877 0.0656279 -0.0300375
0.030344 0.147925 -0.0345875
-0.00022687 0.104525 0.000762504
0.045677 0.089125 -0.00852735
0.021527 0.135325 -0.00369172
-0.051973 0.0729699 0.0347125
-0.093623 0.171725 -0.00779927
-0.040773 0.084925 -0.0259852
0.078577 0.074775 0.0195421
0.0785933 0.094375 -0.0051875
-0.027823 0.067075 0.0245565
0.00927702 0.0571109 0.0217625
0.056877 0.121325 -0.00506785
-0.043573 0.091575 -0.0146328
-0.088023 0.143211 0.0228125
-0.099223 0.153175 0.00460685
0.0179189 0.0733588 -0.0371733
-0.025023 0.109775 -0.0127118
0.048127 0.150725 -0.0251031
-0.038673 0.0549154 -0.0258375
0.0621166 0.054475 0.0168625
0.0201405 0.126575 -0.0300375
-0.029223 0.135675 -0.0265536
-0.012773 0.185324 -0.0293375
0.067027 0.0644291 -0.0121875
-0.0666645 0.069175 0.0252625
-0.0590344 0.152825 -0.0258375
-0.073673 0.0689652 -0.0268875
-0.064923 0.057625 -0.0180729
0.048127 0.097525 -0.0294223
-0.074373 0.171725 -0.00811589
-0.091173 0.165792 -0.0132375
-0.075773 0.0675699 -0.0321375
-0.0960524 0.151209 -0.00197582
-0.055473 0.170325 -0.0294818
0.0402896 0.0747837 0.0148578
-0.056873 0.0536828 0.0210625
-0.0888213 0.161575 -0.0069375
0.089427 0.143479 -0.0121875
-0.0847801 0.096825 -0.000287496
-0.084873 0.144732 -0.0100875
-0.0331543 0.083525 0.0123125
-0.0391529 0.090875 0.0077625
0.021177 0.125788 -0.0111375
-0.0477362 0.123775 0.0032125
-0.053023 0.055525 0.0338242
-0.00373065 0.104875 -0.0338875
0.0365694 0.0734311 0.0136372
0.0366526 0.057275 -0.0233875
-0.056873 0.160175 0.00586307
-0.052673 0.079325 -0.035661
0.0438981 0.0893471 0.0177246
-0.09155 0.172075 0.0056625
0.0762123 0.066375 0.0158125
-0.051973 0.115025 0.00638099
-0.070758 0.084925 0.0154625
0.068077 0.0943635 0.0158125
-0.039723 0.180825 -0.00360738
-0.028523 0.160875 -0.0423323
-0.031323 0.153395 -0.0394875
0.039727 0.0646876 -0.0293375
-0.00752299 0.134975 -0.0270035
0.086277 0.134666 -0.0083375
0.013477 0.130425 -0.00284894
0.073677 0.0625625 0.0130125
-0.025723 0.160875 -0.0427571
0.0384868 0.0719945 0.0178788
-0.0357246 0.148975 6.25029e-05
-0.031673 0.063575 -0.0397694
-0.0405653 0.0979312 -0.0113389
-0.055823 0.143056 -0.0268875
-0.0338738 0.0560412 -0.00446626
0.081027 0.150633 -0.0069375
0.00651625 0.064975 0.0140625
-0.032023 0.184026 -0.0170875
0.00997701 0.144425 -0.0331805
0.058977 0.134625 -0.0257886
-0.0908976 0.171751 0.00733442
0.0533794 0.075475 0.0210625
-0.0561625 0.125175 -0.0240875
0.0669048 0.103475 0.0014625
0.039727 0.125525 -0.00238685
0.0315649 0.117475 -0.0237375
0.031327 0.0992803 -0.0338875
0.00206986 0.086675 -0.0079875
0.018377 0.154698 -0.0272375
0.0347714 0.0567636 0.000634792
-0.0263659 0.139175 -0.0107875
-0.0798331 0.090175 0.0109125
-0.0407299 0.091225 -0.0149875
-0.0852389 0.091575 -0.0118375
-0.056173 0.129904 -0.000287496
0.027827 0.108403 -0.0104375
-0.00577299 0.140952 -0.0128875
-0.015573 0.100325 0.00289229
0.049527 0.133925 -0.0030195
0.0144407 0.0607083 0.0016431
0.036209 0.110475 -0.0324875
-0.078017 0.16576 0.00632908
0.0165167 0.118423 -0.0201357
0.046027 0.150427 -0.0107875
0.0357904 0.085975 0.0294625
-0.039723 0.167175 0.000535037
0.059677 0.137458 -0.0240875
-0.065273 0.062525 0.0180096
-0.039723 0.167875 -0.037971
-0.0570899 0.156054 -0.0224732
0.029927 0.056575 0.0233555
-0.082423 0.140027 -0.0016875
0.052677 0.054475 7.80337e-05
0.045677 0.069525 -0.0369912
-0.0625298 0.160242 -0.0160031
0.076127 0.080725 -0.00167247
-0.071573 0.087025 -0.0303961
-0.091873 0.142325 0.00285644
-0.0274334 0.112243 -0.0151925
0.021877 0.056225 -0.0199488
-0.0272134 0.153175 -0.0356375
-0.025023 0.160048 -0.0398375
-0.090123 0.153489 0.0056625
-0.014523 0.064625 0.0218423
0.012777 0.0650259 0.0137125
-0.039023 0.186075 -0.0228507
-0.0776261 0.064975 0.00881251
-0.0671598 0.162833 -0.00482192
0.062827 0.063925 0.025061
-0.0452323 0.152825 -0.0338875
-0.033073 0.090875 0.00608415
0.00262702 0.153551 -0.0195375
-0.0768391 0.0671093 -0.024891
-0.0672652 0.066725 0.0214125
0.039027 0.145825 -0.0334992
-0.0364224 0.119225 -0.0086875
-0.030973 0.0692313 -0.0384375
-0.012773 0.106625 0.00166779
-0.00332299 0.111175 0.00158465
-0.0537296 0.056575 0.0172125
0.050227 0.106275 -0.0317956
-0.0436125 0.143752 0.00143627
0.010327 0.115375 -0.00743872
-0.0870203 0.064975 -0.0275875
0.0791211 0.071625 0.0158125
-0.064223 0.179955 -0.0111375
0.0214706 0.0631021 -0.043461
-0.0663706 0.153187 -0.00314336
-0.020473 0.056225 0.0259442
-0.0797796 0.143025 0.0172125
-0.085923 0.140926 0.0039125
0.038677 0.0715395 0.0238625
-0.041473 0.0950642 -0.0048375
-0.084873 0.062875 -0.0370435
-0.058273 0.146875 -0.0253861
-0.036923 0.0652778 0.0252625
-0.0362475 0.135675 -0.0023875
-0.0188026 0.073025 0.0168625
-0.065973 0.124967 -0.0013375
-0.043573 0.0556109 -0.0237375
0.00263445 0.097525 -0.0279375
-0.044273 0.180749 -0.0321375
-0.0194148 0.126491 -0.0186458
0.0118669 0.111175 -0.0139375
-0.061073 0.0581909 0.0123125
0.0650756 0.115354 -0.00895046
-0.046723 0.106042 -0.000287496
0.054077 0.152023 -0.0174375
-0.0040313 0.137425 -0.0062375
0.00495812 0.059375 0.0224625
-0.0844671 0.084575 0.0074125
-0.065273 0.175925 0.00371278
0.082777 0.124687 -0.0107875
0.048127 0.140225 -0.00413061
0.017677 0.152052 -0.0076375
-0.036573 0.0555894 0.0095125
0.026427 0.126575 -0.0117186
-0.0984377 0.175225 -0.000637498
0.048477 0.0756857 -0.0132375
0.038327 0.0652483 -0.0443875
-0.034473 0.141975 -0.00362932
-0.00346498 0.075475 -0.0188375
-0.079973 0.151318 -0.0020375
0.0735803 0.067425 -0.0027375
-0.029223 0.087725 -0.0293598
0.018377 0.056981 0.0221125
-0.049873 0.0593783 0.0175625
-0.087323 0.057625 -0.0364139
-0.0127038 0.1393 -0.018683
-0.0316792 0.176373 -0.0196023
-0.0791529 0.065675 -0.0149875
-0.0412917 0.190275 -0.0216375
-0.056523 0.105225 -0.0223577
-0.025723 0.103247 -0.0083375
-0.0671608 0.162998 -0.0067508
-0.0827937 0.059025 -0.0314375
-0.017673 0.0590561 0.0081125
0.055477 0.133925 -0.00589604
0.00332701 0.0869725 -0.0146375
-0.0267274 0.17861 -0.0239084
0.047427 0.094998 0.0263125
0.0125253 0.065056 0.00206566
0.060377 0.126835 -0.0265375
-0.032023 0.169975 -0.00157655
0.0126404 0.0726341 -0.0115675
0.0659386 0.099275 0.0032125
-0.0126806 0.054825 0.0144125
-0.062473 0.161925 -0.0270906
-0.073323 0.0674909 -0.0352875
0.015628 0.0719733 -0.00554322
0.051627 0.0528872 -0.0055375
-0.0305441 0.181539 -0.00678951
0.021527 0.0737236 0.0126625
-0.082773 0.0662225 -0.0027375
0.063527 0.0533644 0.0042625
0.0341341 0.0564541 0.000202393
0.008927 0.143725 -0.00440669
0.012077 0.155625 -0.0181859
-0.083123 0.0650204 -0.0380875
0.068777 0.119906 -0.0181375
-0.0424975 0.188875 -0.0209375
0.0165175 0.118433 -0.0201517
0.055477 0.0767051 0.0217625
-0.048473 0.065675 -0.0369316
0.0156846 0.0677319 0.003515
-0.056873 0.098575 0.0124595
0.069127 0.139484 -0.0149875
-0.0438299 0.144425 0.0032125
0.048477 0.096475 0.0202009
-0.088023 0.142693 0.0179125
-0.0643404 0.15387 -0.000436224
0.035177 0.0807088 0.0287625
-0.043223 0.095425 -0.00183623
-0.0321929 0.126575 -0.0083375
0.025027 0.142675 -0.00325152
0.079977 0.073025 0.0141844
-0.037273 0.182225 -0.0242062
0.0377007 0.0918575 0.0124281
0.020827 0.0566876 0.0221125
0.055827 0.053425 0.0152159
0.000927642 0.115025 0.000412505
0.025727 0.05387 0.0011125
-0.0847372 0.069875 -0.0065875
-0.085923 0.140925 0.0209968
-0.018723 0.0532792 0.0224625
-0.00408447 0.072675 -0.0128875
0.0596733 0.083875 0.0039125
-0.027473 0.053425 0.0137467
-0.0413454 0.09958 -0.011115
0.0253569 0.083875 0.0147625
-0.091873 0.174525 -0.00452988
-0.086623 0.152396 0.0084625
-0.0928194 0.173825 0.0039125
-0.041823 0.070225 0.0276459
-0.042523 0.113881 -0.0219875
-0.060723 0.109775 0.00943089
-0.075773 0.067775 -0.025939
-0.055473 0.127975 0.00145165
-0.0557511 0.155023 0.000967496
-0.0858105 0.061825 -0.0366875
-0.025723 0.162292 -0.0142875
-0.078223 0.16857 -0.0097375
-0.033423 0.094725 -0.00661845
-0.0632831 0.154881 -0.00894828
0.00647701 0.0642556 0.0151125
-0.010323 0.099275 0.00363272
0.032727 0.0920053 0.0175625
0.0387094 0.092359 0.0129022
-0.051623 0.170325 0.00460218
-0.069473 0.146838 -0.0191875
-0.083123 0.094025 0.00636801
0.026427 0.062525 0.0215084
-0.0279612 0.168925 -0.0384375
-0.060373 0.100675 0.0120501
0.0381183 0.058675 -0.0482375
0.0465486 0.0731284 -0.0031014
-0.0401171 0.193075 -0.0212875
0.0336154 0.0642991 0.0180029
0.0859849 0.146525 -0.0093875
-0.031323 0.148625 -0.0010536
0.043227 0.159062 -0.0216375
-0.023973 0.156079 -0.0177875
-0.081373 0.141275 0.0166049
-0.096773 0.141659 -0.0027375
-0.0433872 0.157725 -0.0363375
0.035527 0.127659 -0.0314375
-0.0676637 0.156166 -0.020875
-0.101017 0.149675 0.0042625
-0.0399862 0.179075 -0.0352875
-0.092573 0.144474 0.0126625
-0.060373 0.078275 0.0189701
0.089777 0.142522 -0.0058875
-0.00402299 0.150619 -0.0195375
0.037977 0.132372 -0.0342375
-0.0799758 0.178025 0.00181251
-0.0269117 0.179403 -0.0202007
-0.036923 0.1767 -0.0079875
-0.0307671 0.181593 -0.00678315
-0.0044762 0.134975 -0.0300375
-0.049173 0.099275 0.00672198
0.036227 0.124125 -0.0308812
-0.054073 0.0535287 -0.0167375
-0.0780345 0.141625 -0.0146375
-0.0229514 0.130307 -0.0209247
-0.077173 0.066658 -0.0363375
0.031327 0.0554035 0.0214125
0.0587835 0.109075 -0.0230375
0.053027 0.134275 -0.00436744
-0.0379689 0.178025 -0.000987496
-0.0327254 0.124125 -0.0100875
-0.019423 0.0581357 0.0081125
0.082077 0.145125 -0.00633816
-0.018023 0.126925 -0.0198979
-0.0897168 0.150931 0.000747705
0.043227 0.062875 -0.0283705
-0.058623 0.063225 -0.0357434
0.0146242 0.0605779 0.00151275
0.053027 0.146984 -0.0244375
-0.049873 0.097875 0.00841239
-0.039723 0.172665 -0.0380875
-0.043223 0.072325 -0.0347071
0.0414456 0.075125 0.0238625
-0.066268 0.155846 -0.0195202
-0.061773 0.0567445 0.0102125
-0.0133095 0.149436 -0.0101117
0.0366338 0.060947 -0.00302853
-0.0336046 0.145825 -0.000987496
0.036577 0.157375 -0.0236151
0.078577 0.085625 -0.00198712
0.021877 0.161575 -0.0227666
-0.044973 0.104875 -0.0165514
-0.042873 0.130808 0.000762504
0.0424098 0.0598556 0.00653898
0.0453242 0.087025 -0.0240875
0.024327 0.137775 -0.0349625
0.069827 0.082125 0.0231888
0.0353922 0.103249 0.0144412
-0.081023 0.151632 0.000762504
-0.0291145 0.165425 -0.0415875
-0.068773 0.178883 -0.0097375
-0.067723 0.143281 0.0011125
-0.0294255 0.158075 -0.0307375
-0.020473 0.056923 0.0084625
-0.0736641 0.140925 -0.0135875
-0.00105241 0.127625 -0.0338875
0.0286239 0.0703323 0.0178636
-0.058623 0.070225 0.0393752
0.0428013 0.0798296 0.0182478
0.056877 0.148625 -0.0175717
0.060727 0.144425 -0.0174209
-0.0187409 0.054825 -0.0041375
0.048827 0.126575 -0.00199969
-0.0404445 0.0570227 -0.0125316
0.0168322 0.0649538 0.00295742
-0.00841974 0.122375 -0.0317875
0.038677 0.118875 0.011085
0.030364 0.0569247 0.014134
0.0392895 0.0702493 0.0165476
-0.041123 0.116802 -0.0230375
-0.044273 0.057975 0.0278383
0.0100962 0.104525 -0.0181375
0.0351527 0.093675 0.0214125
0.045677 0.112925 -0.00184401
0.0409533 0.0675239 -0.00132866
-0.000872985 0.153175 -0.0213362
-0.028173 0.169065 -0.0237375
0.028177 0.111875 -0.0209325
-0.083473 0.170347 -0.0083375
-0.017673 0.155319 -0.0107875
-0.040073 0.117818 -0.0034375
-0.023273 0.075125 -0.036163
-0.083823 0.180088 0.0056625
-0.072973 0.163045 0.0119625
-0.026773 0.148625 -0.0274461
0.0387246 0.0922584 0.0127217
-0.0527354 0.069875 0.0347125
0.013127 0.0645542 0.0116125
0.010677 0.155275 -0.0186629
0.090827 0.14327 -0.0104375
0.0258806 0.0763315 -0.0345656
0.0155053 0.0678507 0.00289349
-0.014523 0.104525 -0.0326322
0.0439093 0.0559591 -0.00557963
-0.0194525 0.109425 -0.0030875
-0.078223 0.0667209 0.0091625
0.0423585 0.0784336 0.016905
-0.034473 0.185411 -0.0226875
0.064577 0.122025 -0.0188631
-0.018373 0.0577066 -0.0181375
0.0299971 0.057733 0.0123088
0.054777 0.0793816 0.0130125
-0.026073 0.069875 -0.039496
-0.064223 0.123075 0.00262919
-0.0601906 0.130075 -0.0184875
-0.063173 0.174525 0.00481328
0.023277 0.096125 -0.00796748
-0.0891185 0.162625 -0.0048375
0.036577 0.075125 -0.0337296
0.022927 0.125682 -0.0272375
-0.014173 0.074465 0.0179125
-0.049554 0.143467 0.00640852
0.082077 0.107068 -0.0020375
0.0323735 0.091925 0.0161625
-0.046723 0.122025 0.00322525
0.028527 0.161575 -0.019532
-0.054423 0.0766216 0.0294625
-0.079623 0.066375 -0.0183001
-0.061073 0.152215 0.0077625
-0.0183874 0.055875 -0.000637498
0.012427 0.147225 -0.0328588
-0.079973 0.085975 0.0117971
0.0876319 0.136025 -0.0076375
0.029577 0.12284 -0.0160375
-0.076473 0.0590529 -0.0258375
-0.043573 0.0559343 -0.0254875
-0.062123 0.0962614 -0.0230375
0.000877008 0.147575 -0.01373
-0.0481743 0.067425 -0.0356375
0.027827 0.055525 -0.0232984
-0.0705476 0.117825 0.00356251
0.039377 0.115375 0.00779149
0.061077 0.0852209 0.0049625
0.0425189 0.106625 -0.0342375
-0.022573 0.175474 -0.0069375
-0.0764946 0.075825 -0.0205875
-0.083823 0.148099 0.0172125
0.069827 0.0947353 0.0161625
0.068077 0.061825 -0.0139054
-0.0817935 0.096475 -0.0163875
0.00787701 0.153165 -0.0163875
-0.063873 0.144202 -0.0114875
0.0351763 0.082825 0.0294625
0.0937718 0.148275 -0.0044875
0.0904765 0.141975 -0.0086875
-0.042173 0.183975 -0.0378969
-0.060023 0.060688 -0.0282875
0.00122701 0.135325 -0.0332133
0.036227 0.100325 0.0226067
-0.081373 0.163325 -0.0166105
0.073327 0.0622125 0.0042625
-0.032373 0.0550827 -0.0037875
0.043227 0.148275 -0.00649814
0.068777 0.0537463 -0.0121875
-0.040073 0.181875 -0.0362563
0.0349776 0.078275 0.0067125
0.0183756 0.081075 -0.0030875
-0.0264222 0.101825 -0.00819959
-0.0398163 0.0564316 -0.010761
-0.077523 0.069175 -0.0295172
0.048827 0.133575 -0.0334417
0.032377 0.067461 -0.0464875
-0.061073 0.152566 -0.0244375
-0.030973 0.080725 -0.0303772
0.0415243 0.073725 -0.0328375
-0.064223 0.094375 -0.0278241
-0.0374598 0.0563399 -0.000326227
-0.069823 0.169607 -0.0188375
0.080327 0.151425 -0.00763176
-0.058273 0.162975 0.0088598
-0.034473 0.156128 -0.0398375
-0.072623 0.120275 -0.0097046
0.0783277 0.105575 -0.0097375
0.032377 0.087725 0.00905055
-0.023623 0.108357 -0.0100875
0.034477 0.053425 -0.0142863
0.029577 0.160175 -0.0190537
0.0717033 0.144775 -0.0139375
-0.0676449 0.069525 0.0203625
0.051627 0.108412 -0.0044875
-0.033423 0.0558097 -0.0244375
0.057227 0.059025 0.022814
-0.026773 0.0702161 -0.0394875
0.0371887 0.144075 -0.0342375
0.034127 0.108375 -0.0318908
0.0632453 0.127975 -0.0216375
-0.064223 0.172579 0.0039125
0.074027 0.063925 -0.00437437
-0.082173 0.090175 -0.0174375
0.046377 0.068475 -0.0363379
-0.012423 0.165063 -0.00903749
-0.020828 0.066725 -0.0352875
-0.086255 0.160067 -0.00565752
-0.015637 0.169947 -0.0113102
-0.0349914 0.092625 -0.0188375
0.0282953 0.087375 -0.0023875
-0.0768195 0.162704 0.0113116
-0.057923 0.086675 -0.0335081
-0.012423 0.095775 0.0051108
-0.037273 0.177675 -0.00234431
-0.090473 0.163675 -0.0121983
-0.036923 0.186075 -0.022345
0.032658 0.085625 0.0235125
-0.098523 0.176275 -0.00429177
0.0463508 0.101743 0.0164081
0.053027 0.07776 0.0165125
-0.065623 0.064625 0.0333895
-0.071573 0.176872 -0.0111375
-0.0661308 0.162908 -0.00691738
0.0330964 0.0561844 0.00131673
-0.075423 0.0687826 -0.0303875
0.0644392 0.120628 -0.0127086
-0.041473 0.061312 0.0333125
0.0727205 0.067775 0.0228125
0.066077 0.106975 -0.0037875
-0.0252496 0.169275 -0.0044875
-0.037273 0.0552459 -0.0142875
0.0662297 0.104175 -0.0020375
-0.032373 0.093325 0.00315919
-0.059673 0.080025 -0.0358829
0.078577 0.077575 0.0202632
0.00122701 0.13261 -0.0020375
-0.041823 0.062525 -0.038792
0.085227 0.129181 -0.0135875
-0.0455132 0.156325 -0.0335375
0.071927 0.074075 -0.000714138
-0.019773 0.063925 0.0226577
0.081377 0.098575 -0.00499786
0.077877 0.128619 -0.0191875
-0.00227299 0.116775 0.000451494
-0.092223 0.166825 -0.011977
0.017327 0.081075 -0.0300455
0.069827 0.118175 -0.00326302
-0.011023 0.186032 -0.0293375
-0.00262299 0.128675 -0.00203798
0.0639836 0.087025 0.00181251
-0.038323 0.194475 -0.0220951
-0.018373 0.107659 -0.0293375
-0.020473 0.088775 -0.0330187
-0.037273 0.162275 0.000960868
-0.042873 0.129375 -0.0276391
-0.066323 0.120975 0.0032789
0.014177 0.134975 -0.00228695
-0.0402986 0.113625 -0.0195375
0.00962701 0.151775 -0.0108837
-0.080323 0.151482 -0.000987496
-0.099223 0.150992 0.0014625
-0.0169149 0.119225 -0.0240875
0.0144386 0.115725 -0.0244375
0.0604338 0.104175 -0.0132375
0.0356109 0.110759 0.00696141
-0.0573929 0.154527 -0.00118413
0.0355371 0.0633104 0.0156286
-0.0152381 0.108725 0.000412505
-0.0284892 0.105259 -0.0126411
-0.051181 0.169975 -0.0317875
-0.0187226 0.102775 0.0011125
-0.0860376 0.066375 -0.0300375
-0.0202579 0.097875 -0.0310875
-0.0234253 0.158075 -0.0209375
-0.0243257 0.059725 -0.0370375
0.0369214 0.0909185 0.0121811
0.036927 0.153875 -0.0108022
-0.019773 0.0663971 -0.0331875
0.037277 0.0548233 0.0126625
0.017327 0.144075 -0.034834
0.073327 0.113275 0.00176734
-0.039373 0.066725 0.0253474
0.0222588 0.0728805 -0.0334503
0.0441855 0.106975 0.0144125
-0.0236147 0.147046 -0.00939674
-0.0948837 0.139175 -0.0055375
-0.0911465 0.17028 0.000671477
-0.074723 0.158775 -0.0202302
0.050927 0.124475 -0.00238435
-0.0311772 0.172425 -0.0167375
0.0486367 0.0737313 -0.00211832
-0.0284506 0.107891 -0.0140886
0.032377 0.0831489 0.000412505
0.060377 0.109775 -0.018495
0.0353732 0.0939846 0.0143762
-0.067373 0.072675 0.0201847
-0.029573 0.054825 0.0193955
-0.012073 0.070925 0.0181157
-0.0517394 0.159157 -0.00326188
-0.064573 0.0660224 0.0357625
0.041127 0.080725 -0.0349377
-0.027473 0.054475 -0.0217114
0.0385003 0.0565783 0.00369844
-0.072273 0.085975 0.0150182
0.046027 0.054125 0.0170696
-0.015223 0.058325 -0.00314684
-0.078573 0.164773 0.0133625
0.034547 0.114113 0.00799358
-0.055823 0.15356 -0.0275875
0.042866 0.0626442 0.00911769
0.013127 0.121675 -0.00720327
-0.014173 0.057975 0.0087599
0.00787701 0.056851 0.0130125
-0.00843666 0.065325 0.0179125
-0.086273 0.060075 -0.0255249
0.057927 0.0992111 -0.0114875
-0.033773 0.153875 -0.0387934
0.053027 0.075125 -0.00379476
-0.0665569 0.072675 -0.0289875
-0.0564891 0.086675 -0.0328375
-0.041823 0.075125 0.0284943
0.00256622 0.096125 -0.0272375
-0.024323 0.153045 -0.0258375
-0.0073413 0.130075 -0.0037875
-0.016273 0.090525 0.00862943
0.0416217 0.113275 0.0126625
-0.088373 0.061475 -0.0266494
-0.0810411 0.0670215 -0.0240832
0.035527 0.061825 -0.0494297
-0.057573 0.0572824 0.0116125
0.0242891 0.075563 -0.0343548
-0.0614426 0.152761 0.00246636
-0.022573 0.145125 -0.0246724
0.0907228 0.129375 -0.0121875
0.0449453 0.072325 -0.0345875
-0.065273 0.142675 -0.0180172
-0.0106784 0.072675 0.0147625
0.0801154 0.087725 -0.0013375
0.0439865 0.079921 0.0201674
-0.0255388 0.11476 -0.0159941
-0.082073 0.179775 0.0032277
-0.068073 0.140225 -0.0181771
-0.066323 0.0542588 -0.000637498
-0.056523 0.126088 -0.0237375
-0.055473 0.059725 -0.0266053
-0.0240353 0.069875 -0.0370375
-0.041823 0.184473 -0.0359875
-0.074723 0.14836 -0.0107875
-0.070523 0.173825 -0.0212457
0.051277 0.071275 0.0227943
-0.075073 0.172775 0.00253467
-0.021173 0.161907 -0.0419375
-0.024323 0.061496 -0.0268875
0.051277 0.144405 -0.0286375
0.0444611 0.0646577 -0.00525866
0.0345113 0.113789 0.00834008
0.032377 0.150025 -0.0334576
0.0650332 0.069175 -0.0097375
0.0487504 0.095425 0.0231625
-0.098813 0.169275 -0.00728749
0.044977 0.074775 -0.0316413
-0.051973 0.0569225 0.0347125
-0.0683468 0.166475 -0.0205875
-0.068773 0.142712 -0.00903749
-0.0216861 0.134522 -0.0222811
-0.095373 0.146875 -0.00462785
0.054777 0.121728 -0.0314375
0.059327 0.0751248 0.000412505
-0.073323 0.148625 -0.00901392
0.024327 0.0545482 -0.0184875
-0.026073 0.126925 -0.0214672
0.0185923 0.123425 -0.0121875
-0.0864347 0.065675 -0.0268875
0.00381728 0.091225 -0.0079875
0.036927 0.094375 0.0272332
0.021877 0.150375 -0.0053817
-0.032723 0.165398 -0.0405375
0.026777 0.0775471 0.0168625
0.013827 0.134975 -0.0352657
-0.0859426 0.151811 0.00355445
-0.0542794 0.156588 0.00280551
0.010677 0.150725 -0.028998
-0.037273 0.113584 -0.0114875
-0.040073 0.108375 -0.0150684
-0.00822299 0.090875 0.00445211
-0.0315391 0.122375 -0.0146375
-0.040073 0.178344 -0.0342375
-0.062123 0.064275 -0.0346854
-0.00647299 0.141275 -0.0230319
-0.027404 0.178602 -0.022287
0.0285468 0.077575 -0.0384375
0.038327 0.0565744 -0.0219875
0.027477 0.0531644 -0.0184875
-0.061423 0.175925 0.00543718
-0.0724286 0.107325 -0.0202375
0.0354657 0.0669908 0.0190235
-0.00850365 0.063225 0.0179125
0.0152698 0.0753135 -0.00716638
-0.084873 0.067075 -0.0307691
0.061427 0.0838734 0.0193125
-0.049873 0.172775 0.00298513
-0.032373 0.057625 0.0158168
0.0152598 0.126925 -0.0055375
0.0226366 0.101375 -0.0132375
0.0290267 0.062875 -0.0447375
-0.0681659 0.065675 -0.0349375
-0.00437298 0.073037 -0.0041375
0.031677 0.057625 0.0249153
-0.053723 0.144715 -0.00728749
0.083477 0.0914228 0.00181251
-0.00576793 0.124125 -0.0328375
0.050577 0.057975 -0.0255052
-0.00962299 0.143375 -0.0184741
-0.074023 0.116082 0.0011125
0.041127 0.060775 -0.0245279
0.00718115 0.109425 -0.0293375
-0.00892299 0.125525 -0.00263319
-0.0767781 0.162722 0.00996697
-0.043923 0.0948119 0.0028625
-0.0636605 0.144742 -0.0169494
0.0516724 0.053425 -0.0093875
-0.0131867 0.130075 -0.0223375
-0.030973 0.0768615 0.0200125
-0.0167934 0.133136 -0.0191061
0.0314484 0.083525 6.25029e-05
0.038327 0.061825 -0.0490712
0.068427 0.116775 -0.0169783
-0.0803577 0.149278 -0.00402575
-0.093973 0.143236 0.0210625
-0.0847964 0.150274 -0.00355122
-0.00683217 0.069525 -0.0167375
-0.0729707 0.166125 -0.0163875
-0.066673 0.123075 0.00109255
-0.065973 0.059375 0.0321597
0.070527 0.116775 -0.00184463
-0.037973 0.108887 -0.0139375
0.0442447 0.135325 -0.0338875
-0.020473 0.120625 -0.0192892
0.0396218 0.092275 -0.0335375
-0.018723 0.159475 -0.0115649
-0.081023 0.063575 -0.0396594
-0.011723 0.120625 -0.00293817
0.081377 0.106625 -0.0049888
-0.000522986 0.153625 -0.0202375
0.035877 0.079325 0.0289845
-0.023014 0.166125 -0.0230375
0.088377 0.132175 -0.00891457
-0.018023 0.058325 0.00740997
-0.079973 0.166817 0.0154625
0.00786738 0.098225 -0.0153375
-0.068073 0.064275 0.0147275
-0.031323 0.068125 0.0257052
-0.0741384 0.168225 -0.0135875
-0.0916456 0.176625 0.0140625
-0.033773 0.0954583 -0.0086875
0.0665029 0.135325 -0.0160375
0.0158387 0.0755625 -0.00409533
0.067377 0.053775 -0.0150677
0.042177 0.078975 0.000744432
0.033777 0.0532569 0.0046125
0.058647 0.057625 -0.0254875
0.0404283 0.0687634 0.0129461
-0.0573898 0.133225 -0.0191875
-0.011023 0.081425 0.00642299
-0.0212712 0.083525 -0.0349375
0.00962701 0.0596407 0.0063625
-0.027123 0.145825 -0.0274773
-0.0763133 0.162894 0.0108211
0.0639878 0.089825 0.0021625
0.055827 0.098225 -0.0142176
0.062477 0.109775 -0.0157964
0.071227 0.0544504 -0.0104375
0.036927 0.121675 -0.0040734
-0.0948277 0.171375 -0.000637498
0.058627 0.130075 -0.00834576
0.0347834 0.111601 0.0072773
-0.068073 0.140575 -0.02093
-0.039023 0.069875 -0.0338858
-0.0506206 0.161225 0.0049625
0.040557 0.100662 0.0119636
-0.084173 0.180597 0.0049625
0.042877 0.087725 -0.0320298
-0.031673 0.0912437 -0.0254875
0.0792722 0.072325 0.00881251
0.055477 0.0732693 -0.0044875
0.0568836 0.136375 -0.0279375
-0.021523 0.114675 -0.0193671
-0.090473 0.140933 -0.0041375
0.040077 0.109075 -0.0338585
-0.058273 0.161575 -0.00271828
-0.083123 0.147977 0.0168625
0.00402701 0.058325 0.0243423
-0.0703005 0.177325 -0.0023875
-0.0784188 0.069175 -0.0174375
-0.051973 0.080725 0.0208374
0.0371084 0.083875 0.0102125
0.065977 0.0730686 -0.0051875
0.054777 0.122025 -0.0314117
-0.030623 0.147575 -0.0015299
-0.033423 0.184675 -0.0240628
0.029227 0.079675 0.0181847
0.037977 0.063925 -0.0474091
0.0372543 0.0775053 0.0122593
-0.098523 0.141625 -0.00606866
-0.086973 0.14577 -0.0086875
0.0238278 0.06081 0.00738015
-0.0616832 0.139353 -0.0225043
0.00862442 0.0639555 0.00647895
-0.054073 0.0758827 0.0350625
-0.070523 0.075125 -0.0239758
-0.062823 0.0623942 -0.0331875
-0.066323 0.059007 0.0228125
0.017327 0.074775 -0.0297998
0.028177 0.0680366 -0.0324875
-0.0558403 0.160671 -0.0107561
0.0481924 0.137775 -0.0331875
0.0634939 0.106428 -0.00933923
-0.099573 0.175636 -0.0020375
-0.056046 0.155148 0.00572403
-0.084873 0.140925 0.00528063
0.0418549 0.077575 0.0259625
-0.097473 0.152678 0.00181251
0.034779 0.0570521 0.000237834
-0.047423 0.064975 0.0326483
0.0420617 0.0624392 0.00665398
0.0302932 0.075825 -0.0401875
0.033427 0.093675 0.0160379
0.00979911 0.104875 -0.0212875
-0.072623 0.120682 -0.0079875
-0.0294994 0.143025 -0.0062375
-0.00332299 0.0744076 -0.0163875
-0.0850717 0.078975 -0.0128875
0.074377 0.136725 -0.00841379
-0.0110734 0.062175 -0.0093875
-0.016973 0.088075 0.00998673
0.0559927 0.053075 6.25029e-05
-0.088023 0.174525 -0.00637176
-0.0826589 0.0662402 -0.0318857
-0.051273 0.175225 0.00218436
-0.044454 0.113975 6.25029e-05
0.00472701 0.124475 -0.0348787
0.014177 0.125178 -0.0328375
-0.049173 0.0556021 -0.0317875
0.032377 0.0554809 0.0235125
-0.058623 0.088075 -0.0326906
0.056527 0.097175 -0.010136
-0.0337533 0.123775 -0.0083375
0.036927 0.145339 -0.0034375
-0.081373 0.146175 0.0165219
0.049877 0.0789276 -0.0020375
0.080327 0.150375 -0.00679787
-0.015923 0.063225 -0.0225703
-0.024673 0.175586 -0.0422875
-0.021173 0.070575 0.0171701
0.068077 0.0581252 -0.0156875
-0.0450327 0.105575 -0.0055375
0.00437701 0.126225 -0.00112592
0.046027 0.083175 -0.0305748
0.022227 0.125343 -0.0272375
-0.073323 0.169749 0.0095125
0.049177 0.143025 -0.0306687
-0.0484734 0.179775 -0.0342375
-0.025023 0.068475 0.02039
-0.0110974 0.132175 -0.0107875
0.068777 0.068125 -0.00892131
-0.020823 0.078625 0.0105628
-0.068423 0.092625 0.0144703
-0.099923 0.153875 0.00537611
-0.062473 0.074075 0.0360901
0.021527 0.062995 0.0042625
-0.027123 0.105225 -0.0122521
-0.082423 0.174875 0.00820679
-0.060023 0.175708 0.0056625
0.018377 0.121306 -0.0251375
-0.023273 0.086325 -0.035945
-0.0670213 0.067775 0.0217625
-0.0531699 0.066025 0.0364625
-0.073673 0.141822 -0.0177875
0.0215988 0.099975 -0.0233875
0.076827 0.129025 -0.0198726
-0.047423 0.095775 -0.0146755
0.074727 0.094725 0.0168604
0.029227 0.055525 0.0212289
-0.0476286 0.0562321 -0.00476014
0.0679958 0.108025 0.0025125
0.087327 0.141328 -0.0058875
-0.087323 0.0615621 -0.0209375
0.013127 0.057975 0.0253347
-0.015923 0.060075 0.00824795
0.0277251 0.151075 -0.0055375
0.0632092 0.108375 -0.0121875
0.0260233 0.0763005 -0.0350377
0.064577 0.139057 -0.0174375
-0.055823 0.135675 -0.0192125
0.010327 0.153525 -0.0251156
0.035527 0.155275 -0.0268397
0.001927 0.098925 -0.00189873
0.0325983 0.081425 0.0242125
0.042877 0.094725 -0.0322671
-0.028523 0.101799 -0.0174375
-0.012773 0.189925 -0.0256338
-0.021523 0.116075 -0.0126933
0.035527 0.0543306 -0.0121875
0.0469988 0.0754038 -0.000375605
-0.061773 0.075825 0.0215528
0.031327 0.089475 -0.0346891
-0.045323 0.168925 -0.0363762
-0.074723 0.115842 0.000412505
-0.026773 0.159475 -0.040908
0.0247937 0.105575 -0.0216375
0.034827 0.088075 0.0274553
0.0485308 0.092275 0.0224625
-0.088723 0.143645 0.0140625
-0.00985689 0.173825 -0.0104375
-0.092573 0.177332 -0.0020375
0.058977 0.053505 0.0161625
-0.070523 0.057708 0.0077625
0.0382847 0.090175 0.0308625
0.051977 0.073725 -0.0257793
0.0646939 0.110456 -0.00784791
0.042458 0.0678741 -0.0019289
0.0187246 0.0729392 -0.0386805
0.075427 0.125175 -0.0193677
0.0810193 0.088075 0.0161625
-0.0602734 0.125875 -0.0216375
0.0295694 0.083525 0.0189625
-0.091173 0.177675 -0.0012332
-0.0708262 0.149382 0.00678693
-0.088023 0.14202 0.00706251
0.0513706 0.066375 -0.0310875
-0.025373 0.183975 -0.0194234
-0.0597394 0.154411 0.00478969
0.0433566 0.101588 0.012099
-0.00262299 0.133575 -0.00321343
-0.063173 0.144567 -0.0034375
0.0721102 0.066375 -0.0055375
0.0627164 0.0876612 0.0041936
0.032727 0.109075 -0.0304693
0.005077 0.141237 -0.0328375
-0.038323 0.089125 -0.0212087
-0.0896333 0.179425 0.0049625
-0.0890612 0.149559 -0.00295507
-0.078223 0.165775 0.0148681
0.062127 0.0837087 0.0203625
0.00461692 0.153175 -0.0184875
-0.0154189 0.183638 -0.0256692
-0.046023 0.181175 -0.0332146
-0.030973 0.0957604 -0.0030875
0.033427 0.0664192 -0.0310875
-0.011023 0.083175 0.00639409
-0.027473 0.146559 -0.0279375
-0.0923258 0.165425 -0.0034375
-0.064923 0.176989 -0.0174375
-0.044273 0.147596 -0.0321375
-0.065623 0.157025 -0.0227666
-0.00752299 0.140235 -0.0149875
-0.071223 0.161214 -0.0216375
0.062477 0.107325 -0.012728
0.068777 0.125175 -0.00861542
0.057577 0.116775 -0.028955
0.071255 0.147925 -0.0111375
0.0390096 0.0895418 0.0132056
0.033777 0.062525 -0.0276366
-0.028873 0.0775491 0.0172125
-0.00876757 0.133575 -0.0083375
-0.095023 0.147224 0.0207125
-0.038323 0.0864411 0.0165125
0.079277 0.110125 -0.00976871
-0.0274233 0.160175 -0.0352875
-0.0853612 0.083175 0.0056625
0.062477 0.138475 -0.0211902
-0.0363752 0.110432 -0.0146703
-0.0379755 0.159825 -0.000287496
-0.0193732 0.128917 -0.0185834
-0.056173 0.098225 0.0124327
-0.074373 0.078625 -0.0221071
0.0479284 0.0730304 -0.0019176
0.019777 0.0823248 0.0060125
-0.00822299 0.078625 -0.0273026
-0.072273 0.140925 -0.0148456
-0.0124208 0.124475 -0.0275875
-0.0202568 0.156675 -0.0055375
-0.080673 0.095075 0.00881116
-0.086973 0.160896 -0.0104375
-0.0221921 0.102075 -0.000987496
0.0331824 0.089125 0.0214125
0.0336311 0.0616694 7.94691e-05
0.0344796 0.055373 -0.00404238
-0.040773 0.156675 -0.0376244
-0.041823 0.114325 -0.0218008
-0.089073 0.153163 0.0056625
0.0442334 0.074425 0.0154625
-0.056873 0.059024 -0.0233875
-0.079973 0.0985322 0.00881251
-0.054773 0.161098 -0.0300375
-0.083473 0.063225 -0.0383121
-0.038673 0.165775 -0.0396374
-0.063873 0.121675 0.00373981
-0.0708651 0.141975 -0.0058875
-0.0884069 0.161575 -0.0086875
-0.029573 0.172075 -0.0418484
0.035527 0.127275 -0.0312237
-0.0526324 0.138125 -0.0223375
-0.0456213 0.055525 -0.0118375
-0.046023 0.108044 -0.000987496
-0.055823 0.177091 -0.0244375
-0.057923 0.069875 -0.0332218
-0.0524592 0.160785 -0.00300773
-0.032023 0.140925 -0.0293145
-0.0862528 0.171372 0.00380088
-0.076823 0.0592939 -0.0370375
-0.0562225 0.16108 -0.0108158
0.0318704 0.061825 -0.0275875
0.080677 0.133925 -0.0185845
0.0215636 0.0630843 -0.0440144
-0.019073 0.101725 0.00153241
-0.00402299 0.079325 -0.0237584
-0.038323 0.113975 -0.0109036
-0.042173 0.0628975 0.0319125
-0.039023 0.148975 0.00179381
0.00832683 0.099625 -0.0139375
0.0333874 0.0595615 0.000235764
0.0672617 0.124125 -0.00903749
0.062827 0.133925 -0.0212002
-0.065273 0.067075 -0.0338459
-0.086973 0.141975 -0.0100494
0.064227 0.0904263 0.0021625
0.035527 0.061825 -0.0268488
-0.047073 0.180917 -0.0149875
-0.0851169 0.076525 -0.0107875
-0.0772989 0.062875 -0.0156875
-0.00229329 0.079325 -0.0209375
-0.042873 0.053775 -0.020362
0.021877 0.149675 -0.00503272
-0.054773 0.160875 0.00671233
-0.0906227 0.153244 0.0123239
0.025027 0.065085 -0.0426375
-0.077523 0.0675846 0.0105625
-0.056699 0.144435 -0.0131405
0.036577 0.146525 -0.00392326
-0.060373 0.130775 -0.0053713
-0.063873 0.062994 0.0364625
-0.023973 0.091225 0.00617007
0.0544294 0.072675 -0.0205875
0.048827 0.151122 -0.0156875
-0.088023 0.175225 0.0164614
-0.0773065 0.112925 -0.0128875
0.0372138 0.0606949 -0.00445459
-0.033773 0.146175 -0.000918679
-0.061073 0.095425 0.0144516
0.0467639 0.0696814 -0.00335543
-0.015923 0.061125 0.0247342
-0.027123 0.090175 -0.0294229
0.054427 0.128325 -0.0040542
-0.039023 0.140575 -0.0309238
-0.095023 0.176382 -0.0044875
-0.023665 0.120596 -0.0160351
-0.0679072 0.070925 0.0200125
-0.0222175 0.091925 -0.0317875
-0.082423 0.082475 0.00984639
0.013827 0.114675 -0.0160811
0.00641078 0.094725 -0.0139375
-0.0854423 0.1514 0.00866564
0.011027 0.120275 -0.00575855
-0.088723 0.172492 -0.0065875
-0.00997299 0.077225 0.00469166
-0.029573 0.121437 -0.0160375
-0.00798478 0.068125 -0.0020375
-0.087323 0.168225 -0.0123092
-0.0227356 0.160175 -0.0041375
-0.085573 0.175244 0.0095125
-0.088023 0.161498 -0.0100875
-0.069823 0.074425 0.0159532
-0.034473 0.181267 6.25029e-05
-0.084487 0.101025 -0.0062375
0.088027 0.129725 -0.0133048
0.052327 0.091925 -0.0103315
-0.092923 0.165282 -0.0076375
0.010677 0.0576951 0.0144125
-0.029923 0.095425 -0.00124373
-0.0387335 0.075475 0.0221125
-0.0826269 0.149467 -0.00285827
0.048127 0.0579747 -0.0188375
-0.0878388 0.149514 -0.0040549
0.008577 0.064275 0.0210799
-0.086973 0.057975 -0.0370436
-0.06723 0.156507 -0.0179566
0.008927 0.112225 -0.0291215
0.0467827 0.070575 0.0207125
0.037977 0.095425 -0.00323161
-0.069823 0.142293 -0.0153375
-0.031673 0.0568649 0.0203625
-0.074023 0.0683591 -0.0237375
0.0851 0.130075 -0.0100875
-0.0449017 0.055175 0.0014625
-0.0273968 0.089475 -0.0296875
-0.046723 0.0544739 -0.0352875
-0.0584269 0.154388 -0.0182719
0.0399042 0.074877 0.0142043
-0.039373 0.156325 0.00142855
0.037277 0.155445 -0.0261875
0.0369507 0.114325 0.0123125
-0.077523 0.164725 -0.0171139
0.0210763 0.098575 -0.0125375
0.051977 0.0766194 0.0186125
-0.018373 0.0959186 -0.0321375
0.0386816 0.099275 0.0273625
-0.0846144 0.15944 -0.00763507
-0.075423 0.069175 -0.0270657
-0.0800041 0.153888 0.0114782
-0.065973 0.152936 0.0011125
-0.083473 0.099625 -0.0123277
0.057227 0.071625 -0.00516312
-0.0257203 0.075125 0.0144125
-0.0228683 0.152825 -0.0044875
0.013477 0.145475 -0.00434016
-0.043923 0.177675 -0.0233025
-0.0244399 0.053425 -0.0156875
-0.034123 0.0887549 -0.0258375
0.067377 0.126925 -0.0186397
-0.0249989 0.159125 -0.0184875
-0.066323 0.144069 0.000762504
-0.070523 0.098575 0.0125286
0.0346818 0.0704259 0.0153662
-0.063173 0.057275 -0.018846
0.033077 0.0554344 0.0231625
0.0393701 0.065325 0.0179125
-0.00332299 0.096825 0.00227119
0.049177 0.0772306 -0.0184875
0.0590546 0.0682912 -0.00729469
0.033077 0.0929599 0.0154625
0.0688035 0.063225 0.0228125
-0.000522986 0.094025 -0.000312235
0.059327 0.0747665 6.25029e-05
0.0245034 0.075825 0.0151125
-0.0121761 0.061125 -0.0097375
0.037277 0.0807284 0.0011125
-0.00431822 0.085275 0.00181251
-0.095023 0.149675 0.0184048
0.033777 0.064625 -0.0463957
0.059677 0.133145 -0.0258375
-0.0760816 0.149155 0.0102639
0.014177 0.073025 -0.0245928
0.014966 0.114826 -0.0190265
0.0390678 0.0826341 -0.00266776
-0.031673 0.156325 -0.0392954
-0.0133045 0.064975 0.0067125
-0.0759042 0.116425 -0.0076375
-0.052673 0.175225 -0.0337277
-0.00962299 0.144878 -0.0195375
0.0336535 0.0611831 0.0161963
-0.075773 0.0694643 -0.0296875
0.034477 0.153196 -0.0086875
-0.028173 0.0728455 -0.0349375
-0.046023 0.057625 0.0281192
0.031677 0.0616529 -0.0429875
-0.0347057 0.0571626 -0.00577673
-0.024323 0.158075 -0.0198451
0.0358571 0.0853124 -0.00205018
0.0452598 0.0753204 -0.00187551
0.0426634 0.0708459 -0.00137832
-0.0251629 0.161925 -0.0135875
-0.031673 0.17524 -0.0037875
0.046027 0.151937 -0.0139375
-0.00997299 0.144885 -0.0198875
-0.0912267 0.177325 0.0147625
0.0744306 0.063925 0.00706251
-0.067023 0.162275 0.0116039
0.020127 0.156201 -0.0251375
0.021527 0.0961459 -0.0097375
-0.021523 0.140225 -0.024124
-0.023623 0.093325 -0.0305458
-0.057223 0.128325 -0.0226735
0.029927 0.127275 -0.0093983
-0.028523 0.087375 0.0082128
-0.029223 0.0529837 -0.0163875
-0.013823 0.173475 -0.00750262
-0.0873142 0.152185 -0.00692329
0.070877 0.107324 -0.0128875
0.025727 0.063575 -0.0290199
-0.065273 0.0629787 0.0158125
-0.072273 0.159125 -0.0219005
-0.058623 0.175225 0.00572037
-0.00997299 0.064975 -0.00157949
-0.012773 0.138475 -0.0183859
0.0554008 0.105925 -0.0268875
-0.055823 0.074425 0.0364965
-0.048823 0.092785 -0.0170875
-0.062123 0.177913 -0.0184875
-0.056173 0.176418 0.00181251
0.072277 0.060775 0.0136484
0.0339019 0.101905 0.0162154
-0.0415459 0.180825 -0.0230375
0.0886278 0.147225 -0.0051875
0.0374359 0.0899715 0.0122007
0.000360742 0.090875 -0.0268875
0.0324669 0.080725 0.0032125
0.040427 0.103291 -0.0023875
-0.025023 0.175284 -0.0412375
0.042177 0.102425 -0.0341398
0.0661132 0.126225 -0.0132375
0.053377 0.124825 -0.00326756
0.026777 0.0671645 0.0186125
-0.019569 0.129432 -0.0180298
-0.097473 0.138116 -0.0055375
-0.066673 0.143091 -0.0167375
-0.0740095 0.092975 -0.0230375
-0.035173 0.144333 -0.0307375
0.015227 0.06155 -0.0146375
0.0326795 0.0581653 0.0120358
-0.046373 0.055691 -0.0272375
-0.0215695 0.124355 -0.0165246
0.021177 0.137795 -0.0030875
-0.028173 0.172775 -0.0425502
0.015577 0.0612828 -0.0114875
0.060727 0.0847788 0.0049625
-0.021873 0.054825 0.0256557
-0.096423 0.174525 -0.00706623
-0.037973 0.183975 -0.014995
-0.0830554 0.070575 -0.0121875
0.050227 0.0605954 -0.0300375
-0.0719111 0.164725 0.0137125
-0.082773 0.144775 0.0181274
-0.00299916 0.116775 0.000412505
-0.024673 0.141832 -0.0125375
-0.102723 0.148731 0.0042625
-0.0254879 0.104175 -0.0093875
0.039727 0.155474 -0.0160375
-0.087673 0.140225 -0.00921004
0.0213624 0.123075 -0.0177875
-0.0782473 0.173475 0.0063625
-0.0432319 0.187125 -0.0174375
-0.0484278 0.123425 0.00356251
-0.060023 0.0776689 0.0203625
0.00612701 0.143725 -0.0322719
-0.062473 0.077575 -0.0347783
0.058627 0.054125 -0.00840768
-0.041473 0.069175 0.0268746
-0.087323 0.165763 -0.0149875
0.056877 0.0971207 -0.0111375
0.059677 0.109578 -0.0205875
0.049527 0.076049 0.0165125
-0.0439387 0.162275 -0.0352875
-0.0633065 0.158775 -0.0244375
-0.0422477 0.0569217 -0.0126912
0.068777 0.0726776 -0.0013375
0.0161461 0.083175 -0.0086875
-0.00896325 0.064625 -0.0100875
-0.021173 0.139525 -0.023839
0.0479421 0.081775 -0.0275875
0.0205778 0.0627242 0.00627368
0.020127 0.0663949 -0.0286375
0.0293866 0.073375 0.0203625
-0.069123 0.071625 -0.0224366
0.053027 0.126925 -0.00331742
0.035177 0.0857188 0.0266625
-0.081373 0.0691767 -0.0272375
0.0541208 0.077925 6.25029e-05
0.032377 0.0551553 -0.00728749
0.0454643 0.091575 -0.0286375
0.078927 0.125084 -0.0125375
0.047859 0.0742861 -0.00281533
-0.018723 0.158171 -0.0062375
-0.058623 0.0722487 0.0392625
-0.061129 0.122725 0.0039125
-0.0410455 0.100389 -0.010345
-0.072623 0.165053 -0.0170875
0.00367701 0.144775 -0.0302825
0.008927 0.154225 -0.0235227
-0.037623 0.112947 -0.0174375
-0.032023 0.0569174 0.0196625
-0.072273 0.156184 -0.0177875
-0.094323 0.142212 -0.000987496
0.040777 0.070575 0.017142
-0.058973 0.106975 -0.0224567
-0.0607213 0.141278 -0.0242581
0.025027 0.123778 -0.0184875
0.043227 0.074775 0.0135152
0.069477 0.139175 -0.0167352
-0.0711738 0.160175 -0.0226875
-0.100065 0.173475 -0.0037875
0.0490871 0.075911 -0.0016705
0.079277 0.081075 0.0197835
0.028877 0.055525 0.0210725
0.037277 0.064721 -0.0457875
-0.071062 0.111875 -0.0198875
-0.0595939 0.071625 0.0406625
0.0169974 0.0649733 0.00278471
0.00612701 0.152035 -0.0160375
-0.0805394 0.081075 -0.0188375
-0.060723 0.153525 -0.0230514
0.0258221 0.0770212 -0.0369863
0.063177 0.085275 0.00227212
0.0653653 0.123539 -0.013032
0.071927 0.071975 -0.000387028
0.023277 0.062875 0.0201917
0.0290954 0.054475 -0.0069375
0.090127 0.129725 -0.00900441
0.045529 0.074075 -0.0310875
-0.0751963 0.115725 -0.0128875
0.0364543 0.0904204 0.0125004
0.0373101 0.0703831 0.0175796
0.011027 0.109425 -0.0240615
0.0561868 0.107325 -0.00903749
-0.029923 0.079675 0.0148087
-0.0853624 0.090525 0.0042625
-0.055823 0.133225 -0.0215896
-0.0198632 0.182036 -0.0275447
-0.00192299 0.146875 -0.0174547
0.00927702 0.0572182 0.0214125
-0.057223 0.150025 0.00790393
-0.060723 0.124825 -0.0218347
0.078227 0.115375 -0.00444851
0.0399576 0.0572399 0.00583735
-0.0268346 0.178711 -0.0233383
0.047077 0.0819726 -0.0219875
-0.00914957 0.065325 -0.0030875
0.056177 0.0706793 -0.00728749
-0.0615718 0.154865 -0.00422983
0.0315377 0.0541561 0.00044447
0.00674714 0.112225 -0.0317875
-0.0411658 0.0565009 -0.0111213
-0.0538884 0.122025 0.0049625
0.00893162 0.106625 -0.0097375
-0.021173 0.105575 -0.0022752
0.0299183 0.114106 -0.0123058
-0.036923 0.174927 -0.000637498
0.0460446 0.061475 -0.0289875
0.050927 0.155975 -0.0184128
0.00822701 0.150902 -0.0107875
-0.056173 0.0788221 0.0224625
0.0478513 0.094025 0.0259625
-0.065973 0.055875 0.007764
-0.0508543 0.142869 0.00717734
-0.0857289 0.168925 0.0091625
-0.0362963 0.0554132 0.000465754
-0.0410005 0.1027 -0.0116541
-0.0551988 0.159348 -0.0101799
0.00752701 0.061475 0.0113071
0.042177 0.0882095 -0.0321375
-0.033073 0.0868995 0.0098625
0.028877 0.148625 -0.0344665
0.00273727 0.087725 -0.0079875
-0.0156141 0.169753 -0.0101058
-0.050223 0.167875 0.00522574
0.046027 0.087725 -0.00807419
-0.053373 0.064625 0.0369541
0.065277 0.088075 0.00167781
-0.036923 0.189735 -0.0223375
0.012777 0.0592878 0.0042625
-0.027473 0.172075 -0.037682
-0.041473 0.0652939 0.0175625
0.0653963 0.105925 -0.0044875
0.054077 0.0787147 0.0151125
-0.0232573 0.080375 0.0102125
0.0420206 0.089475 -0.0310875
-0.016273 0.083525 -0.0317994
0.0421135 0.0606892 0.00740151
-0.004723 0.116775 -0.0340422
-0.044623 0.064275 0.0327692
0.069827 0.114675 -0.000534505
-0.0273996 0.058325 -0.0289875
0.045677 0.055175 -0.0165066
-0.0758454 0.164725 -0.0177875
0.063527 0.109075 -0.0126706
0.057227 0.144425 -0.0219966
0.083477 0.125875 -0.0104932
-0.0820778 0.149546 0.0095769
0.03142 0.0583158 0.0130616
-0.0855966 0.075125 0.0025125
-0.0495603 0.059375 -0.0380875
-0.089073 0.170497 0.0109125
0.017327 0.0750991 0.0077625
-0.067373 0.0712516 -0.0272375
0.024327 0.0558565 0.0207125
0.015227 0.0660747 0.00706251
-0.090123 0.175925 0.0159336
-0.00418805 0.194475 -0.0310875
0.0549436 0.104525 -0.0093875
-0.0627913 0.170325 -0.0258375
0.00297701 0.0870101 -0.0104375
0.0155226 0.083175 -0.0265375
0.020262 0.098225 -0.0230375
-0.0236784 0.159475 -0.0251375
-0.053023 0.073025 -0.0359763
-0.026073 0.131125 -0.0175534
-0.0246568 0.160175 -0.0384375
0.035527 0.065675 -0.0301307
0.0822374 0.087375 0.0014625
0.0320501 0.059025 0.0249125
-0.034823 0.165967 -0.000987496
0.055477 0.123075 -0.00420628
0.00297701 0.139125 -0.0328375
-0.0281291 0.155625 -0.0016875
-0.072273 0.106975 -0.0203906
0.000527009 0.144416 -0.0275875
0.0336556 0.102425 0.0193125
-0.0135857 0.058325 0.00881251
-0.099223 0.146709 0.0161625
-0.0119539 0.085275 0.00706251
-0.0396314 0.187475 -0.0156875
0.040427 0.074075 0.0242632
-0.041123 0.179775 -0.00179536
-0.00332299 0.142675 -0.0116641
0.0546193 0.104875 -0.0272375
-0.012773 0.071275 0.0191458
0.053027 0.073025 0.0226874
-0.041123 0.065675 0.0235077
-0.0766131 0.067775 -0.0219875
0.0636791 0.103995 -0.0061916
0.085227 0.130026 -0.0100875
-0.0644981 0.068825 0.0378625
-0.0702084 0.140575 -0.0167375
-0.0547464 0.076525 0.0315625
-0.024323 0.133925 -0.0187848
-0.075773 0.085975 -0.0229392
0.0793759 0.081075 0.0011125
0.00927702 0.154575 -0.0183037
-0.031323 0.159169 -0.0412375
-0.051973 0.0593853 0.0147625
-0.036923 0.092975 0.00303039
0.0177015 0.061825 -0.0223375
0.017327 0.0582774 0.0238625
0.043577 0.070925 0.0184754
-0.049523 0.105575 -0.0207465
0.034827 0.056575 0.0124309
-0.081723 0.0732462 0.0084625
-0.0269802 0.076875 0.0116125
-0.0224798 0.153875 -0.0205875
0.054077 0.0799481 0.0021625
0.038327 0.115025 0.0136732
-0.076823 0.106275 0.00741198
-0.0889035 0.151314 0.0115283
-0.057989 0.122725 0.0046125
0.051977 0.146165 -0.0107875
0.0177757 0.0716291 -0.0359254
-0.0418321 0.117825 -0.000987496
0.0207018 0.122232 -0.0227749
0.0292708 0.073025 0.0207125
-0.0496138 0.055875 0.0322625
-0.019423 0.173475 -0.0105576
0.0417671 0.068996 0.01482
0.00962754 0.104525 -0.0139375
-0.066673 0.126159 -0.0083375
-0.049173 0.164725 -0.0331879
-0.078223 0.10314 0.0074125
-0.049625 0.14347 0.00656643
0.034827 0.108025 -0.0324929
0.001927 0.106545 -0.000637498
-0.062123 0.072325 0.0329239
-0.0521762 0.093675 -0.0195375
0.050577 0.073375 -0.0118947
0.0345052 0.056575 0.0214125
-0.040073 0.0534265 -0.0198875
-0.046723 0.110125 -0.0215928
-0.050817 0.138475 -0.0037875
0.00962701 0.115375 -0.00658995
0.018027 0.150539 -0.0062375
0.0321 0.0587428 0.0140822
0.075427 0.138876 -0.0181375
-0.040423 0.176625 0.00110597
0.0462676 0.101725 -0.0324875
-0.026773 0.147925 -0.00325609
0.072977 0.119225 -0.00404147
0.029227 0.151075 -0.032577
0.016462 0.088775 -0.0111375
-0.0214971 0.181682 -0.0217717
-0.066673 0.0576847 -0.0174375
-0.022923 0.085975 0.00850018
-0.068423 0.116775 0.00539175
-0.0738264 0.112575 -0.0174375
-0.0349958 0.192375 -0.0223375
0.070527 0.058325 0.000621259
-0.014523 0.057975 -0.0102762
0.0750164 0.088425 0.0200125
0.083127 0.093675 0.0104275
-0.00386025 0.134625 -0.0307375
0.036227 0.133215 -0.0027375
0.056877 0.132022 -0.0296875
0.040427 0.115725 0.0124104
-0.036573 0.185725 -0.0161852
-0.0349928 0.129025 -0.0034375
0.055477 0.099625 -0.00978856
-0.093973 0.168575 -0.00166499
0.00786105 0.101375 -0.0219875
0.0579256 0.053075 -0.0027375
0.0661249 0.108025 -0.0034375
-0.048123 0.180573 -0.0100875
0.081377 0.109333 -0.0034375
-0.053723 0.055875 0.0178071
-0.058623 0.177999 -0.0219875
0.0060669 0.110825 -0.0034375
0.00454 0.098225 -0.0055375
-0.0910607 0.163675 -0.0069375
-0.039723 0.147925 -0.0364266
-0.054073 0.120275 0.00566439
-0.046723 0.179059 -0.0300375
0.071927 0.104306 0.0091625
0.0140562 0.0887243 -0.0152056
0.00719166 0.059025 0.0161625
-0.0876293 0.151072 0.0101563
0.0164656 0.064625 -0.0237375
-0.064923 0.167875 0.0103665
-0.0172884 0.073375 0.0186125
-0.00612299 0.074775 -0.0223566
-0.0645758 0.081075 -0.0345875
-0.0714033 0.112575 -0.0195375
-0.091873 0.152125 0.0166581
0.0344977 0.083175 -0.0345875
0.0432578 0.155625 -0.0177875
-0.0913774 0.17243 0.00775069
-0.005073 0.074504 -0.0202375
-0.032373 0.147225 -0.0307465
-0.0412423 0.0558928 -0.00120822
-0.0872794 0.148748 -0.00292924
-0.063801 0.160158 -0.0160274
-0.0321318 0.116291 -0.0161991
0.063177 0.0587251 0.0214125
-0.044273 0.175712 -0.0268875
0.055127 0.054825 0.00482784
0.0477829 0.0756162 -0.0022706
0.065277 0.083175 0.00270927
-0.000522986 0.0828207 -0.0216375
0.0341308 0.0602382 0.0147039
-0.00822299 0.191675 -0.027528
0.055127 0.134625 -0.0059096
-0.049523 0.178478 -0.0314375
-0.021173 0.17403 -0.0079875
-0.0308968 0.149654 -0.0315724
0.019777 0.076525 -0.0316803
0.00659794 0.064275 0.0116125
0.0124753 0.077575 -0.0198875
-0.0856757 0.073725 -0.0058875
-0.0880437 0.151415 -0.00608856
0.037277 0.105575 0.0214604
0.076827 0.082475 0.0214474
-0.0768052 0.163151 0.00871007
-0.025367 0.126641 -0.0186713
-0.027123 0.125867 -0.0209375
-0.048123 0.129025 -0.0268235
-0.012423 0.0684186 -0.0237375
-0.093623 0.151908 0.0168625
0.0383684 0.0628703 -0.00227284
0.078577 0.082125 -0.00104104
0.0823499 0.149325 -0.0100875
0.011727 0.136725 -0.03529
-0.0604159 0.155359 -0.00602962
0.0371598 0.0831635 -0.00207964
-0.0450834 0.105925 -0.0051875
-0.0106213 0.137425 -0.0160375
0.076127 0.132175 -0.00940468
-0.0702902 0.152884 -0.000617877
0.028177 0.139175 -0.0349048
-0.043573 0.101375 -0.00805523
0.0412771 0.0684147 -0.00354741
-0.076123 0.115521 -0.0097375
0.027477 0.139875 -0.0350841
-0.084523 0.140833 0.00531251
0.033777 0.099975 0.0202557
-0.0675991 0.061825 0.0284125
-0.095023 0.168816 -0.0048375
0.020827 0.066725 -0.0292993
0.023977 0.104875 -0.0209036
0.0588864 0.059725 -0.0254875
0.0677193 0.095775 0.0140625
-0.043573 0.0535379 -0.0366875
-0.086623 0.167875 0.0102844
0.037188 0.0887288 -0.00311653
0.030627 0.055525 -0.0235209
0.0798519 0.083525 0.000762504
0.059327 0.0820683 0.0189625
0.0682714 0.133225 -0.0135875
0.0338672 0.0645719 -0.000578977
-0.027123 0.165075 -0.00363045
-0.069473 0.167175 0.014434
-0.0865756 0.1509 0.012436
-0.092573 0.179775 0.00950234
0.056177 0.131141 -0.0303875
-0.0271273 0.111769 -0.0159096
0.032727 0.081775 0.0241691
-0.073673 0.0683051 -0.0317875
-0.073451 0.164836 0.00109481
-0.049523 0.178905 -0.0058875
-0.041473 0.176625 0.00120535
-0.011373 0.059375 0.010257
-0.0534341 0.1439 -0.0173547
-0.030973 0.130075 -0.024737
0.00805064 0.062175 0.0203625
0.0325519 0.142325 -0.0027375
-0.0842564 0.062875 -0.0324875
-0.0390688 0.0558998 0.00142579
0.036577 0.0556297 0.0252625
-0.0288366 0.121151 -0.018843
-0.000872985 0.085275 -0.00294605
-0.087673 0.178375 0.00555496
0.0436762 0.064128 -0.00559401
0.062477 0.0547324 -0.0219875
0.0151091 0.087025 -0.0237375
-0.0348472 0.145343 -0.036348
-0.0288975 0.167175 -0.0247875
-0.088093 0.150097 -0.000208184
-0.044205 0.0566455 -0.0107725
0.0493553 0.0752585 -0.00192639
0.00825381 0.102775 -0.0111375
-0.0875863 0.149173 -0.00329629
-0.0514729 0.082125 -0.0335375
-0.044623 0.058675 0.0273266
0.023627 0.101725 -0.01117
0.0274518 0.124417 -0.0161317
-0.0150504 0.119575 -0.0048375
-0.010673 0.0680954 -0.0216375
-0.040073 0.0761949 0.0242125
-0.058273 0.107408 0.0095125
-0.032723 0.066025 0.0262561
0.064577 0.071975 -0.00665315
-0.0450932 0.183975 -0.0191875
-0.000173956 0.082475 -0.0202375
-0.029573 0.094375 -0.02497
-0.078923 0.0669726 -0.0338875
0.00717701 0.064275 0.0158507
0.058277 0.082125 0.00248294
0.0298536 0.116331 -0.017776
-0.036923 0.185025 -0.0156792
-0.065273 0.0568526 0.0098625
0.081006 0.097525 -0.0048375
0.016977 0.065544 0.0081125
-0.00577299 0.094725 -0.0321415
0.021177 0.143725 -0.0354347
-0.049523 0.149325 -0.0298065
-0.0404332 0.119925 -0.0016875
-0.0199543 0.166475 -0.0065875
-0.0140633 0.062875 -0.0195375
-0.042523 0.0630224 0.0322625
0.030277 0.105225 -0.00586563
-0.0641142 0.174525 0.0042625
0.0303545 0.055175 -0.0492875
-0.053723 0.0575983 -0.0230375
-0.032723 0.0970922 -0.0160375
0.015139 0.0763941 0.00101786
-0.0832038 0.066725 -0.0041375
-0.0173189 0.129832 -0.0168406
-0.0145018 0.160217 -0.011594
0.0248179 0.106275 -0.0198875
-0.027823 0.147925 -0.00212014
-0.0261058 0.101725 -0.0223375
0.079277 0.080671 0.0011125
-0.092573 0.147887 -0.0055375
-0.00612299 0.080375 0.00216422
-0.045323 0.141625 -0.0279495
-0.082073 0.140075 0.0196625
0.013477 0.153979 -0.0265375
-0.0983579 0.168575 -0.0079875
-0.062473 0.0587455 -0.0205875
0.064227 0.133225 -0.0152111
-0.0468885 0.063225 0.0158125
-0.0786314 0.169975 0.0161625
0.0284605 0.056575 0.0116125
-0.0382008 0.055525 -0.0135875
-0.016623 0.165425 -0.00658964
0.0103211 0.154225 -0.0167375
0.00451288 0.150725 -0.0156875
-0.026073 0.0536748 0.0032125
-0.0283168 0.177848 -0.0230262
0.012777 0.060775 0.0024818
-0.0369071 0.0565206 -0.0104951
-0.0226112 0.156325 -0.0044875
-0.0253339 0.087025 -0.0335375
-0.0200014 0.15292 -0.0250634
0.0351763 0.059025 0.0228125
0.0443115 0.0556591 -0.00504366
-0.083123 0.144775 0.0183334
0.014527 0.153525 -0.0103689
-0.0984848 0.170675 -0.0083375
-0.037623 0.161575 -0.0380357
-0.00262299 0.082475 -0.0247967
-0.035873 0.081425 -0.0289996
-0.028523 0.0732366 -0.0331875
0.0652687 0.0953711 -0.00247093
0.0418358 0.0816043 0.0145891
-0.0665448 0.061825 -0.0230375
0.032377 0.062175 -0.0276187
-0.00262299 0.077575 -0.0198567
0.0317108 0.160875 -0.0202375
0.036428 0.056575 0.0263125
0.033777 0.0756136 -0.0342375
0.022577 0.162385 -0.0216375
-0.046373 0.10381 -0.0170875
0.065277 0.0542322 -0.0191875
-0.0452256 0.156675 -0.0338875
0.0743614 0.063575 0.0116125
-0.056873 0.0560537 -0.0202375
0.036227 0.085975 -0.0341015
-0.0830797 0.181175 0.0011125
0.078227 0.078275 -0.000241652
0.0636144 0.104812 -0.00610877
-0.054681 0.143969 -0.0143775
-0.044623 0.0660716 0.0182625
-0.012773 0.131125 -0.0121756
0.0467654 0.102425 0.0182625
-0.0220323 0.154925 -0.0051875
0.068427 0.055175 -0.0164197
-0.011723 0.190654 -0.0265375
0.037295 0.111652 0.0065538
-0.044973 0.094375 -0.0136531
-0.034123 0.071975 -0.0303955
-0.038673 0.176625 -0.00175893
0.0462593 0.087375 0.0277125
0.038677 0.0737346 -0.0342375
0.00336517 0.0580226 0.0120075
-0.071573 0.170604 0.0060125
-0.073323 0.082825 0.0148229
0.0123537 0.0762838 -0.0123051
-0.036223 0.137425 -0.0295197
-0.041473 0.112575 -0.0198842
0.0337515 0.065325 0.0224625
-0.010323 0.092975 0.00473559
0.0343908 0.0890785 0.0109139
-0.045323 0.146525 0.00418038
-0.058973 0.178025 0.000372663
0.024327 0.129375 -0.00824648
-0.00857299 0.086325 -0.0308677
-0.033073 0.175925 -0.0178823
0.061077 0.0717378 -0.0020375
-0.039723 0.0533262 0.00531251
-0.024673 0.148276 -0.0041375
0.014527 0.157725 -0.0187523
0.063877 0.091925 0.00267159
-0.037973 0.144775 -0.0331758
-0.048823 0.055525 0.0319539
0.0357816 0.119086 0.00614659
0.0784372 0.116425 -0.0093875
-0.079273 0.0708528 0.0109125
-0.021173 0.150375 -0.0247797
-0.046373 0.073725 0.0315547
0.0373118 0.053425 0.0109125
-0.047073 0.138475 -0.00184372
-0.017323 0.056925 0.00861495
-0.087075 0.171025 0.0144125
-0.094323 0.138942 -0.0062375
0.021527 0.0828325 0.0095125
-0.027123 0.148275 -0.00299728
-0.056873 0.179872 -0.0048375
-0.076123 0.174499 -0.0030875
-0.0596211 0.146009 0.00208197
-0.0607392 0.130425 -0.0170875
-0.025723 0.110125 -0.0174667
0.0187063 0.072637 -0.0354859
0.0659644 0.137075 -0.0181375
-0.058273 0.132525 -0.00517838
-0.0272927 0.053425 0.0193125
-0.034123 0.147575 -0.00143135
-0.0275079 0.109988 -0.0155553
-0.0805252 0.102775 0.0046125
-0.0134983 0.152125 -0.0104375
-0.023273 0.182575 -0.0278507
-0.081723 0.176975 0.00696147
-0.011373 0.105925 0.00241026
-0.024673 0.055525 0.0250635
0.017327 0.128325 -0.00576261
0.021177 0.132025 -0.0051875
0.092577 0.129173 -0.0107875
0.00577702 0.144402 -0.0314375
-0.00042586 0.081775 -0.0065875
0.0638675 0.116003 -0.0106731
-0.089423 0.171019 0.0116125
0.0365142 0.0551139 -0.00527987
-0.044973 0.0709349 -0.0359875
-0.0666696 0.122025 -0.0184875
0.0339686 0.094025 0.0193125
0.056177 0.0545049 -0.0079875
0.0123259 0.074425 -0.0191875
-0.078923 0.0675827 -0.0209375
-0.022223 0.138292 -0.0202375
-0.055123 0.113275 0.00752871
-0.0308877 0.118688 -0.0164961
0.008577 0.0658477 0.0119625
-0.015923 0.0926889 0.0056625
0.0179832 0.080025 0.00531251
-0.0343877 0.0570365 -0.00744468
0.0315693 0.060075 -0.0468375
-0.0330656 0.125525 -0.0230375
-0.070873 0.170511 0.0060125
0.056877 0.133225 -0.00686677
0.0146132 0.0632363 0.00241326
0.0241069 0.056225 0.0011125
0.0444453 0.0598235 0.00447514
0.048886 0.075825 -0.0289875
0.031327 0.134975 -0.00358414
-0.063523 0.161939 0.0105625
0.0253799 0.099275 -0.0079875
-0.0516123 0.160549 -0.00259975
0.037627 0.109775 -0.033294
-0.0630601 0.159734 -0.016782
0.0305874 0.131125 -0.0062375
-0.065973 0.069525 -0.032401
0.0381536 0.062175 0.0172125
0.020127 0.124118 -0.0128875
-0.053023 0.076475 0.0333125
-0.0530144 0.138825 -0.0212875
-0.065273 0.054475 0.00188861
0.00472701 0.116775 -0.0338643
-0.074373 0.148275 -0.00850926
-0.083297 0.103475 -0.0069375
0.0414979 0.0649879 0.011982
0.069512 0.057975 0.0077625
0.026777 0.161225 -0.0222038
0.066327 0.088425 0.0194817
0.050227 0.0941401 -0.0202375
0.034827 0.123075 -0.0068473
-0.036923 0.0731484 0.0259625
-0.0732782 0.170325 -0.0139375
-0.0295319 0.092275 -0.0268875
-0.042873 0.0908745 -0.0153375
0.045616 0.071975 -0.0317875
-0.0353987 0.145328 -0.0367209
-0.069823 0.161225 -0.012133
-0.028873 0.185725 -0.0248583
-0.0442055 0.182575 -0.0142875
-0.061423 0.127275 -0.0199804
-0.0143841 0.131475 -0.0153375
-0.026073 0.060075 0.0258953
-0.037973 0.097244 -0.0118375
0.021177 0.123909 -0.0153375
-0.062123 0.093325 0.0151
-0.061773 0.130225 -0.0146375
-0.0316247 0.148818 -0.0325242
-0.082423 0.179064 0.0056625
0.0404299 0.091827 -0.00426183
-0.046723 0.053594 -0.0149875
0.070527 0.136375 -0.0189296
0.019077 0.124115 -0.0114875
0.016627 0.142675 -0.0350921
0.035877 0.0578349 -0.0492875
-0.0931558 0.153359 0.00285494
-0.025029 0.153175 -0.0023875
0.034477 0.082125 -0.0349084
0.093277 0.137075 -0.0120938
-0.079623 0.064625 -0.017683
-0.034473 0.069525 -0.0378914
0.000885889 0.090525 -0.0030875
0.029927 0.0563316 -0.0485875
-0.079618 0.151433 0.00877088
-0.050923 0.169275 0.00488309
0.0670397 0.055875 0.0126625
0.044277 0.100325 -0.0331271
0.05038 0.094025 -0.0170875
-0.071223 0.107325 0.00934708
-0.013473 0.092275 0.00778499
0.069827 0.0567679 -0.0146375
-0.095023 0.169007 -0.0041375
-0.089773 0.153631 0.0067125
0.034477 0.129025 -0.00519403
-0.0254504 0.125377 -0.0201921
-0.058623 0.175225 -0.0257904
-0.062823 0.0579321 0.0179125
0.0500855 0.077575 -0.0212875
-0.044973 0.064625 0.0327762
0.0625822 0.055175 -0.0219875
0.0416205 0.0621425 0.00830903
-0.014873 0.0539237 0.0214125
0.084177 0.127975 -0.0107525
-0.070523 0.0548558 -0.0076375
-0.043573 0.123075 -0.0265073
-0.0619435 0.073725 0.0238625
-0.079273 0.101375 -0.017447
-0.0323312 0.174875 -0.0202375
0.061427 0.056225 -0.0232144
-0.0477765 0.055875 -0.0282875
-0.0294265 0.152125 -0.0303875
0.0289974 0.0680497 0.0145948
0.017677 0.082475 -0.00653737
0.0031818 0.088425 -0.0083375
0.0413977 0.0640082 0.00921423
0.022927 0.059214 -0.0251375
0.00822701 0.145175 -0.0051875
0.0483431 0.0760932 -0.00141134
-0.0433489 0.0555663 -0.00283327
-0.052323 0.0555857 0.0336625
0.017327 0.077925 -0.0302752
-0.027123 0.126225 -0.0212626
0.034987 0.054825 0.0270125
0.0350573 0.0552119 0.00168289
0.0268124 0.110534 -0.018197
-0.017673 0.166125 -0.0115414
-0.035173 0.173758 -0.0240875
0.042527 0.093325 -0.0319058
-0.038323 0.0965826 -0.0121875
-0.054423 0.103475 0.00925953
-0.086623 0.059725 -0.0350537
-0.042523 0.139525 -0.00111604
-0.00871959 0.133225 -0.0261875
0.042527 0.157375 -0.0176153
0.0119658 0.109775 -0.0202375
-0.102023 0.155721 0.0123125
0.0273878 0.066025 -0.0405375
-0.093973 0.144485 0.0109125
0.049527 0.090175 -0.0136768
0.0300136 0.111525 -0.00903749
0.024327 0.083839 -0.000987496
0.017677 0.0573388 0.0200125
-0.053023 0.099975 -0.020168
-0.0365672 0.125875 -0.0261875
0.067027 0.088075 0.00119878
-0.0240227 0.154575 -0.0142875
0.0568014 0.097875 -0.0128875
0.025377 0.0636979 0.0203625
0.054077 0.099975 -0.00991286
-0.064573 0.178725 -0.00279069
-0.063873 0.160302 -0.0261875
-0.044973 0.183625 -0.0203193
-0.023623 0.147575 -0.00507329
0.0477958 0.095775 -0.0286375
-0.042523 0.111175 -0.0197851
0.035877 0.0659822 -0.0307375
0.056527 0.075468 -0.000287496
-0.044623 0.183275 -0.0357912
-0.049873 0.079325 0.0234638
0.0610805 0.117825 -0.0107875
-0.013823 0.0657849 0.0056625
-0.0984811 0.170325 -0.0083375
-0.051623 0.0534484 0.0256125
-0.106223 0.157385 0.0130125
0.067302 0.126225 -0.0104375
-0.067723 0.084925 0.0158734
-0.083123 0.139449 -0.0079875
0.0173365 0.081075 -0.000637498
-0.079623 0.098925 0.00894536
0.0149793 0.0737434 -0.00755338
0.046085 0.0756896 -0.00280238
-0.084873 0.141275 0.0210327
0.039793 0.0728891 0.0152749
-0.0208849 0.155975 -0.0254875
0.063527 0.134975 -0.0156035
0.042877 0.0531412 0.0133625
-0.084173 0.168575 -0.0112851
0.0165297 0.062525 -0.0076375
-0.065623 0.144582 0.00706251
0.0165965 0.119225 -0.0258375
0.042877 0.0886093 -0.0307375
0.045327 0.055175 -0.016717
0.031327 0.140225 -0.0350619
0.0348893 0.0546104 -0.00043121
-0.069473 0.073025 -0.0226541
0.023627 0.0581637 0.0025125
-0.035873 0.176975 -0.00268959
-0.025373 0.163675 -0.0131943
0.03879 0.0726581 0.0173944
-0.00262299 0.0760547 -0.0048375
0.074027 0.114675 -0.0159655
-0.044973 0.133575 -0.0278239
-0.037973 0.0856198 -0.0265375
-0.00192299 0.0903902 0.000412505
-0.038673 0.150375 0.00155916
-0.061073 0.074194 0.0396125
-0.039723 0.116129 -0.0212875
0.027477 0.123775 -0.0201828
-0.012423 0.080725 -0.0304093
-0.083823 0.174875 0.00868052
-0.000172988 0.134975 -0.00303905
-0.049173 0.090175 -0.0195778
-0.024323 0.15773 -0.0195375
-0.076473 0.11534 -0.0079875
0.035177 0.153525 -0.00960919
0.057577 0.065675 -0.022006
-0.069823 0.100675 0.0117485
0.045677 0.0718097 -0.0331875
0.034827 0.0655758 0.0217625
-0.059673 0.0861146 -0.0345875
-0.051273 0.075125 0.0336587
-0.069473 0.177325 -0.00207342
0.010677 0.155973 -0.0226875
-0.085136 0.060075 -0.0338875
-0.00812675 0.128325 -0.0037875
0.053027 0.094725 -0.00970656
0.041477 0.090175 -0.00511377
-0.060373 0.153175 0.00727903
-0.096073 0.151775 0.0155325
0.0457248 0.0724827 -0.00104763
0.0612426 0.085275 0.0032125
-0.0898345 0.172425 0.0119625
-0.026773 0.172075 -0.0384373
0.0418409 0.101025 -0.0342375
-0.028873 0.0543504 0.0193125
-0.067723 0.0555071 -0.0125375
-0.031323 0.147225 -0.0301938
-0.0306302 0.126925 -0.0121875
-0.016273 0.0594965 0.0081125
-0.0605408 0.158775 -0.0254875
-0.042173 0.126925 0.000765637
0.0407183 0.0788293 0.011775
0.010677 0.127619 -0.0345875
-0.016273 0.154541 -0.0104375
-0.00948181 0.074075 0.0032125
0.046027 0.095775 0.0275418
-0.0849333 0.068475 -0.0293375
0.0723657 0.095075 0.0165125
0.0411925 0.0807093 0.0145711
-0.023273 0.173512 -0.0415875
-0.085213 0.149604 -0.00717106
-0.071573 0.111875 0.00714343
-0.016273 0.0614526 0.00356251
-0.036923 0.186087 -0.0223375
-0.041473 0.18011 -0.0128875
-0.042523 0.107675 -0.00878241
-0.042523 0.183625 -0.0351264
-0.0270786 0.153525 -0.0016875
-0.08321 0.102775 -0.0086875
-0.0782319 0.112575 -0.000287496
-0.054073 0.145041 -0.0062375
0.000527009 0.132175 -0.00188262
0.030977 0.0744324 -0.0401875
-0.034823 0.053775 -0.0222932
-0.0682325 0.143025 -0.0100875
-0.039023 0.173413 -0.0282875
-0.020823 0.105697 -0.0020375
0.0422018 0.112225 0.0119625
0.034477 0.081425 0.00622808
-0.00345033 0.102775 0.00181251
-0.053723 0.142463 -0.0275875
-0.057223 0.145151 -0.0055375
-0.0659572 0.064625 0.0175625
-0.065273 0.124475 0.000139732
-0.0434442 0.056758 0.00120505
0.0345495 0.11048 0.00766063
-0.064223 0.17358 -0.0230375
0.00785293 0.098575 -0.0160375
-0.012073 0.0630036 0.0081125
-0.0252984 0.101794 -0.00451801
-0.084173 0.101054 -0.0093875
-0.0398494 0.179425 -0.0349375
0.000177011 0.107675 -0.0337116
-0.0580521 0.155104 0.00535272
-0.055473 0.134975 -0.00578602
0.059327 0.0531137 -0.0013375
0.016627 0.156289 -0.0240875
0.020827 0.0968156 -0.0111375
-0.047104 0.145641 0.000399517
0.0894859 0.141275 -0.0114875
-0.0464718 0.106625 -0.000637498
0.026077 0.125449 -0.0142875
0.0343055 0.0561844 -0.00548442
0.055477 0.147887 -0.0212875
-0.00750201 0.140925 -0.0223375
-0.00870532 0.129025 -0.0044875
-0.0788087 0.066025 0.0077625
0.000137597 0.083525 -0.0209375
0.047427 0.0598064 -0.0254875
0.0329551 0.056315 0.000742007
0.036638 0.0593201 -0.00508162
-0.031323 0.15111 -0.0401875
-0.067023 0.143769 -0.0107875
-0.016686 0.126565 -0.0143438
0.076477 0.124475 -0.010962
-0.012423 0.132517 -0.0132375
0.0109516 0.111175 -0.0258375
-0.057573 0.0534035 -0.0139375
-0.017323 0.089463 0.0084625
0.068077 0.107325 -0.0116831
0.0647111 0.095425 0.0021625
0.0434944 0.081226 0.0177629
0.027827 0.073725 -0.0422053
0.039027 0.098925 -0.00294639
0.060727 0.146175 -0.0179641
-0.075073 0.061475 -0.0373813
-0.00935079 0.062525 0.0200125
-0.011373 0.134625 -0.0220616
-0.0409804 0.057625 0.0315625
0.034477 0.0637304 -0.0471875
0.0742531 0.144075 -0.0076375
0.088727 0.143025 -0.00529655
-0.022923 0.0629751 0.0245625
0.0918155 0.135325 -0.0079875
-0.077173 0.140925 0.00303603
-0.030973 0.069175 0.0250176
-0.076473 0.148975 -0.00630097
0.058277 0.056575 0.0208239
-0.0306052 0.095775 -0.0209375
-0.0223459 0.131702 -0.0214466
0.0462586 0.055875 0.0032125
0.053727 0.0778342 0.0179125
0.0271338 0.0654445 0.0113501
0.016627 0.0863579 -0.0093875
-0.061773 0.152604 -0.0237375
-0.014188 0.150725 -0.00728749
0.045677 0.094725 -0.0299381
0.032027 0.114325 -0.00775075
-0.030273 0.068825 -0.0386317
-0.0428256 0.0559535 -0.000743645
-0.028873 0.161206 -0.0415875
-0.064223 0.163325 -0.0250078
0.039027 0.084225 -0.0352438
-0.014173 0.060425 -0.015693
0.062127 0.10948 -0.0160375
-0.00859266 0.062875 0.0182625
0.0263026 0.0775685 -0.0394491
0.0413664 0.158425 -0.0181375
-0.022223 0.167525 -0.0119247
0.0370717 0.0749257 0.011648
0.011377 0.136375 -0.00238876
0.037977 0.064625 -0.028772
0.0556962 0.070225 -0.0219875
-0.0337565 0.0560909 -0.00574539
-0.026773 0.088075 -0.0306091
-0.011723 0.135675 -0.0161678
-0.035523 0.179775 -0.0149129
0.0486097 0.093325 0.0245625
0.0765094 0.121675 -0.0156875
0.068077 0.079325 0.00173645
0.026777 0.055875 0.0211909
0.0730906 0.062175 0.0021625
-0.047073 0.0575847 0.0123125
0.0637411 0.127625 -0.0209375
-0.020823 0.187148 -0.0219875
-0.023273 0.161227 -0.0415875
-0.0427859 0.0561407 -0.00964473
0.041477 0.066725 0.0190878
0.060727 0.118875 -0.0250726
-0.036923 0.054125 -0.0265387
-0.063173 0.0542284 0.0235125
0.030277 0.063225 -0.0286437
0.021527 0.122725 -0.0225235
-0.0695698 0.119925 -0.0167375
-0.027964 0.169625 -0.0380875
-0.031673 0.0900595 -0.0268875
0.0261964 0.0600145 0.0072437
-0.0783801 0.090875 -0.0205875
-0.028523 0.172075 -0.0112471
0.0364966 0.094025 0.0256125
-0.076149 0.171725 -0.0076375
-0.0553677 0.156109 0.00384855
-0.0966267 0.151142 -0.0016616
-0.0837879 0.063575 -0.0345875
-0.0316625 0.096825 -0.0097375
-0.0834638 0.102775 -0.0051875
-0.072957 0.101025 0.0112625
0.038677 0.0579608 -0.0450875
-0.067373 0.179037 -0.0041375
-0.067023 0.091575 -0.0312015
-0.083827 0.091225 -0.0153375
-0.057923 0.130775 -0.0022695
0.058977 0.102075 -0.0141402
-0.0734205 0.169625 -0.0156875
-0.0937683 0.139175 -0.0062375
-0.0208993 0.137775 -0.0237375
-0.032373 0.0948948 -0.0037875
-0.035523 0.133575 -0.0285984
0.0604372 0.118175 -0.0254875
-0.056173 0.081425 0.0197885
-0.0569551 0.127975 0.0011125
0.082777 0.103431 -0.000637498
-0.083822 0.073375 0.0042625
0.083477 0.125571 -0.0139375
-0.0365838 0.066725 -0.0370375
0.025027 0.084575 0.0138401
0.063177 0.072325 -0.00107986
-0.0351332 0.185375 -0.0167375
0.0432322 0.094025 0.0298125
-0.0438711 0.0563607 -0.0100802
-0.065273 0.102862 0.0116125
-0.073323 0.1738 -0.0153375
-0.014173 0.116775 -0.029462
-0.078573 0.157619 -0.0139375
0.0885046 0.141275 -0.0062375
-0.068073 0.0732063 -0.0247875
-0.0520912 0.141288 -0.0259438
-0.0903392 0.149959 -0.00177841
-0.0875345 0.175925 0.0154625
-0.0419767 0.159125 -0.0363375
0.0782708 0.094725 -0.0055375
-0.066323 0.148975 -0.0211738
0.0175441 0.085625 -0.0293375
-0.0785153 0.140575 -0.0079875
0.039027 0.0792633 0.0028625
0.0367626 0.0752222 0.013032
-0.0507994 0.080725 -0.0338875
0.018027 0.0816002 0.0014625
-0.062473 0.14552 0.0025125
-0.0253498 0.155625 -0.0034375
-0.0820158 0.0661945 -0.0325805
-0.032723 0.0553794 0.0084625
-0.087418 0.171596 0.00400791
-0.070173 0.067425 -0.0348526
-0.00892299 0.143025 -0.018498
-0.044273 0.109431 -0.0037875
0.027477 0.070925 -0.0416913
-0.054773 0.092625 -0.0214732
-0.021523 0.0703664 0.0175625
-0.076123 0.0715959 -0.0195375
-0.039023 0.168628 -0.0370375
-0.0541174 0.127625 -0.0244375
-0.075073 0.0572276 -0.0069375
0.049877 0.148996 -0.0121875
-0.052673 0.0550444 -0.0209375
0.027477 0.064975 -0.0301305
-0.047423 0.0892166 -0.0198875
0.0127459 0.077225 -0.0209375
0.038677 0.112925 0.015073
-0.017673 0.0742252 0.0158125
0.066327 0.083175 0.00275468
-0.0328907 0.091575 0.00531251
-0.068423 0.16995 0.0091625
0.049877 0.074775 -0.0107395
0.057964 0.103125 -0.0156875
0.00472701 0.102924 -0.0044875
0.047427 0.145125 -0.00611309
-0.0274541 0.056925 -0.0244375
-0.044327 0.0565753 -0.0104473
-0.063173 0.0630229 -0.0335375
-0.085573 0.166825 0.0130265
0.081727 0.085625 0.00165366
-0.0907722 0.172666 0.00911258
0.0448955 0.0583077 0.00320902
-0.0830844 0.169625 -0.00903749
-0.056523 0.0533784 -0.0111375
-0.0322808 0.185025 -0.0037875
0.091177 0.133575 -0.0113438
0.049877 0.152585 -0.0174375
-0.0773089 0.096125 -0.0198875
-0.087323 0.172075 -0.00726647
0.055127 0.077575 0.000151847
-0.067373 0.112925 0.00792651
-0.077523 0.0622486 0.0060125
0.063527 0.057275 0.0198389
0.0769134 0.145825 -0.0076375
-0.0343578 0.175159 -0.00819805
-0.100623 0.146809 -0.0016875
-0.068423 0.141275 -0.0171023
-0.023973 0.061475 0.0254058
0.0390735 0.0639296 -0.00051233
-0.084173 0.174877 0.00881251
0.00787701 0.0595394 0.0182625
-0.0447562 0.0557584 -0.00321097
0.051977 0.074075 0.0212552
-0.033423 0.055525 -0.00825135
-0.00927299 0.13414 -0.0247875
-0.020319 0.105575 -0.0282875
0.051277 0.053075 -0.00487354
-0.070173 0.061866 -0.0328375
0.0338539 0.0631883 0.0181399
0.0517642 0.091575 -0.0114875
0.075427 0.140575 -0.00772214
-0.0425401 0.188875 -0.0181375
-0.011023 0.066375 0.00105402
-0.062473 0.177325 -0.0212872
-0.053723 0.170675 0.00465346
-0.085923 0.170325 0.00033116
-0.071223 0.058675 0.00847399
-0.052673 0.171375 -0.0307598
-0.027823 0.085975 0.00916795
-0.032373 0.166575 -0.0303875
-0.0501516 0.140814 -0.0247597
-0.089487 0.171306 0.0067615
-0.054423 0.105293 0.0091625
0.0543618 0.062875 0.0242125
-0.030623 0.171725 -0.0227325
-0.034823 0.073375 0.0214476
0.050927 0.068825 -0.0276342
0.039727 0.059725 0.0176158
0.0147855 0.064678 0.0025623
-0.067023 0.150834 0.0039125
0.066677 0.126575 -0.0122089
0.047777 0.060643 0.0221125
-0.00886902 0.064275 0.0189625
-0.044273 0.164025 0.0028231
0.00717701 0.133225 -0.00198856
-0.0471652 0.134275 -0.0268875
-0.016973 0.067775 0.020017
-0.078923 0.163012 -0.0174375
0.0725642 0.108375 -0.0135875
-0.0257793 0.060075 -0.0405375
0.0432238 0.100437 0.0121547
-0.012073 0.059025 0.0231347
-0.04918 0.055525 0.0105625
0.019777 0.134975 -0.00333694
0.037977 0.102087 0.0238625
-0.039023 0.0945539 -0.0062375
-0.0534349 0.142325 -0.0275875
-0.043573 0.109775 -0.0191997
-0.0297543 0.10579 -0.0134314
-0.0230487 0.109075 -0.0093875
-0.029223 0.164025 -0.00208872
0.0367534 0.0834037 -0.00202892
0.022227 0.092975 -0.00751794
0.018953 0.063575 -0.0013375
-0.0414892 0.066375 0.0242125
0.039377 0.057275 -0.0220825
0.0337411 0.093325 0.0193125
-0.104473 0.146775 0.00356251
-0.061073 0.153049 0.0074125
0.047077 0.095075 -0.00745106
-0.046023 0.0535563 -0.0153375
0.0407755 0.0562004 0.00581922
-0.00528854 0.069875 -0.0100875
-0.079973 0.164917 0.0133625
0.0451622 0.094025 0.0287625
0.00723332 0.061989 0.00366157
-0.070523 0.158775 -0.014769
-0.0352789 0.0562035 -0.00960981
-0.044973 0.180825 -0.0370264
-0.061073 0.15082 -0.0244375
0.080677 0.125133 -0.0142875
0.0784736 0.139175 -0.0069375
-0.0246493 0.153525 -0.0027375
0.0480773 0.144075 -0.0310875
0.091177 0.138825 -0.00776239
0.021177 0.082475 -0.0326262
0.051977 0.0531107 -0.0083375
-0.0421731 0.0562144 -0.0103015
-0.040073 0.0642114 0.0175625
-0.032723 0.053483 -0.0174375
-0.0341246 0.146277 -0.0352174
0.0526463 0.073375 -0.0160375
-0.092923 0.172775 -0.00658668
-0.048823 0.0883062 -0.0223375
0.030277 0.125713 -0.0265375
0.0457717 0.0944739 0.016127
0.0814392 0.108025 -0.0041375
0.0430486 0.0604741 0.00699934
0.057927 0.101353 -0.0142875
-0.022573 0.0619807 -0.0349375
0.0363862 0.0949261 0.0146163
-0.063523 0.166125 -0.0253814
-0.040073 0.168925 0.000583772
-0.0558335 0.143439 -0.0149416
-0.0320859 0.095075 -0.0037875
0.0302205 0.07664 -0.0373802
-0.044623 0.157375 -0.0354054
-0.0558877 0.143981 -0.0146263
-0.0150295 0.063925 0.0228125
-0.0435435 0.0567282 0.00104856
-0.047423 0.062875 0.0157963
0.0387921 0.122725 0.00706251
-0.001223 0.125525 -0.000989061
0.022577 0.130075 -0.0318978
0.0748524 0.088425 -0.0027375
-0.071923 0.087025 0.0149748
-0.0506715 0.173475 -0.0324875
-0.010871 0.066025 0.000762504
0.083827 0.132525 -0.00939583
0.051277 0.097175 -0.024806
-0.0310797 0.183625 -0.0034375
-0.044973 0.175575 0.000716552
0.0651536 0.053775 -0.0174375
0.045677 0.141975 -0.00392779
-0.00842262 0.065325 -0.0058875
0.048565 0.070225 -0.0289875
-0.0227485 0.147241 -0.00937249
0.018727 0.154353 -0.0279375
-0.027473 0.057975 -0.0406574
-0.022923 0.159475 -0.0214763
-0.064923 0.169275 -0.0238618
0.046027 0.0856491 -0.0160375
0.070877 0.0591337 0.0091625
0.042877 0.139807 -0.0342375
-0.031323 0.0558619 -0.0412375
0.0720318 0.122025 -0.0062375
-0.030623 0.171025 -0.0348231
-0.0324957 0.173825 -0.0398375
0.0321364 0.127625 -0.0079875
0.0350959 0.09709 0.0143843
0.022577 0.073725 -0.0399213
-0.015223 0.112925 -0.00157874
0.0285076 0.144425 -0.0030875
0.070949 0.064625 -0.0079875
-0.084873 0.178725 0.00706105
-0.056873 0.106275 0.00959449
-0.081723 0.082475 -0.0180381
0.077877 0.103475 0.00965217
-0.014523 0.058675 0.00838309
0.0324024 0.075125 0.0263125
0.0241891 0.105527 -0.015188
0.0251608 0.106625 -0.0202375
0.048477 0.0744754 0.0182625
-0.00367299 0.19195 -0.0317875
0.021177 0.149028 -0.0335375
0.040077 0.078625 0.00377692
-0.028173 0.169625 -0.0194151
0.048477 0.077925 -0.0184617
0.041827 0.144526 -0.0331875
-0.0199176 0.103475 -0.0296875
-0.0593657 0.157887 -0.0193928
0.013827 0.120275 -0.00876514
0.03436 0.0552952 0.000718027
0.0180415 0.062175 -0.0048375
-0.022923 0.155275 -0.0259186
-0.00855021 0.0690723 0.0109259
0.026077 0.0612208 -0.0279375
-0.049523 0.0847752 -0.0275875
-0.091523 0.143025 0.0229357
0.0369749 0.094725 0.0238625
-0.00846235 0.090175 0.0046125
-0.100273 0.154394 0.0116125
-0.0947764 0.153097 0.00196241
-0.031323 0.061125 0.0250552
0.00690582 0.151075 -0.0125375
0.0355824 0.105925 -0.0030875
-0.071573 0.0681739 0.0144125
0.0608119 0.137775 -0.0223375
0.034827 0.060425 -0.0261842
-0.00437298 0.194201 -0.0300375
0.019777 0.138475 -0.00269394
-0.0387407 0.14173 -0.000323534
0.0370678 0.106273 0.00794451
-0.0778045 0.165575 -0.000378977
0.0657719 0.099975 0.0011125
0.027127 0.057477 -0.0251375
-0.066323 0.144425 0.0125587
-0.0458032 0.145272 -0.000272368
-0.023973 0.136375 -0.0237689
-0.027473 0.151431 -0.0415875
-0.072973 0.099975 0.0114878
0.072977 0.114675 0.00034409
-0.054773 0.075475 0.0357147
0.0353883 0.0861753 -0.00223158
0.054077 0.0547975 -0.0135875
-0.00437298 0.113185 0.0014625
0.016977 0.157387 -0.0233875
0.049177 0.108025 -0.00336115
0.038967 0.060425 -0.0247875
0.00667408 0.0602045 0.00317646
0.038327 0.093675 0.0294839
0.054427 0.0800493 0.00181251
-0.0566164 0.143066 0.00929272
-0.032723 0.153875 -0.0389817
0.046377 0.154581 -0.0170875
0.0514623 0.091925 -0.0125375
-0.039373 0.112549 -0.0104375
-0.043573 0.0952062 0.000412505
0.048127 0.137844 -0.0331875
0.0465913 0.0726807 -0.00134074
0.050577 0.089475 -0.0118249
-0.0847623 0.159825 -0.0132375
0.0777101 0.107325 -0.0107875
0.036927 0.130425 -0.0335184
0.014877 0.0576463 0.0231625
0.0425791 0.0791351 0.0180705
0.0156766 0.0747309 -0.00434733
0.082777 0.084225 0.00480627
-0.034823 0.0727858 0.0231625
0.035527 0.083525 0.00789957
-0.0224755 0.180503 -0.0241707
0.0622933 0.058325 0.0214125
-0.034123 0.161575 0.000208333
0.0587 0.082825 0.0060125
-0.053373 0.0594452 -0.0254875
-0.038673 0.069175 -0.0345723
-0.0358452 0.085625 0.0133625
0.048127 0.0792488 -0.0041375
-0.014523 0.073375 0.0188133
-0.011023 0.187112 -0.0307375
0.0240189 0.0753551 -0.0344394
-0.088938 0.151503 0.0118072
-0.0445409 0.174175 -0.0342375
-0.0586219 0.15598 -0.00702654
-0.0274841 0.058675 -0.0408875
0.017327 0.070225 0.00776798
-0.0803744 0.065675 0.0046125
-0.070173 0.097175 -0.0225968
0.0424959 0.0792829 0.0183086
-0.086623 0.139875 -0.0058875
-0.048123 0.0543184 0.0312125
0.0436225 0.0600898 0.00630898
0.084877 0.126925 -0.010794
-0.0852736 0.15019 -0.00691759
0.084527 0.126575 -0.0135851
0.010677 0.158543 -0.0205875
-0.0589655 0.055525 0.0095125
-0.049173 0.056925 0.0120835
-0.091173 0.162975 -0.00389186
0.049177 0.111175 -0.00269349
-0.0189082 0.168575 -0.00903749
0.061777 0.111875 -0.0175511
0.0491837 0.093675 -0.0230375
-0.059323 0.160875 0.00254866
0.050227 0.125875 -0.033497
0.0440507 0.079325 -0.0034375
-0.044623 0.069525 -0.0361639
-0.021523 0.0531566 0.0151125
-0.024323 0.058675 -0.0248342
-0.022923 0.162015 -0.0440375
-0.077173 0.068687 -0.0268875
0.0126399 0.080373 -0.0128044
0.00754509 0.0597949 0.00566076
0.0717999 0.059375 6.25029e-05
0.037977 0.148275 -0.0328448
-0.0631608 0.141625 -0.0202375
-0.0518123 0.142573 -0.0208128
0.074027 0.0592979 -0.0027375
0.042877 0.076875 -0.0334511
-0.0817853 0.149667 0.00913462
-0.0561456 0.154953 0.00589548
-0.0802279 0.096475 0.00881251
-0.053723 0.16161 0.0067125
-0.0685083 0.055175 0.0042625
-0.040423 0.143025 0.00288631
-0.023973 0.182925 -0.0278323
-0.051973 0.14514 -0.0037875
-0.025023 0.166825 -0.0391289
-0.029923 0.185725 -0.0037875
0.0637925 0.125175 -0.0135875
-0.059323 0.056337 0.0168625
-0.057573 0.161186 -0.0289875
0.00352167 0.108375 -0.0013375
0.025727 0.099625 -0.0306151
-0.0425094 0.0559154 -0.000719926
-0.092923 0.170675 -0.00864671
-0.021173 0.0642626 -0.0272375
-0.020473 0.0553149 0.000762504
-0.093973 0.166125 -0.00711628
-0.0581477 0.141372 -0.024933
-0.080323 0.14751 -0.0100875
-0.026423 0.130425 -0.0222543
-0.079973 0.163403 -0.00728749
-0.073673 0.0601036 -0.0167375
-0.054862 0.136725 -0.0198875
-0.057573 0.0919912 -0.0233875
-0.0290744 0.149977 -0.0338705
-0.0408435 0.0560081 0.00170363
-0.0597039 0.140096 -0.0235004
-0.079273 0.107675 -0.0139359
0.045235 0.105225 0.0175625
-0.0321334 0.117677 -0.0145024
0.0622269 0.116425 -0.0198875
0.040077 0.147925 -0.0322374
0.018377 0.0636069 0.0224625
0.078927 0.112948 -0.0100875
-0.047773 0.074425 0.0319306
-0.063173 0.087375 0.0170405
-0.0839493 0.168925 0.0158125
-0.084867 0.174525 0.0098625
-0.102023 0.157725 0.00703308
-0.066323 0.059025 -0.0187588
0.0674897 0.113625 -0.0020375
0.056527 0.0529796 -0.0037875
0.081727 0.079675 0.0154397
0.0344712 0.0907132 0.0119643
0.019077 0.060775 -0.0038263
0.082427 0.087025 0.0142169
-0.078923 0.084225 0.0121041
0.027827 0.159825 -0.0186533
-0.037273 0.186371 -0.0223375
0.0354818 0.0557167 0.00454462
-0.056873 0.0754364 0.0259625
-0.0128057 0.150557 -0.0104959
-0.0348119 0.114615 -0.0148256
-0.0249889 0.145242 -0.010828
-0.058504 0.154132 0.00655182
-0.087323 0.170325 -0.000487469
-0.0505752 0.142895 0.00704005
-0.100623 0.150718 0.0077625
0.0942086 0.147575 -0.0069375
0.0415893 0.0690303 0.0154925
-0.0941771 0.144775 0.0126625
0.0422216 0.111875 0.0116125
0.024677 0.095775 -0.00687915
0.022577 0.0884147 -0.0328375
-0.087323 0.159825 -0.00540008
-0.064923 0.106275 0.0103654
0.0265845 0.053775 0.0021625
0.0262384 0.0767971 -0.0362969
0.0207779 0.068125 0.0102125
-0.036923 0.159475 -0.000825506
-0.047773 0.060075 0.0336809
-0.079623 0.086325 0.0119655
-0.00154294 0.077575 -0.0062375
0.051977 0.146525 -0.0262716
-0.037973 0.184369 -0.0233875
-0.001573 0.080725 -0.0212779
-0.018723 0.129375 -0.0194057
0.044277 0.0631782 -0.0345875
0.071927 0.062883 -0.0079875
-0.078573 0.14096 0.0060125
-0.034123 0.151775 -0.0387044
-0.0801825 0.069175 0.0091625
-0.047773 0.0567104 -0.0244375
0.0659892 0.112225 -0.0142875
-0.066673 0.0590447 0.0238625
-0.0663008 0.056575 0.0301625
0.002277 0.155975 -0.0216483
0.0303419 0.083175 6.25029e-05
-0.0302732 0.130075 -0.0093875
-0.044623 0.0562423 -0.0251375
0.0147261 0.0767815 -0.000590591
0.011727 0.152727 -0.0268875
0.017397 0.0799538 -0.00573243
0.058977 0.0540158 -0.0086875
-0.0292225 0.175225 -0.0048375
0.014177 0.155275 -0.0147543
-0.067723 0.0547415 -0.0100875
0.0577764 0.059725 -0.0265375
-0.0252567 0.12559 -0.0202384
-0.00752299 0.077575 0.00266803
-0.00263621 0.084925 -0.0265375
-0.0371206 0.189575 -0.0174375
-0.052323 0.120625 0.0052191
0.0358844 0.056575 0.0242125
-0.070523 0.114325 0.00620077
-0.039723 0.192594 -0.0219875
0.079627 0.101249 -0.00728749
-0.023623 0.147055 -0.0058875
-0.013823 0.120275 -0.0040105
-0.037273 0.178025 -0.0241946
-0.021173 0.151425 -0.0247228
0.0540498 0.065675 -0.0279375
0.008927 0.150223 -0.0093875
-0.068423 0.147965 0.0109125
-0.037623 0.144075 0.000964217
-0.067373 0.071275 0.0203073
0.063527 0.115025 -0.0172527
0.013827 0.087375 -0.0188441
0.0343515 0.0643322 0.00100127
-0.028873 0.152475 -0.0296911
-0.022923 0.115708 -0.0135875
-0.011118 0.075125 0.0130125
0.0339729 0.089825 0.0228125
-0.017323 0.116075 -0.00521297
-0.0407728 0.060425 0.0329625
-0.0780855 0.061125 0.0011125
-0.0237568 0.147872 -0.012854
-0.0827542 0.066375 -0.0058875
-0.0116472 0.067075 -0.0216375
-0.058273 0.05624 0.0105625
0.0406868 0.067582 -0.00179729
0.0257504 0.104875 -0.0254875
-0.079273 0.0660572 0.00706251
0.0412867 0.0796758 0.0120898
-0.0172962 0.185725 -0.0296875
-0.039723 0.0755927 0.0259625
0.0375525 0.106918 0.00753595
-0.068423 0.090525 0.0149653
0.046727 0.084225 -0.00725631
-0.040773 0.059725 0.0306663
-0.087323 0.142325 0.00961696
-0.001223 0.109075 -0.0338301
-0.040409 0.133225 -0.000637498
-0.022923 0.114325 -0.0128538
0.047777 0.098225 -0.00681734
0.053377 0.142675 -0.0281393
0.021177 0.076875 -0.0324552
0.075777 0.143725 -0.00790275
0.035877 0.139525 -0.0350595
-0.023623 0.082475 0.00926455
0.053027 0.106975 -0.00604204
0.0367638 0.0548621 -0.00516793
0.0341974 0.0557894 -0.00413272
0.0544242 0.149325 -0.0167375
-0.0947474 0.167875 -0.0037875
-0.067373 0.174132 0.000762504
-0.00262299 0.145125 -0.0239432
-0.00279069 0.192725 -0.0314375
0.094677 0.135325 -0.0108215
0.0351557 0.104028 0.0125655
-0.0454504 0.064975 0.0214125
-0.067023 0.166475 0.0135393
-0.098173 0.178098 -0.000987496
0.052327 0.0744211 -0.0244375
-0.0851635 0.096125 -0.000637498
-0.036923 0.0976489 -0.0121875
0.032377 0.0919328 0.0161625
-0.026423 0.148639 -0.0401875
-0.0292252 0.098575 -0.0093875
0.00687976 0.0603622 0.00472421
-0.030973 0.082125 0.0115202
-0.0227959 0.122374 -0.0159719
0.00231189 0.143025 -0.0307375
-0.0445426 0.0567718 -0.0115272
-0.068073 0.055875 0.00607682
0.0406595 0.079674 0.016207
0.0682092 0.073025 -0.0051875
0.005077 0.057975 0.0113087
-0.038615 0.186775 -0.0156875
-0.084873 0.059725 -0.0250914
-0.0804231 0.166994 0.00710921
-0.015923 0.065675 -0.0245044
-0.043223 0.183625 -0.035195
-0.0475688 0.057625 0.0235125
0.065277 0.135325 -0.0192863
-0.097473 0.142119 -0.0058875
0.070877 0.0583413 6.25029e-05
0.0257864 0.161225 -0.0209375
-0.086273 0.059725 -0.0259082
-0.028873 0.166475 -0.0411815
-0.00857299 0.062875 0.0180147
-0.047423 0.145125 -0.00223518
-0.050573 0.106975 0.00659396
0.0427001 0.0819273 0.0150924
-0.040172 0.106636 -0.0143389
-0.062473 0.169975 0.00547125
-0.081723 0.139707 -0.0079875
-0.020473 0.054825 0.025925
0.030277 0.0887789 0.0109125
-0.041473 0.056698 0.0326125
-0.047773 0.062875 0.0336309
-0.052673 0.115725 0.00642734
-0.091173 0.152125 0.00169671
-0.016623 0.118875 -0.0247328
0.050577 0.110475 -0.00328415
-0.0662328 0.143772 -0.0164814
-0.027473 0.171004 -0.0380875
-0.067373 0.165075 -0.023377
-0.036223 0.172775 -0.026403
-0.0262986 0.109674 -0.0128356
-0.00647299 0.140404 -0.0132375
0.081727 0.150725 -0.00766009
-0.0164695 0.057275 -0.0135875
-0.068423 0.0876376 -0.0324875
-0.013823 0.165455 -0.0093875
-0.0113676 0.118875 -0.0016875
0.0424585 0.110825 0.0140625
-0.015573 0.072325 -0.0285819
-0.0783006 0.140925 -0.0135875
0.079977 0.0940453 -0.0041375
0.0166364 0.064975 -0.0058875
-0.042873 0.101375 -0.0135705
-0.022923 0.076175 -0.0363404
-0.0682965 0.0702724 -0.0244668
0.057927 0.054125 -0.00932598
-0.031323 0.0589717 0.0238625
0.039027 0.102425 -0.00238329
0.037821 0.056575 -0.0471875
0.00717701 0.0655345 0.0123125
-0.0900724 0.15303 0.014798
0.0124019 0.079322 -0.0133478
0.0176788 0.057975 -0.0107875
-0.030973 0.163644 -0.0405375
-0.065623 0.17698 -0.0174375
0.051999 0.059375 -0.0289875
-0.097473 0.148275 -0.00291841
-0.049173 0.141975 -0.00411912
-0.033423 0.120975 -0.0126476
-0.0559416 0.076525 0.0252625
-0.047773 0.055525 -0.00162484
0.0333869 0.064625 -0.0359875
-0.063173 0.0707 0.0333125
-0.029573 0.093325 0.0036849
0.026077 0.088075 -0.00330755
0.0454276 0.085625 -0.0247875
-0.045323 0.181001 -0.0132375
-0.091523 0.141275 -0.0078314
-0.068035 0.069875 0.0168625
-0.016623 0.058675 -0.0175826
-0.000872985 0.087375 -0.0261208
-0.0580582 0.160486 -0.0147299
0.0245301 0.0613534 0.00787132
-0.0537897 0.121675 -0.0247875
0.0423409 0.0587231 0.00494791
0.066677 0.068475 0.025464
-0.090123 0.139232 -0.0069375
-0.0818605 0.100675 -0.0146375
-0.048473 0.090525 -0.0186062
0.073327 0.141625 -0.00754992
-0.041823 0.166222 0.0028625
-0.070173 0.145459 -0.0191875
-0.092923 0.171025 0.00252162
0.093277 0.136375 -0.0121644
0.00571988 0.0952831 -0.0211877
0.064927 0.110264 -0.0128875
0.0787013 0.150025 -0.0083375
-0.074023 0.171927 -0.0083375
-0.000542834 0.082475 -0.0212875
-0.057573 0.125371 -0.0233875
-0.0684312 0.056575 -0.0142875
-0.064923 0.070575 -0.0315124
0.046446 0.158425 -0.0205875
0.0272581 0.0658147 0.0119855
-0.00892299 0.126925 -0.00370623
0.052327 0.153389 -0.0188375
-0.050573 0.154925 0.00476345
-0.0260898 0.101607 -0.00669713
-0.080673 0.140204 0.0014625
-0.050573 0.153875 -0.0293667
0.053727 0.068825 -0.0244084
-0.050573 0.0897024 -0.0212875
0.0379457 0.0958549 0.0143078
-0.089073 0.059725 -0.0290217
0.0728969 0.113275 -0.0156875
-0.0235898 0.053775 0.0014625
-0.030623 0.171375 -0.0412185
-0.0202691 0.078975 -0.0349375
-0.072973 0.139661 -0.0174375
0.070177 0.066725 -0.00719907
-0.0542228 0.145122 -0.0197774
-0.042523 0.106022 -0.0153375
0.035177 0.141275 -0.0349416
-0.0631675 0.056225 0.0329625
-0.067023 0.0932498 -0.0296875
0.0477619 0.0919758 0.0205087
0.0649531 0.102775 -0.0034375
0.035877 0.062175 -0.0269881
-0.078923 0.140455 0.00181251
-0.079973 0.141258 0.00706251
0.020477 0.059725 -0.0236668
-0.0732601 0.094025 -0.0230375
-0.073323 0.152253 0.0028625
-0.049523 0.102075 -0.0186908
-0.016273 0.154417 -0.0079875
-0.021523 0.137425 -0.0208186
-0.057573 0.131105 -0.0023875
-0.0492275 0.144802 0.00638188
0.050227 0.146073 -0.0286375
0.011377 0.0635609 0.0172125
-0.057923 0.160224 -0.0272375
0.076477 0.087025 -0.00217475
0.038327 0.0534218 0.0077625
0.056177 0.116369 -0.0300375
0.0346985 0.10033 0.0147385
-0.0252507 0.14481 -0.0103852
0.020477 0.056575 0.0194768
0.00612701 0.062525 0.0151464
0.055827 0.14663 -0.0156875
0.001927 0.0903859 -0.0044875
-0.014523 0.099275 -0.0327256
-0.0175383 0.055525 -0.0044875
-0.00760861 0.145125 -0.0209375
-0.082423 0.167758 0.0154625
-0.040073 0.0728671 -0.0303875
-0.00542299 0.193425 -0.0291214
0.065977 0.137472 -0.0177875
0.00332701 0.103475 -0.0304842
0.055127 0.0664867 -0.0244375
0.028901 0.105225 -0.0296875
-0.0634948 0.162067 -0.000605548
-0.0992237 0.148625 0.0161625
-0.072973 0.115735 0.0028625
-0.0587348 0.160875 0.0021625
0.074727 0.097525 -0.0076173
-0.038673 0.119953 -0.0237375
-0.025023 0.160875 -0.0137561
-0.052323 0.0585915 -0.0265375
-0.082073 0.103262 0.0011125
-0.0275269 0.131125 -0.0156875
-0.083869 0.070925 0.0032125
-0.0690302 0.082825 -0.0324875
-0.0279035 0.171725 -0.0030875
0.048585 0.151775 -0.0163875
0.0618309 0.140225 -0.0202375
-0.0269783 0.151075 -0.0370375
0.0737561 0.077925 0.0235125
-0.089773 0.179075 -0.00134961
-0.0856039 0.159366 -0.00900268
-0.0231866 0.148563 -0.00973864
-0.0943262 0.167525 -0.0044875
-0.0722098 0.147225 0.0123125
0.051977 0.109775 -0.00414087
-0.057223 0.160053 0.0042625
-0.0206586 0.135906 -0.022282
-0.0793527 0.153208 0.0104781
-0.071223 0.084225 0.0153782
-0.053023 0.081775 -0.0346697
-0.052673 0.0569177 -0.0345875
-0.050573 0.056575 -0.0229394
0.0531477 0.066375 -0.0286375
-0.00672056 0.068125 -0.0114875
0.053727 0.054626 0.0123125
-0.00787299 0.067998 -0.0023875
0.090127 0.147225 -0.00462197
0.033391 0.097525 0.0193125
-0.0562115 0.161689 -0.00809485
0.0379228 0.115418 0.00627427
0.065277 0.054825 -0.0195595
-0.077173 0.067075 -0.031655
-0.036923 0.147925 -0.0368144
-0.027473 0.163321 -0.0254875
0.0173287 0.065325 0.0021625
0.019077 0.0926261 -0.0100875
-0.023973 0.132465 -0.0191875
-0.085923 0.170327 0.0151125
0.036227 0.062875 -0.0492211
-0.062823 0.093325 0.0148993
0.0391447 0.0643901 -0.00396693
0.0657003 0.122025 -0.0100875
-0.031673 0.0874695 0.0091625
-0.0334274 0.11536 -0.0163348
0.0261108 0.055525 0.0032125
0.0690459 0.118875 -0.0041375
0.033777 0.0552578 0.0256125
0.038327 0.161512 -0.0202375
-0.018023 0.105225 1.39326e-05
-0.082423 0.139779 0.0193125
-0.079273 0.147775 -0.0100875
-0.0204039 0.157725 -0.0114875
-0.056873 0.091575 0.0187028
-0.082773 0.068465 -0.0258375
0.055477 0.0804808 0.00181251
-0.046023 0.125175 -0.0268324
-0.0572905 0.135325 -0.0100875
0.055827 0.15004 -0.0202375
0.0176144 0.119575 -0.0167375
0.024327 0.159825 -0.0225464
0.029227 0.078155 -0.0338875
0.0821938 0.148625 -0.00728749
0.050927 0.094025 -0.00947506
-0.025023 0.171977 -0.0412375
-0.040073 0.084575 0.0200942
-0.0838818 0.063575 -0.0335375
-0.044273 0.0533784 -0.0167375
-0.064223 0.139175 -0.0212849
-0.0673429 0.068475 0.0207125
-0.013823 0.066025 0.019706
-0.0566267 0.100325 -0.0212875
-0.069823 0.099625 0.0121623
0.0432856 0.054825 -0.0177875
-0.050223 0.0926367 0.0182625
0.0451483 0.0917739 0.0180377
0.036577 0.130775 -0.00325498
-0.060723 0.174175 0.00547309
-0.00612299 0.189208 -0.0303875
-0.089773 0.140057 -0.0055375
0.029577 0.057975 0.0232636
0.018377 0.120768 -0.0167375
-0.075773 0.152065 0.00181251
0.012077 0.120292 -0.0314375
-0.060373 0.088425 0.018176
0.059677 0.0541651 -0.0041375
-0.072273 0.0692194 -0.0303875
0.0304736 0.075475 -0.0401875
0.016977 0.062175 -0.00662085
0.0647046 0.110591 -0.00785614
0.00927702 0.057625 0.0259911
0.064227 0.0911179 0.0091625
0.061077 0.0732362 0.0249125
-0.095023 0.166475 -0.0103157
-0.0495114 0.104175 0.0049625
-0.036573 0.178725 -0.00217666
0.038327 0.0734959 0.0259625
0.052327 0.078275 -0.00186943
-0.057223 0.078975 0.0211709
-0.082773 0.0814853 -0.0163875
-0.071923 0.112575 -0.0191702
-0.0833128 0.149981 0.0114009
-0.0217693 0.088425 0.0074125
0.030277 0.148975 -0.0340363
-0.044273 0.152125 -0.0344648
-0.0286958 0.092275 0.00531251
-0.029573 0.087375 -0.0293043
0.077877 0.0908345 0.0175625
0.0333045 0.0589923 0.000197537
0.0314843 0.114675 -0.00903749
-0.069123 0.0605153 -0.0205875
0.022927 0.0547386 -0.0016875
-0.045673 0.168225 0.0026837
-0.068073 0.157725 -0.0166794
0.056527 0.054475 -0.00762405
0.067377 0.115375 -0.0160186
-0.0167031 0.166125 -0.00903749
-0.0282748 0.155275 -0.0335375
-0.084523 0.159532 -0.0128875
0.00436428 0.097875 -0.0261875
-0.037973 0.0605638 0.0133625
0.062477 0.113625 -0.0176679
-0.0255763 0.145776 -0.00832061
0.0212563 0.101375 -0.0188375
0.035177 0.0836175 0.0291125
-0.0185045 0.157355 -0.00869757
-0.0184634 0.080025 -0.0328375
0.010327 0.112575 -0.00884817
-0.0363218 0.112575 -0.0125375
-0.053723 0.137425 -0.0215333
-0.0482361 0.160541 0.0020229
0.055477 0.0712799 -0.00728749
-0.037973 0.154575 0.000140641
-0.0258149 0.181175 -0.0268875
-0.070173 0.179075 -0.00449385
0.073677 0.116075 -0.0167468
0.065277 0.104095 -0.0037875
0.0146819 0.067075 -0.00903749
0.053377 0.116075 -0.00336655
-0.022923 0.096825 -0.0293487
-0.081373 0.167274 0.0077625
0.018377 0.079325 -0.0313042
-0.013123 0.078975 -0.0299508
-0.0604783 0.141949 -0.0213337
0.0695518 0.072675 -0.0023875
0.037977 0.0829089 0.0109125
0.00847609 0.0630766 0.0101769
-0.0432208 0.057275 0.0287625
0.065627 0.0549367 -0.000287496
0.0408839 0.0942673 0.0138401
0.024327 0.056924 0.0123125
0.047777 0.135675 -0.00295326
-0.0846866 0.179075 0.0067125
0.047077 0.151754 -0.0247875
0.0841428 0.095775 0.0046125
-0.014173 0.138125 -0.0196818
-0.0294561 0.168575 -0.0352875
-0.015223 0.092275 -0.0324334
0.0425369 0.0606951 -0.0064338
-0.0884417 0.168225 0.0126625
0.046027 0.0947832 -0.0065875
0.039377 0.145825 -0.00377823
0.00402701 0.107675 -0.0316641
0.051277 0.067425 0.0235108
-0.046373 0.181601 -0.0349375
-0.032023 0.055875 0.00891556
0.0342068 0.062525 0.0203625
0.039027 0.064275 -0.0456204
0.044627 0.074471 0.0158125
-0.046373 0.180008 -0.0373875
0.059677 0.081075 0.020721
-0.00542299 0.087725 0.00307559
0.093977 0.147072 -0.0069375
-0.0357035 0.088075 0.0095125
0.074377 0.094025 0.0173048
0.064927 0.112368 -0.0146375
-0.0693215 0.151756 -0.00905914
-0.0875239 0.152665 0.0144044
0.0705017 0.098575 -0.0062375
-0.00367299 0.121316 -0.0338875
-0.0680145 0.139525 -0.0202375
-0.0382455 0.070225 -0.0328375
0.00587079 0.095425 -0.0097375
0.0551616 0.132175 -0.0307375
0.0644901 0.113716 -0.00955075
-0.045673 0.180825 -0.0128464
0.0329942 0.0614529 0.0168211
0.0153179 0.086325 -0.0111375
0.050927 0.139875 -0.0311594
-0.050573 0.0537117 -0.0132375
0.0790399 0.115375 -0.0069375
0.028527 0.067775 0.0222045
-0.0913532 0.141975 0.0217625
-0.078573 0.113317 -0.0030875
0.075427 0.123425 -0.00931351
-0.0374728 0.169975 -0.000287496
0.0466976 0.085625 0.0249125
0.046027 0.151163 -0.0265375
-0.043923 0.0661192 0.0235125
0.0410807 0.0653714 -0.00267191
0.018727 0.063399 0.0179125
-0.0792049 0.067425 -0.0160375
-0.00857299 0.140409 -0.0219875
0.0398055 0.077925 0.0056625
-0.046373 0.178725 -0.00680934
0.0550581 0.069525 -0.0230375
-0.100273 0.157375 0.00656592
0.051277 0.144778 -0.0282875
-0.032373 0.0586521 0.0224625
-0.041123 0.181875 -0.0343332
-0.058273 0.153161 -0.0261875
0.0244093 0.106069 -0.0155311
-0.001619 0.076875 -0.0156875
0.0770351 0.123075 -0.0128875
-0.044973 0.0788148 -0.0289875
-0.0128264 0.065325 0.0025125
0.042177 0.108725 -0.00203067
0.0134059 0.069175 -0.0107875
-0.075773 0.095075 -0.0209356
0.00472701 0.119925 -0.00103122
-0.025723 0.128675 -0.0177583
-0.071573 0.073025 -0.0219508
-0.043223 0.172425 -0.0367212
-0.029573 0.137075 -0.0068785
0.022441 0.098225 -0.0100875
0.037277 0.064975 -0.0328531
0.083477 0.094725 0.00912215
0.0159259 0.072675 0.0046125
-0.00338739 0.075825 -0.0191875
-0.035173 0.174032 -0.0342375
0.033427 0.070575 -0.0394608
-0.043223 0.066025 0.022957
-0.075773 0.082825 -0.0218356
-0.064223 0.159601 -0.0254875
0.056527 0.134975 -0.00717832
-0.0586766 0.155928 -0.00785477
-0.079273 0.173019 0.0084625
0.016277 0.060425 -0.0169706
0.079977 0.103125 0.00842318
0.0415972 0.103825 0.0249125
-0.0225799 0.111875 -0.0195375
-0.051273 0.059375 0.0142326
0.0485006 0.091225 0.0245625
0.00717701 0.148625 -0.0085174
-0.00825313 0.066375 0.0161625
0.083127 0.101725 0.0041816
0.019777 0.080025 0.00881607
-0.0291762 0.150381 -0.034073
-0.0269308 0.178756 -0.022154
0.034127 0.059725 -0.0424067
-0.000864163 0.127975 -0.0338875
0.036927 0.065614 -0.0317875
-0.043923 0.055727 -0.0125375
-0.0808845 0.140925 0.0175625
-0.046023 0.0549164 0.0021625
-0.068773 0.158775 -0.0230442
-0.02827 0.148801 -0.0375469
-0.068773 0.177657 -0.0132375
-0.056873 0.066725 0.0373125
-0.039023 0.0637195 -0.0387875
-0.068423 0.179367 -0.0062375
0.0254471 0.056925 -0.0240875
-0.050223 0.069175 -0.0352003
0.010677 0.0660057 0.0046125
-0.085573 0.074075 -0.00692338
-0.0852378 0.165843 0.013197
0.0407481 0.0796734 0.014839
0.069127 0.104525 0.0071668
0.0463902 0.151425 -0.0132375
0.035177 0.087025 0.0274505
0.0512952 0.090175 -0.0104375
-0.030623 0.071625 -0.0383586
0.041477 0.073375 -0.0339057
-0.017673 0.0578279 -0.0174375
0.0509655 0.144775 -0.0286375
0.0124243 0.111175 -0.0177875
0.0645913 0.0941019 -0.000425628
-0.027123 0.103851 -0.0177875
0.045327 0.0604613 -0.0237375
-0.0870501 0.077225 -0.0058875
-0.101673 0.142675 0.000977639
-0.073673 0.152125 -0.00130982
-0.041823 0.053075 -0.0329349
-0.025723 0.166977 -0.0408875
-0.016623 0.071275 -0.0286021
-0.065273 0.065675 -0.0339741
-0.016973 0.0615425 0.0042625
-0.033773 0.168207 -0.0408875
-0.029923 0.158425 -0.0413108
-0.045673 0.057975 -0.0389824
-2.1711e-05 0.154575 -0.0205875
0.011377 0.151425 -0.0089664
-0.075189 0.117475 -0.0104375
-0.0195391 0.181712 -0.0266404
0.0468599 0.083175 -0.0289875
0.0501834 0.103475 -0.0307375
0.046727 0.0826337 -0.0223375
0.0456505 0.073025 0.0186125
-0.0463171 0.167875 0.00356251
-0.054423 0.098575 -0.0205565
-0.0964972 0.153353 0.0014111
-0.0823569 0.147772 -0.00684652
0.0463461 0.079325 -0.0177875
-0.00297299 0.144425 -0.0142996
-0.020823 0.078275 -0.0355036
-0.0593861 0.143745 -0.0205322
-0.0254069 0.057625 0.0256125
0.037627 0.0589066 -0.0489375
-0.044973 0.180137 -0.0314375
-0.063873 0.14477 0.0067125
-0.034823 0.122043 -0.0219875
0.0473273 0.076875 -0.0307375
-0.0120203 0.055525 0.0182625
0.0338645 0.064734 0.0170532
-0.096073 0.179282 0.000762504
-0.050223 0.0887916 -0.0223375
0.0373474 0.0744795 0.016637
-0.00402299 0.0800195 -0.0244375
0.047443 0.0741864 -0.000807376
0.030388 0.057625 -0.0482375
0.0376277 0.131825 -0.0027375
0.034477 0.0621883 -0.0394875
-0.0183503 0.115025 -0.0251375
-0.085223 0.169275 0.0085924
0.023277 0.153421 -0.0079875
0.045677 0.103125 -0.0332251
-0.048823 0.163325 -0.0324529
-0.0278471 0.144425 -0.0048375
0.0490124 0.059025 -0.0261875
-0.090473 0.144075 0.0145245
-0.0708715 0.139875 -0.0167375
0.086977 0.146945 -0.00728749
0.036227 0.0833964 0.00881251
-0.070523 0.170481 0.0063625
0.058977 0.075475 0.0239122
-0.071223 0.167875 0.0148623
-0.0339466 0.181875 6.25029e-05
-0.084594 0.098925 -0.0107875
0.067027 0.089475 0.0189365
-0.00437298 0.150025 -0.0192252
-0.0346947 0.175851 -0.00688159
0.0418766 0.0829118 0.0163309
0.00110061 0.096475 -0.0289875
0.036227 0.161289 -0.0195375
-0.0576021 0.142979 0.0074761
0.033777 0.108025 -0.0040639
0.0347365 0.0645097 0.0164208
-0.085223 0.167175 0.0134258
-0.028173 0.056225 -0.0399794
0.070177 0.128325 -0.0198974
-0.0464264 0.059025 0.0259625
-0.0801757 0.150264 0.00900028
0.0454071 0.0932064 0.0161651
-0.0312947 0.091575 -0.0254875
0.055477 0.105225 -0.0261904
-0.078923 0.141975 -0.0141628
0.00576703 0.146525 -0.00728749
-0.0777931 0.147974 -0.010003
-0.070873 0.117825 0.00328097
0.036227 0.155975 -0.0150697
0.030627 0.149325 -0.00458147
-0.100217 0.153525 0.0067125
0.046727 0.0804222 -0.0310875
0.089777 0.137775 -0.00730466
-0.0215359 0.062525 -0.0261875
-0.0207959 0.072675 -0.0359875
0.0125034 0.071625 -0.0198875
0.0465362 0.0748577 -0.00265696
0.034827 0.064975 -0.0443931
0.030277 0.082825 0.00218469
-0.040773 0.059025 0.0123855
-0.0540614 0.140925 -0.0139375
-0.087673 0.151395 0.000762504
-0.0456469 0.072675 0.0315625
0.021877 0.0552667 -0.0177875
0.00543162 0.100675 -0.0261875
-0.018373 0.064975 0.0200593
0.0278732 0.084225 0.00181251
-0.0434815 0.067075 0.0256125
-0.084523 0.145102 -0.0100875
0.0130213 0.0646355 0.00163387
-0.00505839 0.087025 0.0028625
0.0420271 0.0818224 0.0161491
0.053377 0.147925 -0.0229851
0.052677 0.095425 -0.014913
-0.0402393 0.173825 -0.0286375
-0.0234819 0.069875 -0.0366875
-0.062123 0.119529 -0.0219875
0.0356079 0.0550093 0.00077468
0.0282025 0.107325 -0.00903749
0.053377 0.075825 -0.00206038
0.0220331 0.080725 0.0119625
0.0425018 0.086675 0.0301625
0.072383 0.069875 -0.0027375
0.020127 0.087025 -0.00619931
-0.055123 0.0871108 -0.0314375
0.00612701 0.139875 -0.0334719
0.014877 0.152142 -0.0086875
-0.018373 0.120975 -0.0112825
0.047777 0.119575 -0.0340054
0.0403326 0.0660529 -0.00101953
-0.0386636 0.060775 0.0133625
0.0381856 0.091575 0.0301625
-0.043573 0.098225 -0.0065247
0.021183 0.059025 -0.000987496
-0.0113163 0.094725 0.00531251
0.031327 0.0759528 -0.0356375
0.0901912 0.143375 -0.0114875
-0.068773 0.173027 -0.0226875
-0.0223054 0.062525 -0.0349375
-0.028873 0.053075 -0.0149875
0.0382867 0.0755576 0.0138295
0.005427 0.156369 -0.0212875
0.035877 0.136725 -0.0348716
0.030277 0.122375 -0.0213635
-0.0831403 0.180475 0.0039125
-0.011723 0.063225 0.00833838
0.047427 0.080375 -0.00519573
0.0784466 0.113275 -0.0107875
-0.036223 0.150375 -0.0372026
-0.015923 0.059375 0.000717696
-0.0467799 0.166825 -0.0352875
0.047777 0.073375 0.0194267
-0.0581149 0.134625 -0.0139375
-0.063173 0.118875 0.00564994
-0.037623 0.147225 -0.037197
0.036227 0.158775 -0.0181885
-0.100273 0.151075 0.0095419
0.013127 0.0689442 -0.0118375
-0.046023 0.070575 -0.0361279
0.052327 0.097875 -0.00990393
-0.073323 0.083175 -0.027578
0.095027 0.135325 -0.00983299
-0.0791561 0.062525 -0.0174375
0.062827 0.0538806 0.0147625
-0.036923 0.080375 -0.0289942
0.019777 0.0639596 0.0126625
0.028527 0.0706169 -0.0447375
-0.084873 0.060775 -0.0308588
-0.0904681 0.152803 0.0117641
0.00332701 0.154225 -0.0216231
-0.017673 0.166443 -0.0104375
-0.0360478 0.110746 -0.0142432
-0.0594683 0.156677 -0.0227763
0.00301684 0.137425 -0.0335375
-0.052673 0.057275 -0.0229531
0.0389339 0.0681824 0.0167565
-0.00997521 0.069525 0.0172125
0.068427 0.131825 -0.01325
-0.00798808 0.078625 0.00356251
0.018727 0.0647312 -0.000637498
-0.058973 0.0925596 -0.0244375
-0.0289469 0.177619 -0.0206494
0.025727 0.0645874 0.0200125
-0.0892859 0.171382 0.00258524
0.043927 0.139262 -0.0030875
0.046377 0.0940546 -0.00728749
0.045327 0.0805225 -0.0051875
-0.067723 0.0769865 0.0193125
0.036927 0.0612693 -0.0261875
-0.0215335 0.089125 0.00706251
0.00787701 0.158942 -0.0202375
-0.051973 0.076875 -0.035973
-0.039023 0.0534579 -0.0205875
0.068077 0.119925 -0.0179055
0.026427 0.160875 -0.0224129
0.0377919 0.0899157 0.0121999
0.0513072 0.075475 -0.0062375
-0.016623 0.125525 -0.020516
-0.070173 0.12034 0.000412505
-0.029223 0.0702951 0.0210625
0.070177 0.100926 0.0112625
0.0419927 0.112925 0.0116125
-0.073323 0.108038 -0.0195375
-0.065973 0.0699136 0.0217625
0.0479278 0.0996119 0.0186271
-0.018373 0.103139 0.0011125
0.00577702 0.154557 -0.0223375
-0.057923 0.169495 0.0056625
-0.044973 0.0536774 0.0074125
-0.0374426 0.121325 -0.0041375
-0.0764478 0.060425 -0.0384375
0.080327 0.151045 -0.0093875
-0.0683812 0.075125 0.0193125
-0.051623 0.121804 0.0046125
-0.00369026 0.077925 -0.0219875
0.046027 0.0999474 -0.0321375
-0.0324268 0.073725 -0.0300375
0.034477 0.074775 0.0274491
-0.100172 0.149675 0.0133625
0.048827 0.096825 -0.0279481
0.037977 0.087375 0.0310127
0.037977 0.099625 -0.0346448
-0.0314959 0.121325 -0.0149875
0.091177 0.136375 -0.00747876
-0.0917712 0.147575 0.0203625
-0.026773 0.0860593 -0.0314375
-0.060373 0.060775 -0.0228924
0.0565214 0.112225 -0.0289875
0.0179951 0.0717245 -0.0377316
-0.047773 0.132875 0.000499211
0.0409073 0.0659983 0.0132423
0.0803273 0.082125 0.00181251
-0.0792899 0.167875 -0.0111375
-0.039373 0.16843 -0.0370375
-0.027123 0.186486 -0.0244375
-0.046023 0.064975 -0.0374351
0.0345175 0.113275 0.00881251
-0.061423 0.168461 0.0060125
-0.0618754 0.146175 -0.0233875
-0.081723 0.163328 0.0116125
-0.063523 0.055175 0.0319007
0.0662034 0.137075 -0.0170875
-0.095723 0.174525 -0.00661146
-0.041473 0.094725 -0.0132495
-0.062473 0.0533123 -0.0037875
-0.0629272 0.091225 0.0158125
-0.0590901 0.162148 -0.00911028
-0.0639071 0.072325 0.0364625
-0.0811044 0.073025 0.0091625
0.005427 0.0553448 0.0109125
-0.00612299 0.0966524 -0.0328375
-0.066673 0.169897 0.0039125
-0.023273 0.174875 -0.00771919
-0.098173 0.14349 6.25029e-05
0.0658762 0.124758 -0.0123658
-0.027473 0.170912 -0.0391375
-0.020823 0.075475 -0.0359055
-0.0775416 0.078625 -0.0205875
-0.039723 0.172075 0.00106387
0.017677 0.0573785 0.0196625
-0.06765 0.150089 -0.0117739
-0.060373 0.165102 0.0109125
0.045677 0.0804416 -0.0321375
-0.027123 0.0987317 -0.0034375
0.047427 0.153875 -0.0226567
-0.0277992 0.077575 -0.0317875
-0.021523 0.090875 0.00619399
-0.0805988 0.074775 0.0109125
0.048127 0.152306 -0.0230375
-0.079273 0.060075 -0.0183195
-0.0805282 0.160386 0.0116702
-0.0694264 0.166125 -0.0184875
0.079977 0.151335 -0.0086875
0.00297701 0.055175 0.0227519
0.057927 0.109055 -0.0251375
0.028177 0.0528484 6.25029e-05
-0.077523 0.143062 -0.0149875
-0.028173 0.0975164 -0.0027375
-0.036923 0.117125 -0.0105196
0.048127 0.127275 -0.0339732
-0.096423 0.138475 -0.0072958
-0.036223 0.069875 0.0268607
-0.0566538 0.155404 0.00331894
0.054077 0.102425 -0.0255874
-0.0380682 0.083525 0.0200125
-0.0927962 0.14981 -0.000506249
-0.0104464 0.070225 0.0021625
-0.0445967 0.102775 -0.0149875
-0.021523 0.075475 0.00994619
0.0338278 0.0561221 -0.0047594
-0.080323 0.0631251 -0.00903749
-0.0800084 0.15385 0.0115175
-0.044273 0.065781 0.0228125
-0.0326984 0.0949171 -0.00556187
0.065277 0.0580919 0.0196625
0.0260249 0.084925 0.0147625
-0.027473 0.185725 -0.0257137
-0.091873 0.144412 0.0168625
-0.038673 0.132525 -0.00098056
0.0479752 0.081075 -0.0058875
-0.0672725 0.169625 -0.0216375
-0.053723 0.105925 -0.0222578
0.0641426 0.118486 -0.0117597
0.0178193 0.160175 -0.0205875
-0.061423 0.161399 0.0021625
-0.0434543 0.187475 -0.0191875
-0.0780421 0.171725 0.0109125
-0.040423 0.0530335 -0.0380875
-0.0562343 0.144214 -0.0140586
-0.053676 0.131125 -0.0240875
-0.083823 0.16325 -0.0167375
-0.056523 0.150722 0.0074125
-0.0754201 0.117475 -0.0055375
-0.049873 0.0534603 -0.0174375
-0.0879126 0.058325 -0.0356375
-0.0515169 0.141204 -0.0256826
-0.00857299 0.188175 -0.0275237
-0.0499035 0.164725 -0.0328375
-0.085573 0.062175 -0.0302104
-0.019773 0.182976 -0.0219875
-0.083823 0.173178 0.0140625
-0.001223 0.134975 -0.00331626
0.040077 0.106275 0.0201109
-0.074723 0.141842 -0.0114875
0.044977 0.06182 -0.0279375
-0.032373 0.098925 -0.0115093
-0.0911312 0.144075 0.0172125
-0.050923 0.0766608 0.0315625
-0.0392856 0.106196 -0.0123546
-0.051623 0.084925 -0.0307771
0.0378937 0.0904468 0.0123226
-0.013823 0.087025 0.00937152
0.0586839 0.066725 -0.0198875
0.021527 0.0631011 0.0207125
0.0632051 0.123394 -0.0131308
0.046377 0.122025 -0.0341784
-0.00986645 0.095075 0.0042625
-0.018677 0.131211 -0.0190336
0.090127 0.134625 -0.00847937
-0.086623 0.168575 -0.00252107
-0.039023 0.15503 -0.0373875
0.074027 0.058325 -0.00768156
-0.022573 0.148535 -0.0184875
0.025027 0.0637405 0.0200125
0.085577 0.130445 -0.0146375
-0.039723 0.13215 -0.000637498
-0.046373 0.180483 -0.0111375
0.060727 0.0543704 -0.0223375
0.0595117 0.144425 -0.0167375
0.0450498 0.146175 -0.0058875
0.0671999 0.131475 -0.0184875
0.0528882 0.103825 -0.0282875
-0.014523 0.136725 -0.0203107
-0.071223 0.143174 0.0098625
0.043227 0.057975 -0.0206391
-0.079273 0.063575 -0.0115205
0.0131926 0.0856577 -0.0168853
0.0710613 0.054125 -0.0097375
0.024327 0.0570313 0.0119625
-0.07374 0.169625 -0.0139375
-0.0327176 0.144425 -0.0027375
0.048827 0.076175 -0.0105381
-0.035873 0.164725 -0.000861309
-0.014873 0.174662 -0.0086875
-0.028873 0.0727372 -0.0356375
-0.000864461 0.079325 -0.0170875
-0.0430794 0.065675 0.0319125
-0.0787531 0.061475 0.000762504
-0.059673 0.153175 0.00716274
0.0429729 0.069664 -0.00140584
-0.039373 0.053674 -0.0268875
-0.031673 0.0816709 -0.0300375
-0.0698563 0.175575 -0.0016875
-0.099573 0.157025 0.00617516
0.071577 0.117375 -0.0020375
-0.0868943 0.062875 -0.0293375
0.042177 0.148375 -0.0314375
0.086277 0.128811 -0.0111375
-0.0874462 0.091225 -0.0027375
-0.077173 0.0592418 -0.0377375
0.076477 0.111875 0.00167173
0.048127 0.0700437 -0.0300375
-0.050923 0.0586295 0.0350625
-0.04899 0.179425 -0.0356375
0.00297701 0.112917 -0.0338875
-0.00367057 0.139175 -0.0279375
0.00262702 0.139525 -0.0324801
-0.038048 0.090175 -0.0195375
-0.00647299 0.122725 -0.000959318
-0.029923 0.103825 -0.0152018
0.022227 0.0911211 -0.0317875
-0.0293824 0.101375 -0.0167375
0.028877 0.12359 -0.0156875
-0.077523 0.062875 -0.0144905
-0.032023 0.089825 -0.0268289
0.0458625 0.0936087 0.0178445
0.055477 0.0529745 -0.000987496
-0.086717 0.088775 -0.000637498
-0.080323 0.160384 -0.0111375
-0.0604402 0.145193 -0.0167786
-0.016273 0.068825 -0.0271275
0.0348192 0.145475 -0.0345875
-0.0628437 0.072325 0.0298125
-0.0323009 0.116479 -0.0149427
-0.051623 0.139194 -0.0051875
0.081027 0.148625 -0.00665564
0.016277 0.069643 -0.0041375
-0.0851301 0.142325 -0.0107875
0.048127 0.0761858 -0.0153375
0.037977 0.147575 -0.0331832
0.00498386 0.059725 0.0242125
0.026077 0.0687281 -0.0370375
0.038327 0.066375 -0.0412622
0.061427 0.111525 -0.0178438
-0.076732 0.16547 0.00535558
0.0432017 0.0617519 -0.00596797
-0.091523 0.179316 0.0011125
0.036577 0.058325 -0.0240555
-0.043923 0.077575 -0.0288899
-0.074373 0.105261 0.0091625
0.0346052 0.0919165 0.0130179
-0.036923 0.094446 -0.0146375
-0.061773 0.111525 0.00918937
-0.049873 0.0842615 -0.0293375
0.014527 0.081775 -0.0100397
-0.0797485 0.065325 -0.0135875
0.022927 0.157375 -0.0177179
-0.059673 0.095775 0.0145056
-0.0816696 0.149665 0.00915128
-0.0720354 0.065325 -0.0366875
-0.0582191 0.15555 -0.00345753
-0.0194043 0.109425 -0.0272375
-0.0845275 0.101025 -0.0048375
0.0378874 0.0619077 -0.00102907
0.035877 0.160875 -0.0220612
0.0546128 0.150025 -0.0212875
-0.021873 0.110465 -0.0223375
0.0794497 0.109075 -0.0093875
-0.056523 0.176975 0.00123251
-0.067373 0.176725 0.0011125
-0.074723 0.149675 -0.00694831
0.027477 0.106975 -0.0258752
-0.076123 0.140575 -0.0121558
-0.026423 0.134975 -0.0242965
0.0384883 0.059025 -0.0478875
-0.039723 0.173895 -0.0377375
-0.00752299 0.108375 0.00198523
-0.028173 0.148275 -0.0285202
0.084177 0.134625 -0.0164115
0.043353 0.060729 0.0070317
-0.0408444 0.179775 -0.0128875
0.0215138 0.096125 -0.0097375
-0.10065 0.157725 0.00706251
-0.035523 0.073375 0.0221016
0.046727 0.087025 -0.00757326
-0.045673 0.055525 -0.0230621
-0.0560019 0.136025 -0.0079875
-0.030623 0.173825 -0.0362981
-0.0806947 0.160579 0.0111193
-0.0588728 0.056925 0.0354125
0.050643 0.141275 -0.0058875
-0.022573 0.162975 -0.0243402
0.0562115 0.106975 -0.0261875
-0.0971913 0.153525 6.25029e-05
-0.081723 0.167525 0.00777997
0.033777 0.0821166 0.0011125
-0.025723 0.0757655 -0.0356375
-0.0423936 0.136725 -0.000637498
0.013477 0.127266 -0.0041375
0.062127 0.055875 0.01876
-0.0843974 0.100325 -0.0100875
-0.032373 0.183975 -0.0169332
0.059677 0.107657 -0.0177875
0.0179714 0.123775 -0.0107875
-0.0803521 0.109425 -0.0013375
-0.022223 0.077925 0.0101674
0.0369165 0.072675 -0.0370375
-0.0183851 0.155625 -0.0069375
0.018377 0.147575 -0.0342483
0.0176416 0.063925 -0.0037875
-0.0429964 0.175575 -0.0307375
0.087677 0.144765 -0.0121875
-0.047423 0.171725 -0.0326365
-0.0860315 0.150456 0.0105347
-0.056605 0.123775 -0.0240875
-0.064393 0.067425 0.0340125
-0.076473 0.173981 -0.0051875
0.0356108 0.105182 0.0140842
0.0228317 0.061125 0.0032125
0.037977 0.143725 -0.0341432
-0.031323 0.175213 -0.0041375
0.0250405 0.159125 -0.0191875
-0.077523 0.169625 0.0162615
0.0641063 0.065675 -0.0132375
-0.0689412 0.0709247 -0.0226151
0.017677 0.081075 -0.0304534
0.0280673 0.083875 -0.000287496
-0.0356918 0.186425 -0.0174375
-0.0577205 0.075475 -0.0356375
-0.00845002 0.063925 0.0182625
-0.00179733 0.076875 -0.0062375
-0.046023 0.072325 -0.0357779
-0.060723 0.116307 0.0074125
-0.0424196 0.189575 -0.0205875
0.084177 0.131143 -0.0097375
0.037277 0.065553 -0.0300375
0.033077 0.117825 -0.0271467
-0.015223 0.0554023 0.0245625
-0.068073 0.16189 0.0067125
-0.0534003 0.160585 -0.0055144
0.030277 0.055875 -0.0497402
-0.011723 0.18599 -0.0261875
0.025377 0.055875 0.00252711
0.039377 0.141625 -0.0027372
-0.051273 0.144897 -0.0037875
-0.034473 0.0632058 0.0249125
-0.0971455 0.148275 0.0196625
0.054777 0.124125 -0.031518
-0.00857299 0.091225 -0.0322615
-0.0258774 0.069175 0.0203625
0.029577 0.0623178 -0.0433375
-0.0707533 0.149786 0.00809601
-0.050573 0.056225 0.0331797
0.025377 0.053533 6.25029e-05
0.0347372 0.101915 0.0149869
0.047077 0.0557362 0.0011125
-0.0268566 0.056225 0.0098625
0.0426019 0.0815784 0.014673
-0.022065 0.157375 -0.0219875
-0.014523 0.065325 0.0200332
-0.057923 0.0746951 0.0322625
-0.038323 0.178012 -0.0125375
-0.0253363 0.103125 -0.0223375
0.078577 0.114588 -0.0037875
0.074027 0.101375 -0.00959183
-0.0872838 0.086675 -0.0083375
-0.070523 0.074623 -0.0230375
-0.0347572 0.059025 0.0186125
0.04534 0.152825 -0.0153375
0.0161067 0.062175 -0.0195375
-0.040073 0.154225 -0.0365444
-0.067786 0.143375 -0.0104375
-0.036923 0.091225 -0.0181976
-0.050224 0.143725 -0.0051875
-0.014523 0.173125 -0.011499
0.0665709 0.081075 0.0025125
-0.047702 0.079325 0.0221125
-0.0500487 0.144001 0.00504464
-0.048823 0.118175 -0.0252593
0.033777 0.057625 -0.0502085
0.065977 0.0538032 -0.0093875
0.023977 0.0851664 0.0109125
-0.0855554 0.097525 -0.0086875
0.0221781 0.068125 0.0109125
-0.0098641 0.160875 -0.0107875
-0.088023 0.166301 -0.0146375
0.080327 0.0749328 0.0084625
-0.017673 0.114325 -0.0265643
0.0624544 0.059375 -0.0216375
-0.018723 0.057275 0.00202351
0.054077 0.150725 -0.0167347
-0.020123 0.109436 -0.0261875
-0.057223 0.175225 0.00518337
0.075777 0.137425 -0.0187056
0.0197437 0.126575 -0.00903749
-0.0375784 0.154225 -0.0373875
-0.055473 0.081075 -0.0357136
0.038327 0.110475 -0.0333794
0.026077 0.063225 0.0211341
-0.055823 0.172075 0.00438808
-0.030623 0.068125 0.0253868
-0.016623 0.166125 -0.00939249
0.0544015 0.104525 -0.0272375
0.054483 0.071275 -0.0135875
-0.085223 0.146962 -0.0086875
0.047077 0.149675 -0.0101127
0.013827 0.113877 -0.0230375
0.0142034 0.064996 0.00206521
0.027127 0.134975 -0.00383155
0.0617448 0.071275 -0.0037875
-0.0359139 0.128325 -0.0268875
-0.0799176 0.161214 0.0103997
0.019427 0.149325 -0.0334614
-0.00577299 0.124107 -0.0328375
-0.065623 0.143873 -0.0076375
-0.0687375 0.074775 0.0179125
-0.024673 0.172075 -0.040746
0.055127 0.0560805 -0.0247875
-0.019073 0.157862 -0.0062375
0.0500518 0.077225 -0.0272375
0.028527 0.055525 -0.0234755
0.0617582 0.108025 -0.0153375
-0.047773 0.164375 -0.033537
0.027827 0.0631601 -0.0429875
-0.0840237 0.064275 -0.0244375
0.060727 0.0538555 -0.0020375
-0.060723 0.075825 0.0219091
0.046377 0.0831045 -0.0300375
0.055827 0.0713107 -0.0177875
0.0400037 0.053425 0.0126625
-0.019073 0.060775 -0.0230659
-0.090473 0.166472 -0.0034375
-0.00577299 0.133952 -0.0051875
-0.0244758 0.139875 -0.0149875
-0.075423 0.104848 0.00881251
-0.074723 0.14125 -0.0037875
-0.023973 0.148275 -0.00427646
0.036229 0.0921179 0.0126226
-0.0349639 0.094375 -0.0065875
-0.022573 0.0910033 -0.0328375
-0.0411303 0.185025 -0.0370375
0.037277 0.148975 -0.00505892
0.076127 0.083525 0.0214675
0.030277 0.0708101 -0.0457875
0.046027 0.0749862 0.0158125
-0.074023 0.147925 0.0126295
0.010327 0.0632977 0.0256125
-0.0516213 0.090875 -0.0205875
-0.0358031 0.14478 -0.0316171
-0.0873993 0.159475 -0.0079875
-0.059323 0.130281 -0.0198875
-0.049523 0.0698818 -0.0356375
0.051631 0.073725 -0.0261875
-0.072273 0.078275 0.0150229
0.039727 0.0656467 -0.0433375
0.039727 0.084925 -0.0349867
0.073677 0.0618086 -0.0062375
-0.066323 0.054475 -0.0114646
-0.085923 0.0824529 0.0032125
0.076127 0.083525 -0.00183184
0.030977 0.125525 -0.0104073
0.0324856 0.0556142 -0.00403736
0.026077 0.142675 -0.00302017
0.0449874 0.148275 -0.00728749
-0.058973 0.057975 0.0126612
-0.0609556 0.127625 -0.0202375
0.034827 0.112925 0.00958953
0.043227 0.053001 -0.0153375
-0.048823 0.179075 -0.0320822
0.034827 0.139525 -0.0350047
-0.025023 0.132838 -0.0184875
-0.021173 0.11447 -0.0202375
0.0136748 0.114325 -0.0244375
-0.070873 0.120042 6.25029e-05
-0.016273 0.060425 0.00269655
-0.0559836 0.161576 -0.00776301
-0.053373 0.077225 -0.0360995
-0.080323 0.0627079 0.000412505
-0.086623 0.170853 0.000762504
-0.000872985 0.0796691 -0.0177875
0.021177 0.158425 -0.0239525
0.090127 0.138867 -0.0076375
-0.049173 0.065325 -0.0370428
-0.046723 0.0533423 -0.0174375
-0.065973 0.173125 -0.0224451
-0.0694082 0.163472 -0.00201141
0.0403636 0.0729477 0.0216772
-0.0410618 0.175575 -0.0345875
0.034477 0.108375 -0.0321464
-0.0340559 0.0996435 -0.0119698
0.014877 0.0667179 -0.0226875
-0.086973 0.139308 -0.0086875
-0.032723 0.184563 -0.0244375
-0.0425194 0.110475 -0.00728749
-0.0264491 0.114168 -0.0150744
-0.018023 0.119225 -0.0226069
-0.070873 0.156675 -0.0201329
-0.014873 0.0531402 0.0140625
0.0194603 0.0601011 0.00682072
-0.0567992 0.126925 -0.0233875
0.00682701 0.0653724 0.0126625
0.078541 0.149325 -0.0107875
-0.065973 0.143951 -0.0097375
0.0468867 0.087025 0.0221125
-0.0343669 0.058675 0.0175625
0.077877 0.128677 -0.0104375
-0.044973 0.0560395 0.0301625
-0.0255107 0.172425 -0.0041375
-0.0576286 0.154925 -0.0230375
0.048827 0.076875 -0.00846696
-0.0232392 0.117823 -0.0144317
-0.073323 0.117561 0.000762504
-0.050223 0.161575 0.00507854
0.044627 0.117125 -0.034093
-0.0624423 0.159832 -0.0168285
-0.063873 0.092275 -0.0307434
-0.00557887 0.095075 -0.0321375
-0.072623 0.118295 -0.0146375
0.092577 0.134902 -0.0086875
0.050577 0.074425 -0.0101395
-0.0790452 0.165775 -0.0153375
0.089777 0.142959 -0.0055375
-0.066725 0.151769 -0.0189796
-0.025023 0.0660782 0.0235125
0.068777 0.129725 -0.0111668
-0.068073 0.116429 0.0056625
-0.0541127 0.130425 6.25029e-05
-0.079273 0.150375 0.0130325
-0.081723 0.099829 -0.0153375
-0.000522986 0.079072 -0.0100875
-0.0865265 0.148117 -0.00249355
0.027477 0.0877285 0.0133625
-0.043573 0.0779204 0.0273625
-0.088023 0.179514 -0.0034375
-0.040773 0.19145 -0.0216375
0.0256904 0.0654448 0.0105862
-0.012423 0.095075 0.00627588
-0.061073 0.0542011 -0.0139375
-0.049861 0.101025 -0.0184875
-0.047423 0.160525 -0.0338952
0.067377 0.132875 -0.0179315
0.047077 0.0528378 -0.0118375
-0.032723 0.167215 -0.0300375
0.027827 0.0671998 -0.0380875
-0.00892299 0.072675 -0.0237178
-0.0694009 0.147575 -0.0191875
0.067027 0.115375 -0.0159992
-0.040727 0.0984666 -0.00939126
0.082777 0.091575 0.012098
-0.070523 0.141744 -0.0041375
-0.0905973 0.162275 -0.0058875
-0.0655702 0.159077 -0.016135
0.021527 0.0562248 0.0193125
0.0512637 0.106975 -0.0314375
-0.044973 0.0572534 0.0116125
-0.028873 0.055525 0.0221287
0.060727 0.143025 -0.0162113
-0.011373 0.112575 0.000761651
-0.067723 0.0687614 0.0165125
0.040427 0.057275 -0.0216853
0.057927 0.127989 -0.0293375
0.043227 0.075825 -0.032848
-0.0847401 0.160875 -0.0149875
-0.0245492 0.116679 -0.0139371
-0.023273 0.161575 -0.0430935
-0.067373 0.125525 -0.0058875
-0.067723 0.166755 -0.0216375
-0.014523 0.061125 0.00756602
0.0523066 0.106975 -0.0307375
0.002277 0.055175 0.0229171
0.066677 0.118472 -0.0062375
0.037627 0.0550064 -0.00903749
-0.0863468 0.148787 -0.00132322
-0.078923 0.067228 -0.0307375
-0.0407918 0.175225 -0.0261875
-0.045673 0.106275 -0.0183427
0.00262702 0.152475 -0.0225286
0.059327 0.055525 -0.0240179
0.030277 0.0555669 0.0081125
-0.033773 0.0531113 -0.0198875
0.067377 0.101208 -0.0062375
-0.0304284 0.095775 -0.0212875
-0.067723 0.173825 -0.000144579
-0.034473 0.0721467 -0.0300375
-0.0172885 0.15882 -0.009741
0.040427 0.119575 0.00963207
0.065627 0.0585987 0.0200125
0.093977 0.149081 -0.0055375
0.000568956 0.084225 -0.0205875
-0.0390063 0.054475 0.0025125
0.0629687 0.111525 -0.0160375
0.011027 0.151608 -0.0093875
-0.0793982 0.106275 -0.0153375
0.0350405 0.104295 0.0123336
0.068427 0.088075 0.0205865
0.0231873 0.090525 -0.0058875
0.0324705 0.118525 -0.0100875
0.0390487 0.0728201 0.0178419
-0.071923 0.169447 0.0095125
-0.016623 0.104175 0.00167239
0.0151969 0.0649443 0.00295023
0.0698274 0.063925 -0.0097375
0.041477 0.122025 -0.00192028
-0.056523 0.059025 0.0368345
-0.0176725 0.055525 -0.0037875
0.00661781 0.061825 0.0158125
0.0352615 0.104373 0.0115154
-0.043223 0.164025 -0.0368555
-0.0602364 0.154897 -0.00223448
0.00194322 0.091575 -0.0254875
-0.010673 0.122893 -0.0303875
-0.085923 0.092975 0.00217563
0.0332969 0.0997036 0.0176105
-0.087323 0.060075 -0.0296153
-0.034123 0.193092 -0.0219875
-0.061073 0.143025 0.00831557
-0.0263132 0.164375 -0.0195375
-0.024673 0.164971 -0.0212875
-0.067373 0.0727574 -0.0254875
0.043227 0.140575 -0.0339945
-0.00122017 0.137425 -0.0041375
-0.054773 0.162275 -0.0308062
-0.0171867 0.072325 -0.0296875
0.046377 0.065325 0.0218666
0.028527 0.140225 -0.0351107
-0.000522986 0.104525 -0.0331168
-0.022775 0.160525 -0.0212875
-0.101558 0.146875 -0.000637498
-0.026773 0.063575 0.0256826
-0.048473 0.055175 0.0319248
0.043227 0.150371 -0.0086875
0.0441944 0.0842866 0.0186426
-0.034473 0.094725 -0.0157914
-0.078573 0.083175 0.0123348
0.029227 0.0657739 -0.0387875
-0.033073 0.160817 -0.0391375
-0.000308573 0.081425 -0.0076375
-0.00371377 0.074425 -0.0044875
-0.0558307 0.088425 -0.0300375
0.058277 0.147161 -0.0209375
-0.038323 0.0541182 -0.0401875
-0.079273 0.061475 -0.00776375
-0.040423 0.184372 -0.0230375
-0.036223 0.185025 -0.0230768
-0.073323 0.0686356 -0.0265375
0.035877 0.0564264 -0.0478875
0.0126112 0.0812649 -0.0138515
-0.0511639 0.14096 -0.0226886
-0.050223 0.147925 -0.0292469
-0.088127 0.169997 -0.00117151
0.0382573 0.0908867 -0.00366037
-0.041473 0.188875 -0.0166591
-0.0268211 0.178708 -0.0233697
0.079277 0.130075 -0.0187467
0.017677 0.157954 -0.0191875
-0.022223 0.064275 -0.0359054
-0.0997515 0.151775 0.0091625
0.0660279 0.100325 0.0025125
0.077177 0.119225 -0.00870895
-0.093973 0.164759 -0.0086875
0.078927 0.102163 0.0102125
0.00746699 0.061125 0.0175625
0.0710909 0.143025 -0.0107875
0.039727 0.093675 -0.0337881
-0.018373 0.0813608 0.0130125
0.008577 0.0586887 0.0189625
0.0319731 0.115025 -0.0083375
0.069827 0.0577064 0.000762504
0.0277971 0.089825 -0.0345875
-0.081023 0.102425 0.00423652
0.080327 0.081075 0.00248059
-0.020473 0.148275 -0.0245929
-0.085573 0.146525 -0.00886058
0.055127 0.077925 0.0196401
0.051977 0.118175 -0.0330561
-0.00997299 0.189225 -0.0314716
-0.07991 0.152147 0.0101696
-0.048572 0.102425 -0.0181375
0.043577 0.158192 -0.0223375
-0.035523 0.0938031 -0.0023875
0.0349916 0.0666625 0.017036
0.0811859 0.099625 0.0098625
-0.0819156 0.164025 0.0098625
-0.0423923 0.059375 0.0347125
-0.0217437 0.123201 -0.0153431
-0.061073 0.171025 -0.0265683
0.00612701 0.154575 -0.0225461
-0.072273 0.149675 -0.0138503
-0.034823 0.197023 -0.0223375
0.022927 0.103125 -0.0209691
-0.087673 0.14038 -0.0044875
-0.054423 0.0577232 -0.0342375
-0.029923 0.056225 -0.0244293
0.0250072 0.064275 0.0193125
0.0304914 0.118189 -0.0191752
0.029927 0.159475 -0.0233253
-0.065973 0.0558553 -0.0156875
-0.0148663 0.159475 -0.0076375
0.0445125 0.0582679 0.00105383
-0.0280707 0.121897 -0.018036
0.030277 0.156135 -0.0268875
-0.013823 0.133705 -0.0160375
0.023977 0.097574 -0.0303875
-0.0850914 0.150394 -0.00341588
-0.00437298 0.121675 -0.0337187
-0.081373 0.174175 -0.00610316
0.0312623 0.071975 0.0252625
-0.058273 0.143025 -0.0257215
-0.042523 0.092275 -0.013958
-0.029923 0.160175 -0.04162
-0.035173 0.064625 -0.0383307
0.082777 0.097525 0.00880049
0.0603947 0.139175 -0.0149875
0.0114696 0.108725 -0.0209375
0.045677 0.083875 0.0262749
-0.0877794 0.150722 0.0107532
0.0342068 0.10889 0.00864279
0.0732358 0.063925 0.0189625
-0.090473 0.171025 0.0034253
-0.098523 0.144654 0.00531251
0.016277 0.0582193 0.0242125
-0.0397836 0.105569 -0.0116767
0.019777 0.161125 -0.0219875
-0.0382745 0.120975 -0.0034375
-0.043573 0.100675 -0.00790564
0.0431537 0.0714396 -0.00305641
0.089077 0.140391 -0.0128875
-0.026423 0.0580682 -0.0251375
0.079277 0.114675 -0.00602084
-0.087323 0.152844 0.0060125
0.012077 0.0617893 0.0259625
0.0668848 0.079325 0.0021625
-0.092923 0.144228 0.0102125
0.076827 0.088775 -0.00279851
-0.0365972 0.090525 -0.0209375
-0.101673 0.149101 0.00356251
-0.0568081 0.156234 -0.0234996
0.0401555 0.055942 -0.00643606
-0.000522986 0.126225 -0.0343352
0.023977 0.063225 -0.0440476
0.0414804 0.0780809 0.0189477
-0.0648715 0.064275 0.0357625
0.0333498 0.0932581 0.0154615
-0.057223 0.0896041 -0.0293375
0.030977 0.069875 -0.0468178
-0.0703985 0.123075 -0.0065875
0.0343774 0.064268 0.0192511
-0.033773 0.0860228 -0.0279375
0.0157679 0.0661293 0.00356309
0.0342482 0.057275 0.0207125
-0.069473 0.082825 -0.032137
-0.0717473 0.144775 0.0144125
-0.029223 0.106107 -0.0146375
-0.077173 0.164177 0.0130125
-0.0224905 0.122449 -0.0174606
-0.088373 0.0586496 -0.0212875
-0.00752299 0.118525 9.5699e-05
0.071186 0.141625 -0.0135875
0.018377 0.0572639 -0.0153375
-0.0198216 0.057275 0.0032125
0.057577 0.101725 -0.0150607
0.016627 0.119889 -0.0265375
-0.064223 0.0665237 0.0382125
-0.059323 0.172664 0.0042625
-0.0373595 0.141826 -0.00070619
-0.000172988 0.080725 -0.00935949
-0.045673 0.172075 -0.0341973
-0.0125492 0.071625 0.0182625
0.062827 0.0829905 0.0214125
-0.077173 0.17464 -0.000287496
-0.057573 0.0542438 -0.0013375
0.0762877 0.114325 -0.0139375
-0.071923 0.0803647 0.0151125
0.0396555 0.097175 0.0298125
-0.0284491 0.150375 -0.0023875
-0.034823 0.121293 -0.0212875
0.0433749 0.0807337 0.019597
0.005077 0.134275 -0.00194686
-0.044273 0.0542983 -0.0373875
0.0577981 0.102425 -0.0153375
-0.0700031 0.121675 -0.0020375
0.058977 0.147213 -0.0170875
-0.063523 0.122935 -0.0205875
-0.054423 0.128675 0.00121789
-0.0526061 0.141612 -0.0243737
-0.068773 0.107843 0.0095125
-0.064361 0.055175 0.0231625
-0.0246916 0.163675 -0.0433375
0.037277 0.133225 -0.0341513
0.015227 0.0783783 -0.0083375
-0.0823147 0.069525 0.0060125
-0.012578 0.136725 -0.0174375
-0.0500245 0.167175 -0.0335375
-0.0490595 0.094025 -0.0167375
-0.0425525 0.0565287 -0.0127397
0.010677 0.124825 -0.0341192
0.00472701 0.107675 -0.0311009
0.008577 0.141975 -0.033941
-0.046373 0.109425 -0.0210557
-0.071573 0.14323 0.0095125
0.0123793 0.070225 -0.0177875
0.048827 0.115714 -0.0020375
0.00638092 0.064975 0.0130125
-0.041123 0.163675 -0.0380255
-0.0220333 0.146525 -0.0198875
-0.094323 0.149145 0.0189625
-0.018373 0.106774 -0.0296875
-0.077173 0.083875 0.0133848
-0.086279 0.093325 -0.0093875
0.0353341 0.0617317 0.0154707
-0.028523 0.150725 -0.00235404
-0.069823 0.171725 -2.64607e-05
-0.076473 0.063538 0.0091625
-0.0396161 0.14178 0.00119705
0.0331319 0.0566321 -0.000153127
0.042096 0.0952139 0.0140973
-0.0443102 0.091575 0.0130125
0.0372461 0.10294 0.0118376
-0.103758 0.147225 0.0063625
-0.072623 0.176183 -0.0142875
0.0152441 0.072325 -0.0030875
0.053027 0.152453 -0.0177875
0.057927 0.108025 -0.0099916
-0.0697597 0.164025 -0.0202375
-0.040773 0.0612047 0.0319125
0.0330217 0.125525 -0.0083375
-0.0780627 0.063575 -0.0163875
-0.027123 0.0550281 -0.0223375
0.0758416 0.091925 -0.0044875
0.0269875 0.124797 -0.0158243
-0.037623 0.195482 -0.0205875
-0.00857299 0.072675 -0.0233132
0.0697742 0.056925 -0.000287496
-0.081023 0.171725 -0.00736984
0.035877 0.0806498 0.0014625
-0.069473 0.164058 -0.0209375
0.081027 0.093325 -0.00303625
0.054777 0.146875 -0.0226051
-0.0236032 0.148759 -0.0123367
-0.0625983 0.174525 -0.0244375
0.033777 0.118318 -0.0282875
0.059677 0.136725 -0.024451
-0.064923 0.145825 -0.0218976
0.036927 0.158425 -0.0231405
0.071227 0.069875 0.0244408
-0.025023 0.175058 -0.0408875
0.090127 0.128298 -0.0111375
0.0405364 0.066442 0.0136531
0.017327 0.0647446 0.0102125
-0.034123 0.183625 -0.000964269
-0.0417778 0.072325 0.0284125
0.0700656 0.130775 -0.0107875
